-0.105156841248,0,0
-0.10480841178716778,0.0036626062392406482,0.00050569777694573533
-0.10480841178716778,0.0015171011779257935,0.0012208624315643184
-0.10480841178716778,-0.0015171011779257931,0.0012208624315643184
-0.10480841178716778,-0.0036626062392406482,0.00050569777694573544
-0.10480841178716778,-0.0036626062392406487,-0.00050569777694573512
-0.10480841178716778,-0.0015171011779257957,-0.0012208624315643182
-0.10480841178716778,0.0015171011779257942,-0.0012208624315643182
-0.10480841178716778,0.0036626062392406474,-0.00050569777694573609
-0.10379761233757777,0.0078174880352335063,0
-0.10379761233757777,0.005988543268539725,0.001674986152192395
-0.10379761233757777,0.0013574925512513307,0.0025662276683764461
-0.10379761233757777,-0.0039087440176167514,0.0022567027380835012
-0.10379761233757777,-0.0073460358197910544,0.00089124151618405153
-0.10379761233757777,-0.0073460358197910552,-0.00089124151618405088
-0.10379761233757777,-0.0039087440176167566,-0.0022567027380835003
-0.10379761233757777,0.0013574925512513272,-0.0025662276683764466
-0.10379761233757777,0.0059885432685397233,-0.0016749861521923959
-0.1021982854000477,0.011157091503120598,0.00091665394910090412
-0.1021982854000477,0.0086011362972841284,0.0025399674744413171
-0.1021982854000477,0.0040747644206689405,0.0035814050613135547
-0.1021982854000477,-0.0013850868784868787,0.0038023859092486648
-0.1021982854000477,-0.0065276314658877458,0.0031522859690926242
-0.1021982854000477,-0.010174774350940717,0.0017800353025816016
-0.1021982854000477,-0.011490999051516631,2.1700788453502875e-18
-0.1021982854000477,-0.010174774350940724,-0.0017800353025815977
-0.1021982854000477,-0.0065276314658877484,-0.0031522859690926238
-0.1021982854000477,-0.0013850868784868868,-0.0038023859092486648
-0.1021982854000477,0.0040747644206689292,-0.0035814050613135564
-0.1021982854000477,0.0086011362972841232,-0.0025399674744413189
-0.1021982854000477,0.011157091503120595,-0.0009166539491009077
-0.10010763735834574,0.014936604243205366,0
-0.10010763735834574,0.013799622945518676,0.0019053204713824115
-0.10010763735834574,0.010561774148270276,0.0035205731727699333
-0.10010763735834574,0.0057159909796687947,0.0045998505226785159
-0.10010763735834574,9.1460322882861139e-19,0.0049788423282581176
-0.10010763735834574,-0.0057159909796687929,0.0045998505226785159
-0.10010763735834574,-0.010561774148270274,0.0035205731727699337
-0.10010763735834574,-0.013799622945518676,0.0019053204713824121
-0.10010763735834574,-0.014936604243205366,6.0973233207606594e-19
-0.10010763735834574,-0.013799622945518678,-0.0019053204713824108
-0.10010763735834574,-0.010561774148270277,-0.0035205731727699333
-0.10010763735834574,-0.0057159909796688025,-0.004599850522678515
-0.10010763735834574,-2.7438096864858336e-18,-0.0049788423282581176
-0.10010763735834574,0.0057159909796687973,-0.0045998505226785159
-0.10010763735834574,0.010561774148270272,-0.0035205731727699341
-0.10010763735834574,0.013799622945518673,-0.0019053204713824145
-0.09762075676804291,0.017914184792826689,0.00094577115214056803
-0.09762075676804291,0.016160619569840048,0.0027447347864750929
-0.09762075676804291,0.01282514030570003,0.0042750246562176797
-0.09762075676804291,0.0082342469504312153,0.0053868453267614533
-0.09762075676804291,0.0028373281322821753,0.0059713640443634728
-0.09762075676804291,-0.0028373281322821736,0.0059713640443634728
-0.09762075676804291,-0.0082342469504312118,0.0053868453267614533
-0.09762075676804291,-0.012825140305700028,0.0042750246562176797
-0.09762075676804291,-0.016160619569840048,0.0027447347864750934
-0.09762075676804291,-0.017914184792826689,0.00094577115214056868
-0.09762075676804291,-0.017914184792826689,-0.00094577115214056727
-0.09762075676804291,-0.016160619569840048,-0.0027447347864750921
-0.09762075676804291,-0.012825140305700032,-0.0042750246562176797
-0.09762075676804291,-0.008234246950431217,-0.0053868453267614524
-0.09762075676804291,-0.0028373281322821775,-0.0059713640443634719
-0.09762075676804291,0.002837328132282171,-0.0059713640443634728
-0.09762075676804291,0.00823424695043121,-0.0053868453267614533
-0.09762075676804291,0.012825140305700027,-0.0042750246562176806
-0.09762075676804291,0.016160619569840048,-0.0027447347864750938
-0.09762075676804291,0.017914184792826689,-0.00094577115214056955
-0.094819327845098694,0.021095864277074682,0
-0.094819327845098694,0.020313572403938097,0.0018971888757936014
-0.094819327845098694,0.01802471579401169,0.0036536719317311912
-0.094819327845098694,0.014399048471231444,0.0051391788549291825
-0.094819327845098694,0.0097054695946036298,0.0062435363926359655
-0.094819327845098694,0.0042920804377131012,0.0068848393983793931
-0.094819327845098694,-0.0014396326902811243,0.0070155253619895146
-0.094819327845098694,-0.0070645748475185307,0.0066259019033938693
-0.094819327845098694,-0.012165569806594945,0.0057448656121077742
-0.094819327845098694,-0.016364300106894859,0.0044377589193830766
-0.094819327845098694,-0.019349365129958059,0.0028015239490039329
-0.094819327845098694,-0.020899376258787766,0.00095751276344644331
-0.094819327845098694,-0.020899376258787766,-0.00095751276344644158
-0.094819327845098694,-0.019349365129958065,-0.0028015239490039286
-0.094819327845098694,-0.016364300106894863,-0.0044377589193830757
-0.094819327845098694,-0.012165569806594948,-0.0057448656121077734
-0.094819327845098694,-0.0070645748475185351,-0.0066259019033938684
-0.094819327845098694,-0.0014396326902811343,-0.0070155253619895146
-0.094819327845098694,0.0042920804377130873,-0.0068848393983793948
-0.094819327845098694,0.0097054695946036159,-0.0062435363926359681
-0.094819327845098694,0.014399048471231433,-0.0051391788549291868
-0.094819327845098694,0.01802471579401169,-0.0036536719317311912
-0.094819327845098694,0.020313572403938093,-0.0018971888757936021
-0.091768745711225314,0.023650272490115674,0.00095721604534728332
-0.091768745711225314,0.022275804618232874,0.0028160182188250219
-0.091768745711225314,0.019606747951193666,0.0045111636492343983
-0.091768745711225314,0.015798218360860126,0.0059441366457629544
-0.091768745711225314,0.011071553743580643,0.0070316580264973595
-0.091768745711225314,0.0057014506661846789,0.0077105250017687121
-0.091768745711225314,6.7487831643725884e-18,0.0079412842905552932
-0.091768745711225314,-0.005701450666184665,0.007710525001768713
-0.091768745711225314,-0.011071553743580639,0.0070316580264973604
-0.091768745711225314,-0.015798218360860119,0.0059441366457629562
-0.091768745711225314,-0.019606747951193656,0.0045111636492344018
-0.091768745711225314,-0.022275804618232871,0.0028160182188250241
-0.091768745711225314,-0.023650272490115674,0.0009572160453472869
-0.091768745711225314,-0.023650272490115674,-0.00095721604534728159
-0.091768745711225314,-0.022275804618232874,-0.0028160182188250193
-0.091768745711225314,-0.019606747951193666,-0.0045111636492343975
-0.091768745711225314,-0.015798218360860129,-0.0059441366457629518
-0.091768745711225314,-0.011071553743580636,-0.0070316580264973613
-0.091768745711225314,-0.0057014506661846711,-0.0077105250017687121
-0.091768745711225314,-4.3763934109531354e-18,-0.0079412842905552932
-0.091768745711225314,0.0057014506661846624,-0.007710525001768713
-0.091768745711225314,0.011071553743580646,-0.0070316580264973595
-0.091768745711225314,0.015798218360860126,-0.0059441366457629544
-0.091768745711225314,0.019606747951193663,-0.0045111636492344001
-0.091768745711225314,0.022275804618232871,-0.0028160182188250249
-0.091768745711225314,0.023650272490115674,-0.00095721604534728798
-0.088519839398940273,0.026337973253144489,0
-0.088519839398940273,0.025677625274788868,0.0019535733641758775
-0.088519839398940273,0.023729693944729787,0.0038091864024600189
-0.088519839398940273,0.020591856673709275,0.005473790928747598
-0.088519839398940273,0.016421457724963683,0.0068639167213073839
-0.088519839398940273,0.011427618315852569,0.0079098570682406329
-0.088519839398940273,0.0058607504068061414,0.0085591641530855782
-0.088519839398940273,1.6127357320246e-18,0.008779279007337824
-0.088519839398940273,-0.0058607504068061379,0.0085591641530855782
-0.088519839398940273,-0.011427618315852565,0.0079098570682406329
-0.088519839398940273,-0.01642145772496368,0.0068639167213073848
-0.088519839398940273,-0.020591856673709271,0.0054737909287475989
-0.088519839398940273,-0.023729693944729784,0.0038091864024600202
-0.088519839398940273,-0.025677625274788868,0.0019535733641758784
-0.088519839398940273,-0.026337973253144489,1.0751515935157818e-18
-0.088519839398940273,-0.025677625274788868,-0.0019535733641758762
-0.088519839398940273,-0.023729693944729787,-0.003809186402460018
-0.088519839398940273,-0.020591856673709275,-0.0054737909287475971
-0.088519839398940273,-0.016421457724963683,-0.006863916721307383
-0.088519839398940273,-0.011427618315852572,-0.0079098570682406329
-0.088519839398940273,-0.0058607504068061448,-0.0085591641530855782
-0.088519839398940273,-4.8382071960737999e-18,-0.008779279007337824
-0.088519839398940273,0.0058607504068061353,-0.0085591641530855782
-0.088519839398940273,0.011427618315852563,-0.0079098570682406347
-0.088519839398940273,0.016421457724963676,-0.0068639167213073848
-0.088519839398940273,0.020591856673709271,-0.0054737909287476006
-0.088519839398940273,0.023729693944729784,-0.003809186402460021
-0.088519839398940273,0.025677625274788868,-0.0019535733641758797
-0.085111670743456366,0.028507701071419037,0.00096631162024383478
-0.085111670743456366,0.027340592440042489,0.0028593739494619276
-0.085111670743456366,0.025054156741787393,0.0046353731732268755
-0.085111670743456366,0.021742000922785103,0.0062215996746466931
-0.085111670743456366,0.017539725031427346,0.0075531131543795519
-0.085111670743456366,0.01261937073645277,0.0085754012941189998
-0.085111670743456366,0.0071823779208147146,0.0092466114973103457
-0.085111670743456366,0.001451337709204934,0.0095392643393710855
-0.085111670743456366,-0.004339120438744638,0.0094413785785620059
-0.085111670743456366,-0.009951934486107001,0.0089569616694317178
-0.085111670743456366,-0.015157315166305496,0.0081058456971565846
-0.085111670743456366,-0.019742153582686529,0.0069228754496434321
-0.085111670743456366,-0.023518745911787816,0.0054564818678185497
-0.085111670743456366,-0.026332478019925207,0.0037666992772157782
-0.085111670743456366,-0.028068155383992065,0.0019227075756354207
-0.085111670743456366,-0.028654719168770059,1.1697242866769245e-18
-0.085111670743456366,-0.028068155383992065,-0.0019227075756354183
-0.085111670743456366,-0.02633247801992521,-0.003766699277215776
-0.085111670743456366,-0.023518745911787819,-0.0054564818678185471
-0.085111670743456366,-0.019742153582686529,-0.0069228754496434295
-0.085111670743456366,-0.015157315166305479,-0.0081058456971565881
-0.085111670743456366,-0.0099519344861069888,-0.0089569616694317195
-0.085111670743456366,-0.0043391204387446267,-0.0094413785785620076
-0.085111670743456366,0.0014513377092049459,-0.0095392643393710855
-0.085111670743456366,0.0071823779208147276,-0.009246611497310344
-0.085111670743456366,0.01261937073645278,-0.0085754012941189981
-0.085111670743456366,0.017539725031427353,-0.0075531131543795501
-0.085111670743456366,0.021742000922785106,-0.0062215996746466913
-0.085111670743456366,0.0250541567417874,-0.0046353731732268729
-0.085111670743456366,0.027340592440042492,-0.0028593739494619254
-0.085111670743456366,0.028507701071419037,-0.00096631162024383283
-0.08157426470620259,0.030790234269691956,0
-0.08157426470620259,0.030233814624852171,0.001942353336504773
-0.08157426470620259,0.028584666146034568,0.0038145049626760073
-0.08157426470620259,0.025902393356078062,0.0055487904409003896
-0.08157426470620259,0.022283940582205276,0.0070825281753581519
-0.08157426470620259,0.017860088135450716,0.0083602848882113005
-0.08157426470620259,0.012790725569475213,0.0093358791226946809
-0.08157426470620259,0.0072590728555084636,0.0099740503612880758
-0.08157426470620259,0.0014650583352137914,0.010251733432689781
-0.08157426470620259,-0.0043819072104877687,0.010158892147203148
-0.08157426470620259,-0.010070499212654422,0.0096988820307812758
-0.08157426470620259,-0.015395117134845973,0.0088883290475763183
-0.08157426470620259,-0.020163315412197742,0.0077565286942765013
-0.08157426470620259,-0.024202758935546787,0.0063443871845271426
-0.08157426470620259,-0.027367451691291848,0.0047029429917893918
-0.08157426470620259,-0.029543013437713733,0.0028915221859299282
-0.08157426470620259,-0.030650813704925926,0.00097559423448338181
-0.08157426470620259,-0.030650813704925926,-0.0009755942344833792
-0.08157426470620259,-0.02954301343771374,-0.0028915221859299213
-0.08157426470620259,-0.027367451691291851,-0.0047029429917893892
-0.08157426470620259,-0.024202758935546801,-0.0063443871845271366
-0.08157426470620259,-0.020163315412197746,-0.0077565286942765004
-0.08157426470620259,-0.015395117134845992,-0.0088883290475763148
-0.08157426470620259,-0.010070499212654434,-0.009698882030781274
-0.08157426470620259,-0.0043819072104877748,-0.010158892147203146
-0.08157426470620259,0.0014650583352137907,-0.010251733432689781
-0.08157426470620259,0.0072590728555084428,-0.0099740503612880792
-0.08157426470620259,0.012790725569475201,-0.0093358791226946826
-0.08157426470620259,0.017860088135450706,-0.0083602848882113022
-0.08157426470620259,0.022283940582205272,-0.0070825281753581527
-0.08157426470620259,0.025902393356078048,-0.0055487904409003965
-0.08157426470620259,0.028584666146034558,-0.0038145049626760129
-0.08157426470620259,0.030233814624852168,-0.0019423533365047776
-0.077930876035160371,0.032627163911884811,0.00097882757098937062
-0.077930876035160371,0.031578500018036942,0.0029050223894545057
-0.077930876035160371,0.029514877150733011,0.004737847398062189
-0.077930876035160371,0.026502621846882707,0.0064183940929823293
-0.077930876035160371,0.022638550470443702,0.007892648320681768
-0.077930876035160371,0.018046857454823262,0.0091132263372618229
-0.077930876035160371,0.012875123591601031,0.010040897760974677
-0.077930876035160371,0.0072895726624577642,0.01064584646897161
-0.077930876035160371,0.0014697288700627391,0.010908628912024142
-0.077930876035160371,-0.0043973532175130446,0.010820799046194454
-0.077930876035160371,-0.010123100754523679,0.010385179795636962
-0.077930876035160371,-0.015523483503968878,0.0096157723214933006
-0.077930876035160371,-0.020424928720831747,0.0085373060130530254
-0.077930876035160371,-0.024669899922919753,0.0071844436648344397
-0.077930876035160371,-0.028121960243023849,0.0056006673858481374
-0.077930876035160371,-0.030670157622091195,0.0038368810488362015
-0.077930876035160371,-0.032232590899694782,0.0019497741979184276
-0.077930876035160371,-0.032759042184718049,1.3372682882022937e-18
-0.077930876035160371,-0.032232590899694782,-0.0019497741979184247
-0.077930876035160371,-0.030670157622091195,-0.0038368810488361993
-0.077930876035160371,-0.028121960243023852,-0.0056006673858481357
-0.077930876035160371,-0.02466989992291976,-0.0071844436648344379
-0.077930876035160371,-0.02042492872083175,-0.0085373060130530237
-0.077930876035160371,-0.015523483503968887,-0.0096157723214932989
-0.077930876035160371,-0.010123100754523688,-0.01038517979563696
-0.077930876035160371,-0.0043973532175130533,-0.010820799046194452
-0.077930876035160371,0.0014697288700627311,-0.010908628912024142
-0.077930876035160371,0.0072895726624577564,-0.01064584646897161
-0.077930876035160371,0.012875123591601024,-0.010040897760974679
-0.077930876035160371,0.018046857454823255,-0.0091132263372618247
-0.077930876035160371,0.022638550470443698,-0.007892648320681768
-0.077930876035160371,0.026502621846882703,-0.0064183940929823319
-0.077930876035160371,0.029514877150733008,-0.0047378473980621916
-0.077930876035160371,0.031578500018036942,-0.0029050223894545083
-0.077930876035160371,0.032627163911884811,-0.00097882757098937344
-0.074199702299352785,0.034574004006486442,0
-0.074199702299352785,0.034076688433218455,0.0019476682720866562
-0.074199702299352785,0.032599048576997226,0.0038393056740960757
-0.074199702299352785,0.030183593446154126,0.0056204932420679974
-0.074199702299352785,0.02689981128699543,0.0072399894526719065
-0.074199702299352785,0.022842170533473,0.0086512043485380621
-0.074199702299352785,0.018127402122337752,0.0098135398465048866
-0.074199702299352785,0.012891141356620813,0.010693557670554786
-0.074199702299352785,0.0072840259249158839,0.011265941310134267
-0.074199702299352785,0.0014673623293437422,0.011514224330068894
-0.074199702299352785,-0.004391514608823751,0.01143126407992291
-0.074199702299352785,-0.010124055667305914,0.01101944717504766
-0.074199702299352785,-0.01556534607706144,0.010290620838003259
-0.074199702299352785,-0.020558849819934166,0.0092657520755357013
-0.074199702299352785,-0.02496091288489103,0.0079743244959673207
-0.074199702299352785,-0.028644895932369272,0.0064534901194660205
-0.074199702299352785,-0.031504817477503992,0.0047470005820675698
-0.074199702299352785,-0.033458402784487716,0.0029039484807652379
-0.074199702299352785,-0.034449450760922339,0.00097735506887698079
-0.074199702299352785,-0.034449450760922339,-0.00097735506887697298
-0.074199702299352785,-0.033458402784487723,-0.0029039484807652301
-0.074199702299352785,-0.031504817477503992,-0.0047470005820675672
-0.074199702299352785,-0.028644895932369276,-0.0064534901194660196
-0.074199702299352785,-0.024960912884891037,-0.0079743244959673172
-0.074199702299352785,-0.020558849819934159,-0.0092657520755357013
-0.074199702299352785,-0.015565346077061447,-0.010290620838003257
-0.074199702299352785,-0.010124055667305914,-0.01101944717504766
-0.074199702299352785,-0.0043915146088237744,-0.011431264079922909
-0.074199702299352785,0.0014673623293437338,-0.011514224330068896
-0.074199702299352785,0.0072840259249158604,-0.011265941310134269
-0.074199702299352785,0.012891141356620806,-0.010693557670554788
-0.074199702299352785,0.018127402122337731,-0.0098135398465048918
-0.074199702299352785,0.022842170533472986,-0.0086512043485380656
-0.074199702299352785,0.02689981128699543,-0.0072399894526719065
-0.074199702299352785,0.030183593446154119,-0.0056204932420680018
-0.074199702299352785,0.032599048576997226,-0.003839305674096077
-0.074199702299352785,0.034076688433218448,-0.0019476682720866632
-0.070395151152043534,0.036128836018024857,0.0009722020279483933
-0.070395151152043534,0.035193118142762186,0.0028914265619955394
-0.070395151152043534,0.033345916993696163,0.0047357646668834755
-0.070395151152043534,0.030635074110297499,0.0064574489544818262
-0.070395151152043534,0.027130798899305978,0.0080118887061009295
-0.070395151152043534,0.022923850247975226,0.0093588247486834728
-0.070395151152043534,0.018123185916566281,0.010463372146239514
-0.070395151152043534,0.012853140589589713,0.011296923701364396
-0.070395151152043534,0.0072502056727868159,0.011837890866624862
-0.070395151152043534,0.0014594942374165109,0.012072262876597647
-0.070395151152043534,-0.0043690173320658403,0.011993969619334403
-0.070395151152043534,-0.010084373647586882,0.011605038849072696
-0.070395151152043534,-0.015538549982713101,0.010915543668466369
-0.070395151152043534,-0.020590286035311742,0.0099433416405179734
-0.070395151152043534,-0.025108744495175302,0.0087136122870771545
-0.070395151152043534,-0.02897689966163031,0.0072582049524509305
-0.070395151152043534,-0.032094568347714,0.0056148139221158227
-0.070395151152043534,-0.03438100457209279,0.0038260021605239338
-0.070395151152043534,-0.035776990837564936,0.0019380989526809245
-0.070395151152043534,-0.036246371833132555,1.4796257882487352e-18
-0.070395151152043534,-0.035776990837564943,-0.001938098952680916
-0.070395151152043534,-0.03438100457209279,-0.0038260021605239307
-0.070395151152043534,-0.032094568347714007,-0.0056148139221158201
-0.070395151152043534,-0.028976899661630327,-0.0072582049524509236
-0.070395151152043534,-0.025108744495175309,-0.0087136122870771545
-0.070395151152043534,-0.020590286035311774,-0.0099433416405179664
-0.070395151152043534,-0.015538549982713139,-0.010915543668466362
-0.070395151152043534,-0.010084373647586907,-0.011605038849072692
-0.070395151152043534,-0.0043690173320658655,-0.011993969619334403
-0.070395151152043534,0.0014594942374164942,-0.012072262876597649
-0.070395151152043534,0.0072502056727867751,-0.011837890866624866
-0.070395151152043534,0.012853140589589682,-0.011296923701364399
-0.070395151152043534,0.018123185916566253,-0.010463372146239519
-0.070395151152043534,0.022923850247975202,-0.0093588247486834798
-0.070395151152043534,0.027130798899305961,-0.0080118887061009347
-0.070395151152043534,0.030635074110297471,-0.0064574489544818392
-0.070395151152043534,0.033345916993696149,-0.0047357646668834885
-0.070395151152043534,0.035193118142762173,-0.0028914265619955502
-0.070395151152043534,0.036128836018024857,-0.00097220202794840252
-0.066528768955907938,0.037785931808373953,0
-0.066528768955907938,0.037343096700515159,0.0019226552031936179
-0.066528768955907938,0.036024971056537361,0.0038002449979913618
-0.066528768955907938,0.033862450624343912,0.0055887602709744875
-0.066528768955907938,0.030906223049998089,0.0072462797400195218
-0.066528768955907938,0.027225579802260268,0.0087339525536204062
-0.066528768955907938,0.022906792039288856,0.010016908921919343
-0.066528768955907938,0.01805108848581314,0.011065077435026799
-0.066528768955907938,0.012772282717623113,0.011853889911381969
-0.066528768955907938,0.0071941054678168418,0.012364857255105543
-0.066528768955907938,0.0014473044832859804,0.012586002824736476
-0.066528768955907938,-0.0043334200916547074,0.012512143155556913
-0.066528768955907938,-0.010012572972483555,0.012145009455611873
-0.066528768955907938,-0.015457039629100717,0.011493207027659968
-0.066528768955907938,-0.020539206377591053,0.010572013568170273
-0.066528768955907938,-0.025139951536814715,0.0094030210710658573
-0.066528768955907938,-0.029151437539650289,0.0080136297296867515
-0.066528768955907938,-0.032479638554169181,0.0064364056994813878
-0.066528768955907938,-0.035046544369443447,0.0047083177749246826
-0.066528768955907938,-0.036791988888771533,0.0028698708723088329
-0.066528768955907938,-0.03767506037199056,0.00096415662883582583
-0.066528768955907938,-0.03767506037199056,-0.00096415662883582833
-0.066528768955907938,-0.036791988888771526,-0.0028698708723088407
-0.066528768955907938,-0.03504654436944344,-0.0047083177749246852
-0.066528768955907938,-0.032479638554169181,-0.0064364056994813904
-0.066528768955907938,-0.029151437539650285,-0.0080136297296867533
-0.066528768955907938,-0.025139951536814708,-0.009403021071065859
-0.066528768955907938,-0.020539206377591032,-0.010572013568170278
-0.066528768955907938,-0.015457039629100692,-0.011493207027659972
-0.066528768955907938,-0.010012572972483546,-0.012145009455611873
-0.066528768955907938,-0.0043334200916546831,-0.012512143155556914
-0.066528768955907938,0.0014473044832859795,-0.012586002824736476
-0.066528768955907938,0.0071941054678168496,-0.012364857255105543
-0.066528768955907938,0.012772282717623136,-0.011853889911381966
-0.066528768955907938,0.01805108848581315,-0.011065077435026797
-0.066528768955907938,0.02290679203928887,-0.010016908921919339
-0.066528768955907938,0.027225579802260265,-0.0087339525536204079
-0.066528768955907938,0.030906223049998093,-0.0072462797400195192
-0.066528768955907938,0.033862450624343919,-0.0055887602709744815
-0.066528768955907938,0.036024971056537361,-0.0038002449979913618
-0.066528768955907938,0.037343096700515159,-0.001922655203193614
-0.062609925653179591,0.039091557327344165,0.00097649736041564145
-0.062609925653179591,0.038218316533505249,0.0029076787438285529
-0.062609925653179591,0.036491341702174808,0.0047739073888988228
-0.062609925653179591,0.033949210597344764,0.0065334948315455841
-0.062609925653179591,0.030648710227151814,0.008147134795930832
-0.062609925653179591,0.026663568315953387,0.0095787812317099739
-0.062609925653179591,0.022082806348796884,0.010796453523232222
-0.062609925653179591,0.017008750978547274,0.011772950883647866
-0.062609925653179591,0.011554748217551857,0.012486459975538529
-0.062609925653179591,0.0058426314750229958,0.012921042184829656
-0.062609925653179591,-6.3040292191961223e-18,0.01306698966309117
-0.062609925653179591,-0.0058426314750229993,0.012921042184829656
-0.062609925653179591,-0.011554748217551862,0.012486459975538527
-0.062609925653179591,-0.017008750978547277,0.011772950883647864
-0.062609925653179591,-0.022082806348796884,0.010796453523232224
-0.062609925653179591,-0.026663568315953384,0.0095787812317099756
-0.062609925653179591,-0.03064871022715181,0.0081471347959308337
-0.062609925653179591,-0.033949210597344764,0.0065334948315455841
-0.062609925653179591,-0.036491341702174808,0.0047739073888988263
-0.062609925653179591,-0.038218316533505249,0.0029076787438285547
-0.062609925653179591,-0.039091557327344165,0.00097649736041564112
-0.062609925653179591,-0.039091557327344165,-0.00097649736041563787
-0.062609925653179591,-0.038218316533505249,-0.0029076787438285516
-0.062609925653179591,-0.036491341702174808,-0.0047739073888988228
-0.062609925653179591,-0.033949210597344771,-0.0065334948315455823
-0.062609925653179591,-0.030648710227151821,-0.0081471347959308302
-0.062609925653179591,-0.026663568315953387,-0.0095787812317099739
-0.062609925653179591,-0.02208280634879688,-0.010796453523232224
-0.062609925653179591,-0.017008750978547257,-0.011772950883647869
-0.062609925653179591,-0.011554748217551846,-0.012486459975538529
-0.062609925653179591,-0.0058426314750229915,-0.012921042184829656
-0.062609925653179591,2.7616496352371224e-17,-0.01306698966309117
-0.062609925653179591,0.0058426314750230123,-0.012921042184829656
-0.062609925653179591,0.011554748217551866,-0.012486459975538527
-0.062609925653179591,0.017008750978547305,-0.011772950883647861
-0.062609925653179591,0.022082806348796898,-0.010796453523232221
-0.062609925653179591,0.026663568315953391,-0.0095787812317099721
-0.062609925653179591,0.030648710227151831,-0.0081471347959308268
-0.062609925653179591,0.033949210597344771,-0.0065334948315455806
-0.062609925653179591,0.036491341702174808,-0.004773907388898822
-0.062609925653179591,0.038218316533505256,-0.0029076787438285451
-0.062609925653179591,0.039091557327344165,-0.0009764973604156369
-0.05864631939200167,0.040499446765323237,0
-0.05864631939200167,0.040067859067983519,0.001965578747027504
-0.05864631939200167,0.038782294518432084,0.0038892645956020923
-0.05864631939200167,0.036670152693109442,0.0057300575216690059
-0.05864631939200167,0.033776450228026854,0.007448724219902174
-0.05864631939200167,0.030162861367325385,0.0090086342934923257
-0.05864631939200167,0.02590640348383778,0.010376540967459099
-0.05864631939200167,0.021097795587500294,0.011523289685938371
-0.05864631939200167,0.015839524807157696,0.012424439490923794
-0.05864631939200167,0.010243662055345017,0.013060783938853538
-0.05864631939200167,0.0044294734313587948,0.013418760452609532
-0.05864631939200167,-0.0014791217285855664,0.013490739384302071
-0.05864631939200167,-0.0073561919768626322,0.013275186627968366
-0.05864631939200167,-0.013076477764607203,0.012776696316377706
-0.05864631939200167,-0.018518061131528922,0.012005892905067581
-0.05864631939200167,-0.023564964175568026,0.010979204730519552
-0.05864631939200167,-0.028109620920522632,0.0097185138686892124
-0.05864631939200167,-0.032055169898080854,0.0082506897565477605
-0.05864631939200167,-0.035317518581851774,0.0066070165166823265
-0.05864631939200167,-0.037827135673568185,0.0048225261905369956
-0.05864631939200167,-0.039530533041992437,0.0029352520912702719
-0.05864631939200167,-0.040391405729570264,0.00098541818971669315
-0.05864631939200167,-0.040391405729570264,-0.00098541818971669575
-0.05864631939200167,-0.039530533041992437,-0.0029352520912702745
-0.05864631939200167,-0.037827135673568192,-0.004822526190536993
-0.05864631939200167,-0.035317518581851774,-0.0066070165166823291
-0.05864631939200167,-0.032055169898080854,-0.0082506897565477588
-0.05864631939200167,-0.028109620920522625,-0.0097185138686892159
-0.05864631939200167,-0.023564964175568023,-0.010979204730519552
-0.05864631939200167,-0.018518061131528932,-0.012005892905067579
-0.05864631939200167,-0.013076477764607186,-0.012776696316377708
-0.05864631939200167,-0.0073561919768626244,-0.013275186627968366
-0.05864631939200167,-0.0014791217285855581,-0.013490739384302071
-0.05864631939200167,0.0044294734313587948,-0.013418760452609532
-0.05864631939200167,0.010243662055345009,-0.013060783938853538
-0.05864631939200167,0.015839524807157713,-0.012424439490923792
-0.05864631939200167,0.021097795587500301,-0.011523289685938369
-0.05864631939200167,0.02590640348383778,-0.010376540967459099
-0.05864631939200167,0.030162861367325378,-0.0090086342934923257
-0.05864631939200167,0.033776450228026868,-0.007448724219902168
-0.05864631939200167,0.036670152693109449,-0.0057300575216690025
-0.05864631939200167,0.038782294518432084,-0.0038892645956020901
-0.05864631939200167,0.040067859067983519,-0.0019655787470275049
-0.05464434297783767,0.041585584644750005,0.00096931077196047214
-0.05464434297783767,0.040776168542541381,0.0028890657842798669
-0.05464434297783767,0.039173090701856435,0.0047525884173718752
-0.05464434297783767,0.036807553209390095,0.0065236073229089407
-0.05464434297783767,0.033725598561674203,0.0081676516323989281
-0.05464434297783767,0.029987213500255089,0.0096527218934303015
-0.05464434297783767,0.025665161438003306,0.01094991290261447
-0.05464434297783767,0.020843566202049219,0.012033976312490565
-0.05464434297783767,0.015616274659177394,0.0128838120618892
-0.05464434297783767,0.010085030093313827,0.01348287906462217
-0.05464434297783767,0.0043574918882356107,0.013819517162909892
-0.05464434297783767,-0.0014548599398735544,0.013887174079089359
-0.05464434297783767,-0.0072388945741317431,0.013684532948245736
-0.05464434297783767,-0.012882032359624982,0.013215537949490028
-0.05464434297783767,-0.018274436038332748,0.012489317536999106
-0.05464434297783767,-0.023311148606417257,0.011520006765038636
-0.05464434297783767,-0.027894136182916401,0.010326472165210161
-0.05464434297783767,-0.031934196127724697,0.0089319445308738595
-0.05464434297783767,-0.035352693269516539,0.0073635667561804197
-0.05464434297783767,-0.038083090449909811,0.0056518655305109623
-0.05464434297783767,-0.040072243593568917,0.0038301571711918691
-0.05464434297783767,-0.041281436097180706,0.0019338991592747292
-0.05464434297783767,-0.041687132404098444,1.7017249733906072e-18
-0.05464434297783767,-0.041281436097180699,-0.0019338991592747318
-0.05464434297783767,-0.040072243593568917,-0.0038301571711918721
-0.05464434297783767,-0.038083090449909811,-0.0056518655305109649
-0.05464434297783767,-0.035352693269516532,-0.0073635667561804214
-0.05464434297783767,-0.031934196127724697,-0.0089319445308738595
-0.05464434297783767,-0.027894136182916394,-0.010326472165210163
-0.05464434297783767,-0.023311148606417254,-0.011520006765038638
-0.05464434297783767,-0.018274436038332759,-0.012489317536999105
-0.05464434297783767,-0.012882032359624982,-0.013215537949490028
-0.05464434297783767,-0.0072388945741317353,-0.013684532948245736
-0.05464434297783767,-0.0014548599398735464,-0.013887174079089359
-0.05464434297783767,0.0043574918882356281,-0.013819517162909892
-0.05464434297783767,0.010085030093313819,-0.013482879064622172
-0.05464434297783767,0.015616274659177394,-0.0128838120618892
-0.05464434297783767,0.020843566202049225,-0.012033976312490563
-0.05464434297783767,0.025665161438003313,-0.010949912902614467
-0.05464434297783767,0.029987213500255076,-0.009652721893430305
-0.05464434297783767,0.033725598561674196,-0.0081676516323989316
-0.05464434297783767,0.036807553209390095,-0.0065236073229089407
-0.05464434297783767,0.039173090701856435,-0.0047525884173718743
-0.05464434297783767,0.040776168542541381,-0.0028890657842798621
-0.05464434297783767,0.041585584644750005,-0.0009693107719604768
-0.050609375081495274,0.04276975288198686,0
-0.050609375081495274,0.042371393095631239,0.0019412612697957455
-0.050609375081495274,0.041183734425658508,0.0038463605151425736
-0.050609375081495274,0.039228900705953772,0.0056798093416858724
-0.050609375081495274,0.036543306790027673,0.0074074540668055411
-0.050609375081495274,0.033176980211195112,0.0089971119381019541
-0.050609375081495274,0.029192629264285223,0.010419170637181058
-0.050609375081495274,0.024664474868757447,0.011647139901117397
-0.050609375081495274,0.019676867973403341,0.012658144985930911
-0.050609375081495274,0.014322718257768681,0.013433352779786604
-0.050609375081495274,0.0087017634006154483,0.013958322628234422
-0.050609375081495274,0.0029187111556773764,0.014223275336278877
-0.050609375081495274,-0.0029187111556773708,0.014223275336278877
-0.050609375081495274,-0.0087017634006154344,0.013958322628234423
-0.050609375081495274,-0.014322718257768678,0.013433352779786606
-0.050609375081495274,-0.019676867973403334,0.012658144985930911
-0.050609375081495274,-0.024664474868757447,0.011647139901117399
-0.050609375081495274,-0.029192629264285216,0.010419170637181062
-0.050609375081495274,-0.033176980211195098,0.0089971119381019576
-0.050609375081495274,-0.036543306790027666,0.0074074540668055463
-0.050609375081495274,-0.039228900705953758,0.0056798093416858776
-0.050609375081495274,-0.041183734425658508,0.0038463605151425736
-0.050609375081495274,-0.042371393095631239,0.0019412612697957462
-0.050609375081495274,-0.04276975288198686,1.7459190015638105e-18
-0.050609375081495274,-0.042371393095631239,-0.0019412612697957427
-0.050609375081495274,-0.041183734425658508,-0.0038463605151425706
-0.050609375081495274,-0.039228900705953772,-0.005679809341685868
-0.050609375081495274,-0.036543306790027687,-0.0074074540668055367
-0.050609375081495274,-0.033176980211195105,-0.0089971119381019541
-0.050609375081495274,-0.029192629264285223,-0.010419170637181058
-0.050609375081495274,-0.02466447486875745,-0.011647139901117397
-0.050609375081495274,-0.019676867973403362,-0.012658144985930908
-0.050609375081495274,-0.014322718257768687,-0.013433352779786604
-0.050609375081495274,-0.0087017634006154344,-0.013958322628234423
-0.050609375081495274,-0.0029187111556773912,-0.014223275336278877
-0.050609375081495274,0.0029187111556773756,-0.014223275336278877
-0.050609375081495274,0.0087017634006154188,-0.013958322628234425
-0.050609375081495274,0.014322718257768673,-0.013433352779786606
-0.050609375081495274,0.019676867973403313,-0.012658144985930916
-0.050609375081495274,0.024664474868757443,-0.0116471399011174
-0.050609375081495274,0.029192629264285199,-0.010419170637181065
-0.050609375081495274,0.033176980211195098,-0.0089971119381019593
-0.050609375081495274,0.036543306790027673,-0.0074074540668055411
-0.050609375081495274,0.039228900705953758,-0.0056798093416858784
-0.050609375081495274,0.041183734425658508,-0.0038463605151425754
-0.050609375081495274,0.042371393095631232,-0.0019412612697957542
-0.04654598427051055,0.043654392542578017,0.00097410087574021438
-0.04654598427051055,0.04287537887346396,0.0029049197740161807
-0.04654598427051055,0.041331253052616347,0.0047839003101060023
-0.04654598427051055,0.039049570041889234,0.0065775120318292777
-0.04654598427051055,0.036071046528663123,0.0082537478955204101
-0.04654598427051055,0.032448834335594055,0.0097826954324810606
-0.04654598427051055,0.028247571925079165,0.01113707053769273
-0.04654598427051055,0.023542230924363829,0.012292704355317171
-0.04654598427051055,0.018416778255077419,0.013228974572501408
-0.04654598427051055,0.012962677741527571,0.013929173425039132
-0.04654598427051055,0.0072772579365886275,0.014380805847818786
-0.04654598427051055,0.0014619752913698277,0.014575812449556498
-0.04654598427051055,-0.0043793963375583136,0.014510713332824469
-0.04654598427051055,-0.0101426175350929,0.014186670192903006
-0.04654598427051055,-0.015724843482430674,0.013609465587300733
-0.04654598427051055,-0.021026459225296029,0.012789399745878853
-0.04654598427051055,-0.025952857305159904,0.011741106763005259
-0.04654598427051055,-0.030416126031578599,0.010483293451793855
-0.04654598427051055,-0.03433661826839237,0.0090384055205813552
-0.04654598427051055,-0.037644372738757086,0.0074322270287302782
-0.04654598427051055,-0.040280362485786939,0.0056934202694787833
-0.04654598427051055,-0.042197548209998416,0.0038530142906388161
-0.04654598427051055,-0.043361717686724005,0.0019438511805027899
-0.04654598427051055,-0.04375209628407184,1.7860195842464698e-18
-0.04654598427051055,-0.043361717686724012,-0.0019438511805027862
-0.04654598427051055,-0.042197548209998423,-0.0038530142906388126
-0.04654598427051055,-0.040280362485786939,-0.0056934202694787868
-0.04654598427051055,-0.037644372738757079,-0.0074322270287302816
-0.04654598427051055,-0.034336618268392377,-0.0090384055205813517
-0.04654598427051055,-0.030416126031578603,-0.010483293451793852
-0.04654598427051055,-0.025952857305159928,-0.011741106763005254
-0.04654598427051055,-0.021026459225296053,-0.012789399745878848
-0.04654598427051055,-0.015724843482430705,-0.01360946558730073
-0.04654598427051055,-0.010142617535092921,-0.014186670192903005
-0.04654598427051055,-0.0043793963375583335,-0.014510713332824469
-0.04654598427051055,0.0014619752913698073,-0.014575812449556498
-0.04654598427051055,0.0072772579365886162,-0.014380805847818786
-0.04654598427051055,0.01296267774152756,-0.013929173425039132
-0.04654598427051055,0.018416778255077409,-0.01322897457250141
-0.04654598427051055,0.023542230924363822,-0.012292704355317173
-0.04654598427051055,0.028247571925079162,-0.01113707053769273
-0.04654598427051055,0.032448834335594035,-0.0097826954324810693
-0.04654598427051055,0.036071046528663095,-0.0082537478955204205
-0.04654598427051055,0.039049570041889213,-0.0065775120318292898
-0.04654598427051055,0.041331253052616333,-0.0047839003101060127
-0.04654598427051055,0.042875378873463946,-0.0029049197740161916
-0.04654598427051055,0.043654392542578017,-0.0009741008757402249
-0.042458097751925689,0.044638307833422521,0
-0.042458097751925689,0.044256420921869065,0.0019421460705619769
-0.042458097751925689,0.04311729437814444,0.0038510614833920198
-0.042458097751925689,0.041240418973237304,0.005694084166525267
-0.042458097751925689,0.038657908565693809,0.0074396794908708833
-0.042458097751925689,0.035413950624594168,0.0090579798364588595
-0.042458097751925689,0.031564050169705649,0.010521295635698567
-0.042458097751925689,0.027174080065205462,0.011804589149557223
-0.042458097751925689,0.022319153916711264,0.012885902870216528
-0.042458097751925689,0.017082340856663606,0.0137467352201192
-0.042458097751925689,0.011553244208438798,0.014372357119090585
-0.042458097751925689,0.0058264683486431478,0.014752064002984127
-0.042458097751925689,2.7333080403777556e-18,0.014879358981741768
-0.042458097751925689,-0.005826468348643133,0.014752064002984129
-0.042458097751925689,-0.011553244208438783,0.014372357119090587
-0.042458097751925689,-0.017082340856663592,0.013746735220119202
-0.042458097751925689,-0.022319153916711253,0.01288590287021653
-0.042458097751925689,-0.027174080065205448,0.011804589149557227
-0.042458097751925689,-0.031564050169705649,0.010521295635698568
-0.042458097751925689,-0.035413950624594161,0.0090579798364588647
-0.042458097751925689,-0.038657908565693802,0.0074396794908708893
-0.042458097751925689,-0.041240418973237304,0.0056940841665252687
-0.042458097751925689,-0.043117294378144433,0.0038510614833920237
-0.042458097751925689,-0.044256420921869065,0.0019421460705619832
-0.042458097751925689,-0.044638307833422521,1.8221959350354477e-18
-0.042458097751925689,-0.044256420921869072,-0.0019421460705619732
-0.042458097751925689,-0.043117294378144447,-0.0038510614833920142
-0.042458097751925689,-0.041240418973237318,-0.0056940841665252592
-0.042458097751925689,-0.038657908565693816,-0.0074396794908708807
-0.042458097751925689,-0.035413950624594175,-0.009057979836458856
-0.042458097751925689,-0.031564050169705662,-0.010521295635698561
-0.042458097751925689,-0.027174080065205473,-0.01180458914955722
-0.042458097751925689,-0.022319153916711281,-0.012885902870216525
-0.042458097751925689,-0.01708234085666363,-0.013746735220119197
-0.042458097751925689,-0.011553244208438822,-0.014372357119090585
-0.042458097751925689,-0.0058264683486431825,-0.014752064002984126
-0.042458097751925689,-8.1999241211332663e-18,-0.014879358981741768
-0.042458097751925689,0.0058264683486431278,-0.014752064002984129
-0.042458097751925689,0.011553244208438769,-0.014372357119090589
-0.042458097751925689,0.017082340856663578,-0.013746735220119204
-0.042458097751925689,0.022319153916711229,-0.012885902870216535
-0.042458097751925689,0.027174080065205428,-0.011804589149557232
-0.042458097751925689,0.031564050169705642,-0.01052129563569857
-0.042458097751925689,0.035413950624594154,-0.0090579798364588647
-0.042458097751925689,0.038657908565693795,-0.0074396794908708911
-0.042458097751925689,0.041240418973237297,-0.0056940841665252765
-0.042458097751925689,0.043117294378144426,-0.0038510614833920324
-0.042458097751925689,0.044256420921869058,-0.0019421460705619919
-0.038349128323256473,0.045338624596979231,0.00097027374026426396
-0.038349128323256473,0.044594165634550764,0.0028948893528023185
-0.038349128323256473,0.043117471705275225,0.0047719709622008949
-0.038349128323256473,0.040932790082645915,0.0065706969403283907
-0.038349128323256473,0.038075993178507621,0.0082615322563524152
-0.038349128323256473,0.034593989519045888,0.0098167134411295213
-0.038349128323256473,0.030543953508083876,0.011210704462600973
-0.038349128323256473,0.025992386624952294,0.01242061602673317
-0.038349128323256473,0.021014025472037325,0.013426581419092871
-0.038349128323256473,0.015690614601835587,0.014212082715748947
-0.038349128323256473,0.010109564273662166,0.014764222007126661
-0.038349128323256473,0.0043625151796091929,0.015073933181326304
-0.038349128323256473,-0.0014561662930847122,0.015136130789429944
-0.038349128323256473,-0.0072509375555040558,0.014949793548432067
-0.038349128323256473,-0.012926648623725022,0.014517981110678285
-0.038349128323256473,-0.018390104478920904,0.013847783824458421
-0.038349128323256473,-0.023551595326994794,0.012950206310683592
-0.038349128323256473,-0.028326369630918419,0.011839986767315121
-0.038349128323256473,-0.032636025728627116,0.010535354968561436
-0.038349128323256473,-0.036409799186143392,0.0090577329324895827
-0.038349128323256473,-0.039585724747626422,0.0074313831720807929
-0.038349128323256473,-0.042111653803159871,0.0056830103054381085
-0.038349128323256473,-0.043946110667484932,0.0038413225666954352
-0.038349128323256473,-0.045058973609605694,0.0019365604176067185
-0.038349128323256473,-0.045431969450779298,1.8545942727667528e-18
-0.038349128323256473,-0.045058973609605694,-0.0019365604176067152
-0.038349128323256473,-0.043946110667484932,-0.0038413225666954322
-0.038349128323256473,-0.042111653803159871,-0.005683010305438105
-0.038349128323256473,-0.039585724747626429,-0.0074313831720807895
-0.038349128323256473,-0.036409799186143399,-0.009057732932489581
-0.038349128323256473,-0.03263602572862713,-0.010535354968561434
-0.038349128323256473,-0.028326369630918422,-0.011839986767315118
-0.038349128323256473,-0.023551595326994818,-0.012950206310683587
-0.038349128323256473,-0.018390104478920925,-0.013847783824458417
-0.038349128323256473,-0.012926648623725062,-0.01451798111067828
-0.038349128323256473,-0.007250937555504087,-0.014949793548432065
-0.038349128323256473,-0.0014561662930847635,-0.015136130789429943
-0.038349128323256473,0.0043625151796091608,-0.015073933181326304
-0.038349128323256473,0.010109564273662105,-0.014764222007126664
-0.038349128323256473,0.015690614601835549,-0.014212082715748952
-0.038349128323256473,0.021014025472037269,-0.013426581419092882
-0.038349128323256473,0.025992386624952266,-0.012420616026733179
-0.038349128323256473,0.030543953508083855,-0.011210704462600979
-0.038349128323256473,0.034593989519045854,-0.0098167134411295352
-0.038349128323256473,0.038075993178507607,-0.0082615322563524239
-0.038349128323256473,0.040932790082645894,-0.0065706969403284063
-0.038349128323256473,0.043117471705275211,-0.0047719709622009053
-0.038349128323256473,0.04459416563455075,-0.0028948893528023376
-0.038349128323256473,0.045338624596979231,-0.00097027374026427741
-0.034222073969532467,0.046136166019097126,0
-0.034222073969532467,0.045757388733831922,0.0019665771484881785
-0.034222073969532467,0.044627276390588479,0.0039008631545671404
-0.034222073969532467,0.042764385402799227,0.0057710970954932932
-0.034222073969532467,0.040199304388981262,0.0075465697816620375
-0.034222073969532467,0.03697415190846598,0.009198128000652072
-0.034222073969532467,0.033141884875819289,0.010698653212167376
-0.034222073969532467,0.028765429009768504,0.012023506833719125
-0.034222073969532467,0.023916645594640535,0.013150934805468991
-0.034222073969532467,0.018675151520059927,0.014062424791290275
-0.034222073969532467,0.013127011973822364,0.01474301015081529
-0.034222073969532467,0.0073633272538904627,0.015181515691256435
-0.034222073969532467,0.0014787369040198603,0.015370741163762802
-0.034222073969532467,-0.00443013426493286,0.01530757949130726
-0.034222073969532467,-0.010266262751733065,0.014993067786805332
-0.034222073969532467,-0.015933819487975957,0.014432370323749791
-0.034222073969532467,-0.0213397433487405,0.013634693738982693
-0.034222073969532467,-0.026395269213687775,0.012613135859972953
-0.034222073969532467,-0.031017385487882899,0.01138447063885142
-0.034222073969532467,-0.035130197149888895,0.0099688727245806283
-0.034222073969532467,-0.038666171945920431,0.0083895861957765817
-0.034222073969532467,-0.04156724926758399,0.00667254289358051
-0.034222073969532467,-0.043785793505462446,0.0048459366215442556
-0.034222073969532467,-0.045285376224504813,0.002939760204155394
-0.034222073969532467,-0.046041374317922601,0.00098531300548835828
-0.034222073969532467,-0.046041374317922601,-0.00098531300548834787
-0.034222073969532467,-0.045285376224504813,-0.0029397602041553836
-0.034222073969532467,-0.04378579350546246,-0.0048459366215442452
-0.034222073969532467,-0.041567249267583997,-0.0066725428935805065
-0.034222073969532467,-0.038666171945920452,-0.0083895861957765747
-0.034222073969532467,-0.035130197149888916,-0.0099688727245806196
-0.034222073969532467,-0.03101738548788292,-0.011384470638851413
-0.034222073969532467,-0.026395269213687799,-0.012613135859972948
-0.034222073969532467,-0.02133974334874051,-0.013634693738982691
-0.034222073969532467,-0.015933819487975988,-0.014432370323749787
-0.034222073969532467,-0.010266262751733077,-0.014993067786805332
-0.034222073969532467,-0.0044301342649329016,-0.015307579491307259
-0.034222073969532467,0.0014787369040198386,-0.015370741163762802
-0.034222073969532467,0.0073633272538904211,-0.015181515691256437
-0.034222073969532467,0.013127011973822333,-0.014743010150815293
-0.034222073969532467,0.018675151520059878,-0.014062424791290282
-0.034222073969532467,0.023916645594640507,-0.013150934805468997
-0.034222073969532467,0.028765429009768494,-0.012023506833719126
-0.034222073969532467,0.033141884875819261,-0.010698653212167385
-0.034222073969532467,0.036974151908465966,-0.0091981280006520772
-0.034222073969532467,0.040199304388981241,-0.0075465697816620497
-0.034222073969532467,0.042764385402799213,-0.005771097095493301
-0.034222073969532467,0.044627276390588465,-0.003900863154567156
-0.034222073969532467,0.045757388733831915,-0.0019665771484881881
-0.030079596314671782,0.046661282972604579,0.00097855463575886783
-0.030079596314671782,0.04592540666602727,0.0029202315161104813
-0.030079596314671782,0.04446525926181856,0.0048158546009912815
-0.030079596314671782,0.042303868156792615,0.0066355287819623594
-0.030079596314671782,0.039475319779828148,0.0083505567101691304
-0.030079596314671782,0.03602422202852279,0.009933891370675749
-0.030079596314671782,0.032005000776000492,0.011360562630047755
-0.030079596314671782,0.027481041542379927,0.012608071030272741
-0.030079596314671782,0.022523689867257543,0.013656742618653768
-0.030079596314671782,0.017211126147928375,0.014490039217796026
-0.030079596314671782,0.011627132687817976,0.015094819242543777
-0.030079596314671782,0.0058597723995082816,0.015461544950628682
-0.030079596314671782,-7.5185427277471098e-18,0.015584432858562916
-0.030079596314671782,-0.0058597723995082972,0.015461544950628681
-0.030079596314671782,-0.011627132687817992,0.015094819242543777
-0.030079596314671782,-0.017211126147928392,0.014490039217796024
-0.030079596314671782,-0.022523689867257557,0.013656742618653765
-0.030079596314671782,-0.027481041542379948,0.012608071030272738
-0.030079596314671782,-0.032005000776000499,0.011360562630047753
-0.030079596314671782,-0.036024222028522797,0.0099338913706757473
-0.030079596314671782,-0.039475319779828148,0.0083505567101691304
-0.030079596314671782,-0.042303868156792615,0.0066355287819623559
-0.030079596314671782,-0.044465259261818567,0.0048158546009912772
-0.030079596314671782,-0.04592540666602727,0.0029202315161104804
-0.030079596314671782,-0.046661282972604579,0.00097855463575886414
-0.030079596314671782,-0.046661282972604579,-0.00097855463575887433
-0.030079596314671782,-0.045925406666027263,-0.0029202315161104835
-0.030079596314671782,-0.04446525926181856,-0.0048158546009912867
-0.030079596314671782,-0.042303868156792608,-0.0066355287819623654
-0.030079596314671782,-0.039475319779828141,-0.0083505567101691321
-0.030079596314671782,-0.036024222028522783,-0.0099338913706757542
-0.030079596314671782,-0.032005000776000492,-0.011360562630047756
-0.030079596314671782,-0.027481041542379937,-0.012608071030272739
-0.030079596314671782,-0.02252368986725755,-0.013656742618653767
-0.030079596314671782,-0.017211126147928375,-0.014490039217796026
-0.030079596314671782,-0.011627132687818002,-0.015094819242543776
-0.030079596314671782,-0.0058597723995083076,-0.015461544950628681
-0.030079596314671782,-8.5884860408249101e-18,-0.015584432858562916
-0.030079596314671782,0.0058597723995082902,-0.015461544950628682
-0.030079596314671782,0.011627132687817985,-0.015094819242543777
-0.030079596314671782,0.017211126147928354,-0.014490039217796027
-0.030079596314671782,0.022523689867257533,-0.01365674261865377
-0.030079596314671782,0.02748104154237992,-0.012608071030272743
-0.030079596314671782,0.032005000776000492,-0.011360562630047755
-0.030079596314671782,0.03602422202852279,-0.009933891370675749
-0.030079596314671782,0.039475319779828162,-0.0083505567101691252
-0.030079596314671782,0.042303868156792608,-0.0066355287819623637
-0.030079596314671782,0.04446525926181856,-0.0048158546009912859
-0.030079596314671782,0.04592540666602727,-0.0029202315161104822
-0.030079596314671782,0.046661282972604579,-0.00097855463575886609
-0.025924088965537714,0.047286338140105369,0
-0.025924088965537714,0.046927931797522866,0.0019369690697357796
-0.025924088965537714,0.045858145844589596,0.0038445756628119158
-0.025924088965537714,0.044093197145872273,0.0056939024077844631
-0.025924088965537714,0.041659840524553814,0.0074569153962995233
-0.025924088965537714,0.038594963186586249,0.0091068891485676928
-0.025924088965537714,0.034945025548249221,0.010618811744395216
-0.025924088965537714,0.030765356943598381,0.011969763978398383
-0.025924088965537714,0.026119316888160635,0.013139266791794587
-0.025924088965537714,0.021077334613263981,0.014109591714058265
-0.025924088965537714,0.015715841430682102,0.014866029608462662
-0.025924088965537714,0.01011611211185774,0.01539711364759894
-0.025924088965537714,0.0043630328452144906,0.015694793138791054
-0.025924088965537714,-0.0014561855519314092,0.015754555564390298
-0.025924088965537714,-0.0072533296604638565,0.015575494986943045
-0.025924088965537714,-0.0129405206849808,0.015160325782279101
-0.025924088965537714,-0.018431546606753897,0.014515341492340978
-0.025924088965537714,-0.023643169070052678,0.013650319421503361
-0.025924088965537714,-0.028496385190768959,0.0125783724226052
-0.025924088965537714,-0.032917625159608783,0.011315750119467184
-0.025924088965537714,-0.036839867485408413,0.009881592579158582
-0.025924088965537714,-0.040203654972622391,0.0082976401680907776
-0.025924088965537714,-0.042957996031800734,0.006587903990223366
-0.025924088965537714,-0.045061137660106956,0.0047783019032037258
-0.025924088965537714,-0.046481198374280483,0.0028962656300642784
-0.025924088965537714,-0.047196651501424616,0.00097032492226367651
-0.025924088965537714,-0.047196651501424616,-0.00097032492226367261
-0.025924088965537714,-0.046481198374280483,-0.0028962656300642741
-0.025924088965537714,-0.045061137660106963,-0.0047783019032037214
-0.025924088965537714,-0.042957996031800734,-0.0065879039902233625
-0.025924088965537714,-0.040203654972622405,-0.008297640168090769
-0.025924088965537714,-0.03683986748540842,-0.0098815925791585785
-0.025924088965537714,-0.032917625159608797,-0.01131575011946718
-0.025924088965537714,-0.028496385190768969,-0.012578372422605196
-0.025924088965537714,-0.023643169070052705,-0.013650319421503356
-0.025924088965537714,-0.018431546606753897,-0.014515341492340978
-0.025924088965537714,-0.012940520684980821,-0.0151603257822791
-0.025924088965537714,-0.0072533296604638895,-0.015575494986943043
-0.025924088965537714,-0.001456185551931421,-0.015754555564390298
-0.025924088965537714,0.0043630328452144681,-0.015694793138791057
-0.025924088965537714,0.01011611211185774,-0.01539711364759894
-0.025924088965537714,0.015715841430682092,-0.014866029608462663
-0.025924088965537714,0.02107733461326395,-0.014109591714058269
-0.025924088965537714,0.026119316888160635,-0.013139266791794587
-0.025924088965537714,0.030765356943598367,-0.011969763978398388
-0.025924088965537714,0.034945025548249228,-0.010618811744395214
-0.025924088965537714,0.038594963186586236,-0.0091068891485676963
-0.025924088965537714,0.0416598405245538,-0.007456915396299532
-0.025924088965537714,0.044093197145872273,-0.0056939024077844649
-0.025924088965537714,0.045858145844589589,-0.0038445756628119224
-0.025924088965537714,0.046927931797522866,-0.0019369690697357781
-0.021757726176168366,0.047645904917932226,0.00097956120858022416
-0.021757726176168366,0.046923641566937555,0.0029238344763283116
-0.021757726176168366,0.045490063641114568,0.0048237853938080163
-0.021757726176168366,0.043366902720509873,0.0066506126418136692
-0.021757726176168366,0.04058634376044877,0.0083766233814306645
-0.021757726176168366,0.03719053720042003,0.0099756530492448835
-0.021757726176168366,0.033230960006379102,0.011423461985453347
-0.021757726176168366,0.028767635332416899,0.012698102882398303
-0.021757726176168366,0.023868222630928033,0.013780253483379454
-0.021757726176168366,0.018606992004280749,0.01465350948836951
-0.021757726176168366,0.013063698345771837,0.015304633226480976
-0.021757726176168366,0.0073223723367418824,0.015723754325563076
-0.021757726176168366,0.0014700466271022766,0.01590451933698225
-0.021757726176168366,-0.0044045634909211685,0.015844188047427089
-0.021757726176168366,-0.010212404916187062,0.015543675017748917
-0.021757726176168366,-0.01586543669287591,0.015007535719151545
-0.021757726176168366,-0.021277964621636433,0.014243897476891393
-0.021757726176168366,-0.026367940296295769,0.013264336268311172
-0.021757726176168366,-0.031058204874061624,0.012083701242823234
-0.021757726176168366,-0.035277658724927496,0.010719889623940906
-0.021757726176168366,-0.038962339229588694,0.009193575405613422
-0.021757726176168366,-0.042056390387551032,0.0075278959555515916
-0.021757726176168366,-0.044512909537161909,0.0057481012763182012
-0.021757726176168366,-0.046294658352150943,0.0038811712410276363
-0.021757726176168366,-0.047374627336697644,0.001955406605971211
-0.021757726176168366,-0.047736445261856053,1.948666083709986e-18
-0.021757726176168366,-0.047374627336697651,-0.0019554066059712001
-0.021757726176168366,-0.04629465835215095,-0.0038811712410276259
-0.021757726176168366,-0.044512909537161915,-0.0057481012763181917
-0.021757726176168366,-0.042056390387551046,-0.007527895955551582
-0.021757726176168366,-0.038962339229588715,-0.0091935754056134134
-0.021757726176168366,-0.035277658724927517,-0.010719889623940897
-0.021757726176168366,-0.031058204874061631,-0.012083701242823231
-0.021757726176168366,-0.026367940296295793,-0.013264336268311165
-0.021757726176168366,-0.021277964621636468,-0.014243897476891388
-0.021757726176168366,-0.01586543669287592,-0.015007535719151543
-0.021757726176168366,-0.010212404916187082,-0.015543675017748915
-0.021757726176168366,-0.0044045634909212119,-0.015844188047427089
-0.021757726176168366,0.0014700466271022651,-0.01590451933698225
-0.021757726176168366,0.0073223723367418494,-0.015723754325563079
-0.021757726176168366,0.013063698345771837,-0.015304633226480976
-0.021757726176168366,0.018606992004280728,-0.014653509488369514
-0.021757726176168366,0.023868222630927995,-0.013780253483379461
-0.021757726176168366,0.028767635332416889,-0.012698102882398307
-0.021757726176168366,0.033230960006379089,-0.011423461985453354
-0.021757726176168366,0.03719053720042003,-0.0099756530492448835
-0.021757726176168366,0.04058634376044875,-0.0083766233814306715
-0.021757726176168366,0.043366902720509859,-0.0066506126418136805
-0.021757726176168366,0.045490063641114561,-0.0048237853938080198
-0.021757726176168366,0.046923641566937548,-0.0029238344763283207
-0.021757726176168366,0.047645904917932226,-0.00097956120858022524
-0.017582508595654873,0.048105418254877928,0
-0.017582508595654873,0.047740803702487594,0.0019705206812657174
-0.017582508595654873,0.046652487230263232,0.0039111702776416261
-0.017582508595654873,0.04485696660655502,0.005792530519435941
-0.017582508595654873,0.042381460093765436,0.0075860819031360934
-0.017582508595654873,0.039263493847235986,0.0092646360180107992
-0.017582508595654873,0.035550333056984268,0.010802747694702406
-0.017582508595654873,0.031298265455602797,0.012177100728056984
-0.017582508595654873,0.02657174805360947,0.01336686132702722
-0.017582508595654873,0.021442430036871959,0.014353993933707896
-0.017582508595654873,0.015988066637985111,0.015123534624009309
-0.017582508595654873,0.010291340446204165,0.015663817945493076
-0.017582508595654873,0.0044386080236735676,0.015966653753739995
-0.017582508595654873,-0.0014814091720280248,0.016027451366590867
-0.017582508595654873,-0.0073789697147470428,0.015845289154208551
-0.017582508595654873,-0.013164672598298044,0.015422928510046823
-0.017582508595654873,-0.01875081246458719,0.014766771990940442
-0.017582508595654873,-0.024052709127438957,0.013886766260869937
-0.017582508595654873,-0.028989991237900397,0.012796251309674727
-0.017582508595654873,-0.033487814631965172,0.011511758232405196
-0.017582508595654873,-0.037477996891807974,0.010052758634772608
-0.017582508595654873,-0.040900050921737395,0.0084413694634547787
-0.017582508595654873,-0.043702101870909553,0.0067020177357291991
-0.017582508595654873,-0.045841673503188421,0.0048610702507906707
-0.017582508595654873,-0.047286332093587909,0.0029464338959523245
-0.017582508595654873,-0.048014178090481426,0.00098713260668067591
-0.017582508595654873,-0.048014178090481426,-0.00098713260668067179
-0.017582508595654873,-0.047286332093587909,-0.0029464338959523206
-0.017582508595654873,-0.045841673503188428,-0.0048610702507906663
-0.017582508595654873,-0.04370210187090956,-0.0067020177357291957
-0.017582508595654873,-0.040900050921737416,-0.00844136946345477
-0.017582508595654873,-0.037477996891807981,-0.010052758634772604
-0.017582508595654873,-0.033487814631965179,-0.011511758232405193
-0.017582508595654873,-0.028989991237900407,-0.012796251309674723
-0.017582508595654873,-0.024052709127438985,-0.013886766260869932
-0.017582508595654873,-0.01875081246458719,-0.014766771990940442
-0.017582508595654873,-0.013164672598298064,-0.015422928510046821
-0.017582508595654873,-0.0073789697147470766,-0.015845289154208547
-0.017582508595654873,-0.0014814091720280367,-0.016027451366590867
-0.017582508595654873,0.004438608023673545,-0.015966653753739995
-0.017582508595654873,0.010291340446204165,-0.015663817945493076
-0.017582508595654873,0.015988066637985101,-0.01512353462400931
-0.017582508595654873,0.021442430036871928,-0.0143539939337079
-0.017582508595654873,0.02657174805360947,-0.01336686132702722
-0.017582508595654873,0.031298265455602783,-0.012177100728056991
-0.017582508595654873,0.035550333056984268,-0.010802747694702405
-0.017582508595654873,0.039263493847235979,-0.0092646360180108026
-0.017582508595654873,0.042381460093765429,-0.0075860819031361021
-0.017582508595654873,0.04485696660655502,-0.0057925305194359428
-0.017582508595654873,0.046652487230263225,-0.003911170277641633
-0.017582508595654873,0.047740803702487594,-0.0019705206812657156
-0.013400300022675133,0.048306215224054733,0.00097399086191610781
-0.013400300022675133,0.047601801829964568,0.0029077696057451729
-0.013400300022675133,0.046203246975270881,0.0047991465209955581
-0.013400300022675133,0.044130944739026394,0.006620541073233014
-0.013400300022675133,0.041415113954253777,0.0083453932284625765
-0.013400300022675133,0.038095357549313355,0.0099485507582322014
-0.013400300022675133,0.034220085048029543,0.011406636015761485
-0.013400300022675133,0.029845806649824759,0.01269838683467359
-0.013400300022675133,0.025036309183761953,0.013804966579259259
-0.013400300022675133,0.019861725952941448,0.014710238825041855
-0.013400300022675133,0.014397514033015254,0.015401002664182302
-0.013400300022675133,0.0087233539381095515,0.01586718520444123
-0.013400300022675133,0.0029219876995038732,0.016101988454630008
-0.013400300022675133,-0.0029219876995038563,0.016101988454630008
-0.013400300022675133,-0.0087233539381095359,0.01586718520444123
-0.013400300022675133,-0.014397514033015238,0.015401002664182303
-0.013400300022675133,-0.019861725952941434,0.014710238825041856
-0.013400300022675133,-0.02503630918376196,0.013804966579259257
-0.013400300022675133,-0.029845806649824756,0.012698386834673591
-0.013400300022675133,-0.034220085048029529,0.011406636015761487
-0.013400300022675133,-0.038095357549313341,0.0099485507582322049
-0.013400300022675133,-0.041415113954253784,0.0083453932284625748
-0.013400300022675133,-0.044130944739026394,0.006620541073233014
-0.013400300022675133,-0.046203246975270881,0.0047991465209955599
-0.013400300022675133,-0.047601801829964561,0.002907769605745176
-0.013400300022675133,-0.048306215224054733,0.00097399086191611258
-0.013400300022675133,-0.048306215224054733,-0.00097399086191610857
-0.013400300022675133,-0.047601801829964568,-0.0029077696057451721
-0.013400300022675133,-0.046203246975270888,-0.0047991465209955564
-0.013400300022675133,-0.044130944739026401,-0.0066205410732330106
-0.013400300022675133,-0.041415113954253777,-0.0083453932284625765
-0.013400300022675133,-0.038095357549313348,-0.0099485507582322014
-0.013400300022675133,-0.034220085048029543,-0.011406636015761485
-0.013400300022675133,-0.029845806649824783,-0.012698386834673584
-0.013400300022675133,-0.025036309183761971,-0.013804966579259255
-0.013400300022675133,-0.019861725952941483,-0.01471023882504185
-0.013400300022675133,-0.014397514033015269,-0.0154010026641823
-0.013400300022675133,-0.0087233539381095567,-0.01586718520444123
-0.013400300022675133,-0.0029219876995039006,-0.016101988454630005
-0.013400300022675133,0.0029219876995038399,-0.016101988454630008
-0.013400300022675133,0.0087233539381094977,-0.015867185204441234
-0.013400300022675133,0.014397514033015211,-0.015401002664182305
-0.013400300022675133,0.019861725952941427,-0.014710238825041856
-0.013400300022675133,0.025036309183761919,-0.013804966579259266
-0.013400300022675133,0.029845806649824735,-0.012698386834673597
-0.013400300022675133,0.034220085048029501,-0.011406636015761499
-0.013400300022675133,0.038095357549313327,-0.0099485507582322118
-0.013400300022675133,0.041415113954253763,-0.0083453932284625817
-0.013400300022675133,0.04413094473902638,-0.0066205410732330288
-0.013400300022675133,0.046203246975270874,-0.0047991465209955685
-0.013400300022675133,0.047601801829964555,-0.0029077696057451924
-0.013400300022675133,0.048306215224054726,-0.00097399086191612169
-0.0092128590208482384,0.048604680741669133,0
-0.0092128590208482384,0.04825029789495773,0.0019528721860241826
-0.0092128590208482384,0.04719231705472926,0.0038772670980909436
-0.0092128590208482384,0.045446165963999613,0.0057451227250223964
-0.0092128590208482384,0.043037307437661459,0.0075292015257333112
-0.0092128590208482384,0.040000868057305815,0.0092034876139137339
-0.0092128590208482384,0.036381125946564279,0.010743566128234067
-0.0092128590208482384,0.032230865096360826,0.012126979256000724
-0.0092128590208482384,0.027610605655464963,0.013333553718635803
-0.0092128590208482384,0.022587721410443153,0.014345694943505015
-0.0092128590208482384,0.017235457324138097,0.015148643632406216
-0.0092128590208482384,0.011631861459177217,0.015730690985372248
-0.0092128590208482384,0.0058586468614706391,0.016083349441340364
-0.0092128590208482384,2.9761783346932052e-18,0.016201476445904868
-0.0092128590208482384,-0.0058586468614706217,0.016083349441340364
-0.0092128590208482384,-0.011631861459177212,0.015730690985372248
-0.0092128590208482384,-0.01723545732413808,0.015148643632406218
-0.0092128590208482384,-0.022587721410443146,0.014345694943505016
-0.0092128590208482384,-0.027610605655464956,0.013333553718635805
-0.0092128590208482384,-0.032230865096360813,0.012126979256000729
-0.0092128590208482384,-0.036381125946564258,0.010743566128234072
-0.0092128590208482384,-0.040000868057305815,0.0092034876139137356
-0.0092128590208482384,-0.043037307437661459,0.0075292015257333138
-0.0092128590208482384,-0.045446165963999606,0.0057451227250224007
-0.0092128590208482384,-0.047192317054729253,0.0038772670980909492
-0.0092128590208482384,-0.04825029789495773,0.0019528721860241902
-0.0092128590208482384,-0.048604680741669133,1.9841086270938633e-18
-0.0092128590208482384,-0.04825029789495773,-0.0019528721860241792
-0.0092128590208482384,-0.04719231705472926,-0.0038772670980909384
-0.0092128590208482384,-0.04544616596399962,-0.0057451227250223912
-0.0092128590208482384,-0.043037307437661459,-0.0075292015257333103
-0.0092128590208482384,-0.040000868057305815,-0.0092034876139137321
-0.0092128590208482384,-0.036381125946564279,-0.010743566128234064
-0.0092128590208482384,-0.032230865096360833,-0.012126979256000718
-0.0092128590208482384,-0.027610605655464967,-0.013333553718635803
-0.0092128590208482384,-0.022587721410443178,-0.014345694943505011
-0.0092128590208482384,-0.017235457324138104,-0.015148643632406216
-0.0092128590208482384,-0.011631861459177214,-0.015730690985372248
-0.0092128590208482384,-0.0058586468614706556,-0.016083349441340364
-0.0092128590208482384,-8.9285350040796155e-18,-0.016201476445904868
-0.0092128590208482384,0.0058586468614705949,-0.016083349441340364
-0.0092128590208482384,0.011631861459177195,-0.015730690985372248
-0.0092128590208482384,0.017235457324138087,-0.015148643632406218
-0.0092128590208482384,0.022587721410443122,-0.01434569494350502
-0.0092128590208482384,0.027610605655464953,-0.013333553718635807
-0.0092128590208482384,0.032230865096360792,-0.012126979256000734
-0.0092128590208482384,0.036381125946564258,-0.010743566128234074
-0.0092128590208482384,0.040000868057305815,-0.0092034876139137373
-0.0092128590208482384,0.043037307437661446,-0.0075292015257333216
-0.0092128590208482384,0.045446165963999606,-0.0057451227250224024
-0.0092128590208482384,0.047192317054729246,-0.0038772670980909583
-0.0092128590208482384,0.04825029789495773,-0.0019528721860241922
-0.005021867929625422,0.04864771129955521,0.00098087639528639877
-0.005021867929625422,0.047938318123702056,0.0029283257992746359
-0.005021867929625422,0.046529876321913993,0.0048330736190940167
-0.005021867929625422,0.044442924147195834,0.0066673443424130219
-0.005021867929625422,0.041707894061661983,0.0084043901716677055
-0.005021867929625422,0.038364668962710936,0.010018881067180973
-0.005021867929625422,0.034462000600572675,0.011487274116179365
-0.005021867929625422,0.030056798668010982,0.012788156841475296
-0.005021867929625422,0.02521330092885346,0.013902559443601172
-0.005021867929625422,0.020002136486744107,0.014814231423201877
-0.005021867929625422,0.014499295853769231,0.015509878549908322
-0.005021867929625422,0.0087850228376755574,0.01597935672215222
-0.005021867929625422,0.0029426444064599663,0.016215819891009484
-0.005021867929625422,-0.0029426444064599494,0.016215819891009484
-0.005021867929625422,-0.0087850228376755417,0.015979356722152224
-0.005021867929625422,-0.014499295853769216,0.015509878549908323
-0.005021867929625422,-0.02000213648674409,0.014814231423201879
-0.005021867929625422,-0.025213300928853467,0.01390255944360117
-0.005021867929625422,-0.030056798668010976,0.012788156841475298
-0.005021867929625422,-0.034462000600572668,0.011487274116179367
-0.005021867929625422,-0.038364668962710929,0.010018881067180978
-0.005021867929625422,-0.04170789406166199,0.0084043901716677038
-0.005021867929625422,-0.044442924147195834,0.0066673443424130219
-0.005021867929625422,-0.046529876321913993,0.0048330736190940185
-0.005021867929625422,-0.047938318123702049,0.0029283257992746394
-0.005021867929625422,-0.04864771129955521,0.00098087639528640354
-0.005021867929625422,-0.04864771129955521,-0.00098087639528639963
-0.005021867929625422,-0.047938318123702056,-0.002928325799274635
-0.005021867929625422,-0.046529876321914,-0.004833073619094015
-0.005021867929625422,-0.044442924147195834,-0.0066673443424130185
-0.005021867929625422,-0.041707894061661983,-0.0084043901716677055
-0.005021867929625422,-0.038364668962710936,-0.010018881067180973
-0.005021867929625422,-0.034462000600572675,-0.011487274116179365
-0.005021867929625422,-0.030056798668011003,-0.012788156841475291
-0.005021867929625422,-0.025213300928853478,-0.013902559443601168
-0.005021867929625422,-0.020002136486744142,-0.014814231423201872
-0.005021867929625422,-0.014499295853769247,-0.01550987854990832
-0.005021867929625422,-0.0087850228376755626,-0.01597935672215222
-0.005021867929625422,-0.0029426444064599936,-0.016215819891009481
-0.005021867929625422,0.0029426444064599325,-0.016215819891009484
-0.005021867929625422,0.0087850228376755036,-0.015979356722152224
-0.005021867929625422,0.014499295853769188,-0.015509878549908325
-0.005021867929625422,0.020002136486744086,-0.014814231423201879
-0.005021867929625422,0.025213300928853422,-0.013902559443601178
-0.005021867929625422,0.030056798668010955,-0.012788156841475303
-0.005021867929625422,0.034462000600572633,-0.011487274116179379
-0.005021867929625422,0.038364668962710909,-0.010018881067180985
-0.005021867929625422,0.041707894061661976,-0.0084043901716677107
-0.005021867929625422,0.044442924147195813,-0.0066673443424130376
-0.005021867929625422,0.046529876321913986,-0.004833073619094028
-0.005021867929625422,0.047938318123702049,-0.0029283257992746554
-0.005021867929625422,0.04864771129955521,-0.00098087639528641286
-0.00082895757983150764,0.04879078378917396,0
-0.00082895757983150764,0.048435044041712463,0.0019603495618583777
-0.00082895757983150764,0.04737301228590212,0.0038921128127820865
-0.00082895757983150764,0.045620175336229883,0.0057671202946206531
-0.00082895757983150764,0.043202093502467037,0.0075580301761397255
-0.00082895757983150764,0.040154027862795927,0.0092387269584889124
-0.00082895757983150764,0.036520426077889037,0.010784702297982013
-0.00082895757983150764,0.032354274243928942,0.012173412392935923
-0.00082895757983150764,0.027716324236011686,0.013384606723063424
-0.00082895757983150764,0.022674207809006607,0.014400623347659146
-0.00082895757983150764,0.017301450374276817,0.015206646456466296
-0.00082895757983150764,0.011676398833616774,0.015790922417552495
-0.00082895757983150764,0.005881079105002269,0.016144931171730218
-0.00082895757983150764,2.987573859765123e-18,0.016263510474205267
-0.00082895757983150764,-0.0058810791050022525,0.016144931171730218
-0.00082895757983150764,-0.011676398833616769,0.015790922417552495
-0.00082895757983150764,-0.017301450374276803,0.015206646456466298
-0.00082895757983150764,-0.022674207809006603,0.014400623347659148
-0.00082895757983150764,-0.027716324236011683,0.013384606723063425
-0.00082895757983150764,-0.032354274243928928,0.012173412392935927
-0.00082895757983150764,-0.036520426077889023,0.010784702297982018
-0.00082895757983150764,-0.040154027862795927,0.0092387269584889142
-0.00082895757983150764,-0.04320209350246703,0.0075580301761397281
-0.00082895757983150764,-0.045620175336229876,0.0057671202946206574
-0.00082895757983150764,-0.047373012285902114,0.0038921128127820926
-0.00082895757983150764,-0.048435044041712463,0.001960349561858385
-0.00082895757983150764,-0.04879078378917396,1.9917056045134935e-18
-0.00082895757983150764,-0.048435044041712463,-0.0019603495618583742
-0.00082895757983150764,-0.047373012285902127,-0.0038921128127820817
-0.00082895757983150764,-0.04562017533622989,-0.005767120294620647
-0.00082895757983150764,-0.043202093502467037,-0.0075580301761397246
-0.00082895757983150764,-0.040154027862795927,-0.0092387269584889107
-0.00082895757983150764,-0.036520426077889044,-0.010784702297982009
-0.00082895757983150764,-0.032354274243928949,-0.012173412392935918
-0.00082895757983150764,-0.027716324236011693,-0.013384606723063424
-0.00082895757983150764,-0.022674207809006631,-0.014400623347659142
-0.00082895757983150764,-0.017301450374276824,-0.015206646456466296
-0.00082895757983150764,-0.01167639883361677,-0.015790922417552495
-0.00082895757983150764,-0.0058810791050022864,-0.016144931171730218
-0.00082895757983150764,-8.962721579295368e-18,-0.016263510474205267
-0.00082895757983150764,0.0058810791050022257,-0.016144931171730222
-0.00082895757983150764,0.011676398833616751,-0.015790922417552498
-0.00082895757983150764,0.017301450374276807,-0.015206646456466298
-0.00082895757983150764,0.022674207809006579,-0.014400623347659151
-0.00082895757983150764,0.027716324236011676,-0.013384606723063427
-0.00082895757983150764,0.032354274243928907,-0.012173412392935932
-0.00082895757983150764,0.036520426077889016,-0.010784702297982019
-0.00082895757983150764,0.040154027862795927,-0.0092387269584889159
-0.00082895757983150764,0.043202093502467016,-0.0075580301761397359
-0.00082895757983150764,0.045620175336229876,-0.0057671202946206592
-0.00082895757983150764,0.047373012285902107,-0.0038921128127821017
-0.00082895757983150764,0.048435044041712463,-0.0019603495618583872
0.0033642540569119978,0.048679614894520697,0.00098152473947454226
0.0033642540569119978,0.047969756492412301,0.0029302613775208596
0.0033642540569119978,0.046560391022160162,0.0048362682063089477
0.0033642540569119978,0.044472070205935223,0.0066717513543214819
0.0033642540569119978,0.041735246463726963,0.0084099453441123431
0.0033642540569119978,0.038389828848487156,0.010025503393238388
0.0033642540569119978,0.034484601082270382,0.011494867027423458
0.0033642540569119978,0.030076510179715171,0.012796609616162382
0.0033642540569119978,0.025229836032337031,0.013911748821242322
0.0033642540569119978,0.020015254062964453,0.014824023401978408
0.0033642540569119978,0.014508804618926854,0.015520130340720056
0.0033642540569119978,0.0087907841325625836,0.015989918830804101
0.0033642540569119978,0.0029445742184236378,0.016226538298173564
0.0033642540569119978,-0.0029445742184236209,0.016226538298173564
0.0033642540569119978,-0.008790784132562568,0.015989918830804101
0.0033642540569119978,-0.014508804618926839,0.015520130340720058
0.0033642540569119978,-0.020015254062964435,0.014824023401978409
0.0033642540569119978,-0.025229836032337034,0.01391174882124232
0.0033642540569119978,-0.030076510179715167,0.012796609616162384
0.0033642540569119978,-0.034484601082270368,0.01149486702742346
0.0033642540569119978,-0.038389828848487142,0.010025503393238391
0.0033642540569119978,-0.04173524646372697,0.0084099453441123413
0.0033642540569119978,-0.044472070205935223,0.0066717513543214819
0.0033642540569119978,-0.046560391022160162,0.0048362682063089494
0.0033642540569119978,-0.047969756492412294,0.0029302613775208626
0.0033642540569119978,-0.048679614894520697,0.00098152473947454703
0.0033642540569119978,-0.048679614894520697,-0.00098152473947454313
0.0033642540569119978,-0.047969756492412301,-0.0029302613775208583
0.0033642540569119978,-0.046560391022160169,-0.004836268206308946
0.0033642540569119978,-0.04447207020593523,-0.0066717513543214785
0.0033642540569119978,-0.041735246463726963,-0.0084099453441123431
0.0033642540569119978,-0.038389828848487149,-0.010025503393238388
0.0033642540569119978,-0.034484601082270382,-0.011494867027423458
0.0033642540569119978,-0.030076510179715195,-0.012796609616162377
0.0033642540569119978,-0.025229836032337045,-0.013911748821242319
0.0033642540569119978,-0.020015254062964487,-0.014824023401978402
0.0033642540569119978,-0.014508804618926872,-0.015520130340720055
0.0033642540569119978,-0.0087907841325625905,-0.015989918830804101
0.0033642540569119978,-0.0029445742184236656,-0.016226538298173564
0.0033642540569119978,0.002944574218423604,-0.016226538298173564
0.0033642540569119978,0.0087907841325625298,-0.015989918830804105
0.0033642540569119978,0.014508804618926811,-0.01552013034072006
0.0033642540569119978,0.020015254062964432,-0.014824023401978409
0.0033642540569119978,0.025229836032336993,-0.013911748821242329
0.0033642540569119978,0.030076510179715143,-0.012796609616162389
0.0033642540569119978,0.03448460108227034,-0.011494867027423472
0.0033642540569119978,0.038389828848487129,-0.010025503393238398
0.0033642540569119978,0.041735246463726956,-0.00840994534411235
0.0033642540569119978,0.044472070205935202,-0.0066717513543214976
0.0033642540569119978,0.046560391022160162,-0.0048362682063089581
0.0033642540569119978,0.047969756492412294,-0.0029302613775208787
0.0033642540569119978,0.04867961489452069,-0.00098152473947455614
0.0075562014586237573,0.04866758599976221,0
0.0075562014586237573,0.048312744502894155,0.0019554097508172586
0.0075562014586237573,0.047253394400347808,0.0038823052242683135
0.0075562014586237573,0.045504983402066962,0.0057525879453595224
0.0075562014586237573,0.043093007277485246,0.0075389849805074663
0.0075562014586237573,0.040052638069796295,0.0092154466383238889
0.0075562014586237573,0.036428211208363419,0.010757526332774945
0.0075562014586237573,0.032272578998324829,0.012142737069454474
0.0075562014586237573,0.027646339914971663,0.013350879356598766
0.0075562014586237573,0.0226169549415224,0.01436433575916175
0.0075562014586237573,0.017257763836078573,0.015168327800688988
0.0075562014586237573,0.011646915672804943,0.015751131466782604
0.0075562014586237573,0.0058662292524517832,0.016104248167631389
0.0075562014586237573,2.9800301708418667e-18,0.016222528666587407
0.0075562014586237573,-0.0058662292524517658,0.016104248167631389
0.0075562014586237573,-0.011646915672804938,0.015751131466782604
0.0075562014586237573,-0.017257763836078559,0.01516832780068899
0.0075562014586237573,-0.022616954941522393,0.014364335759161751
0.0075562014586237573,-0.02764633991497166,0.013350879356598767
0.0075562014586237573,-0.032272578998324822,0.012142737069454478
0.0075562014586237573,-0.036428211208363405,0.01075752633277495
0.0075562014586237573,-0.040052638069796288,0.0092154466383238907
0.0075562014586237573,-0.043093007277485239,0.0075389849805074689
0.0075562014586237573,-0.045504983402066955,0.0057525879453595267
0.0075562014586237573,-0.047253394400347801,0.0038823052242683196
0.0075562014586237573,-0.048312744502894155,0.001955409750817266
0.0075562014586237573,-0.04866758599976221,1.9866867805612448e-18
0.0075562014586237573,-0.048312744502894155,-0.0019554097508172547
0.0075562014586237573,-0.047253394400347808,-0.0038823052242683087
0.0075562014586237573,-0.045504983402066962,-0.0057525879453595172
0.0075562014586237573,-0.043093007277485246,-0.0075389849805074655
0.0075562014586237573,-0.040052638069796295,-0.0092154466383238872
0.0075562014586237573,-0.036428211208363426,-0.010757526332774939
0.0075562014586237573,-0.032272578998324843,-0.012142737069454469
0.0075562014586237573,-0.02764633991497167,-0.013350879356598766
0.0075562014586237573,-0.022616954941522424,-0.014364335759161746
0.0075562014586237573,-0.01725776383607858,-0.015168327800688988
0.0075562014586237573,-0.011646915672804938,-0.015751131466782604
0.0075562014586237573,-0.0058662292524517996,-0.016104248167631389
0.0075562014586237573,-8.9400905125255996e-18,-0.016222528666587407
0.0075562014586237573,0.0058662292524517389,-0.016104248167631389
0.0075562014586237573,0.01164691567280492,-0.015751131466782607
0.0075562014586237573,0.017257763836078563,-0.01516832780068899
0.0075562014586237573,0.022616954941522369,-0.014364335759161755
0.0075562014586237573,0.027646339914971653,-0.013350879356598769
0.0075562014586237573,0.032272578998324801,-0.012142737069454484
0.0075562014586237573,0.036428211208363398,-0.010757526332774952
0.0075562014586237573,0.040052638069796288,-0.0092154466383238924
0.0075562014586237573,0.043093007277485232,-0.0075389849805074767
0.0075562014586237573,0.045504983402066955,-0.0057525879453595285
0.0075562014586237573,0.047253394400347794,-0.0038823052242683283
0.0075562014586237573,0.048312744502894155,-0.0019554097508172677
0.011745281115503546,0.048400700214317131,0.00097590099615990004
0.011745281115503546,0.047694909016307269,0.0029134721544180273
0.011745281115503546,0.04629361864525789,0.0048085583280968024
0.011745281115503546,0.044217263070210018,0.0066335248934215694
0.011745281115503546,0.041496120230993402,0.0083617597284030773
0.011745281115503546,0.038169870517683877,0.0099680612775013659
0.011745281115503546,0.034287018141163521,0.011429006047054505
0.011745281115503546,0.029904183832504101,0.01272329017256129
0.011745281115503546,0.025085279185209228,0.013832040076997804
0.011745281115503546,0.019900574680264713,0.014739087690070009
0.011745281115503546,0.014425674984290419,0.015431206215085968
0.011745281115503546,0.008740416463254087,0.015898303005435759
0.011745281115503546,0.0029277029884797108,0.016133566738105714
0.011745281115503546,-0.0029277029884796943,0.016133566738105714
0.011745281115503546,-0.0087404164632540714,0.015898303005435762
0.011745281115503546,-0.014425674984290402,0.015431206215085969
0.011745281115503546,-0.019900574680264696,0.014739087690070011
0.011745281115503546,-0.025085279185209232,0.013832040076997803
0.011745281115503546,-0.029904183832504094,0.012723290172561293
0.011745281115503546,-0.034287018141163507,0.011429006047054506
0.011745281115503546,-0.038169870517683863,0.0099680612775013694
0.011745281115503546,-0.041496120230993409,0.0083617597284030756
0.011745281115503546,-0.044217263070210018,0.0066335248934215694
0.011745281115503546,-0.04629361864525789,0.0048085583280968042
0.011745281115503546,-0.047694909016307269,0.0029134721544180303
0.011745281115503546,-0.048400700214317131,0.0009759009961599047
0.011745281115503546,-0.048400700214317131,-0.0009759009961599008
0.011745281115503546,-0.047694909016307269,-0.0029134721544180264
0.011745281115503546,-0.046293618645257897,-0.0048085583280968007
0.011745281115503546,-0.044217263070210025,-0.0066335248934215659
0.011745281115503546,-0.041496120230993402,-0.0083617597284030773
0.011745281115503546,-0.03816987051768387,-0.0099680612775013659
0.011745281115503546,-0.034287018141163521,-0.011429006047054505
0.011745281115503546,-0.029904183832504122,-0.012723290172561285
0.011745281115503546,-0.025085279185209242,-0.013832040076997801
0.011745281115503546,-0.019900574680264748,-0.014739087690070004
0.011745281115503546,-0.014425674984290435,-0.015431206215085966
0.011745281115503546,-0.0087404164632540922,-0.015898303005435759
0.011745281115503546,-0.0029277029884797381,-0.016133566738105714
0.011745281115503546,0.0029277029884796774,-0.016133566738105714
0.011745281115503546,0.0087404164632540332,-0.015898303005435762
0.011745281115503546,0.014425674984290376,-0.015431206215085971
0.011745281115503546,0.019900574680264693,-0.014739087690070011
0.011745281115503546,0.02508527918520919,-0.013832040076997811
0.011745281115503546,0.029904183832504073,-0.012723290172561299
0.011745281115503546,0.034287018141163479,-0.01142900604705452
0.011745281115503546,0.038169870517683849,-0.0099680612775013763
0.011745281115503546,0.041496120230993395,-0.0083617597284030825
0.011745281115503546,0.044217263070210004,-0.006633524893421585
0.011745281115503546,0.04629361864525789,-0.0048085583280968137
0.011745281115503546,0.047694909016307262,-0.0029134721544180468
0.011745281115503546,0.048400700214317131,-0.00097590099615991392
0.015929916434802922,0.048233566740795104,0
0.015929916434802922,0.047881889732988049,0.0019379713372696681
0.015929916434802922,0.046831986952248376,0.003847682688510544
0.015929916434802922,0.045099168345294427,0.0057012861619260835
0.015929916434802922,0.042708702309383284,0.0074717520449223722
0.015929916434802922,0.039695447222179249,0.0091332629581833552
0.015929916434802922,0.036103343128113287,0.010661590331196954
0.015929916434802922,0.031984770993590865,0.012034447709371095
0.015929916434802922,0.027399788874550073,0.013231815740726415
0.015929916434802922,0.022415256134767119,0.01423623410312776
0.015929916434802922,0.017103858485778257,0.015033056115098142
0.015929916434802922,0.011543048065531636,0.015610662317416125
0.015929916434802922,0.005813914011809012,0.015960629910996019
0.015929916434802922,2.9534541560287478e-18,0.016077855580265036
0.015929916434802922,-0.0058139140118089955,0.015960629910996019
0.015929916434802922,-0.011543048065531631,0.015610662317416125
0.015929916434802922,-0.017103858485778244,0.015033056115098144
0.015929916434802922,-0.022415256134767116,0.014236234103127762
0.015929916434802922,-0.027399788874550066,0.013231815740726417
0.015929916434802922,-0.031984770993590851,0.012034447709371099
0.015929916434802922,-0.036103343128113273,0.010661590331196959
0.015929916434802922,-0.039695447222179242,0.0091332629581833569
0.015929916434802922,-0.042708702309383277,0.0074717520449223748
0.015929916434802922,-0.04509916834529442,0.0057012861619260878
0.015929916434802922,-0.046831986952248369,0.0038476826885105501
0.015929916434802922,-0.047881889732988049,0.0019379713372696754
0.015929916434802922,-0.048233566740795104,1.9689694373524987e-18
0.015929916434802922,-0.047881889732988049,-0.0019379713372696644
0.015929916434802922,-0.046831986952248383,-0.0038476826885105392
0.015929916434802922,-0.045099168345294434,-0.0057012861619260774
0.015929916434802922,-0.042708702309383284,-0.0074717520449223713
0.015929916434802922,-0.039695447222179249,-0.0091332629581833535
0.015929916434802922,-0.036103343128113294,-0.01066159033119695
0.015929916434802922,-0.031984770993590872,-0.01203444770937109
0.015929916434802922,-0.027399788874550076,-0.013231815740726415
0.015929916434802922,-0.022415256134767143,-0.014236234103127757
0.015929916434802922,-0.017103858485778264,-0.015033056115098142
0.015929916434802922,-0.011543048065531632,-0.015610662317416125
0.015929916434802922,-0.0058139140118090293,-0.015960629910996019
0.015929916434802922,-8.8603624680862439e-18,-0.016077855580265036
0.015929916434802922,0.0058139140118089686,-0.015960629910996019
0.015929916434802922,0.011543048065531615,-0.015610662317416127
0.015929916434802922,0.017103858485778247,-0.015033056115098144
0.015929916434802922,0.022415256134767091,-0.014236234103127765
0.015929916434802922,0.027399788874550062,-0.013231815740726419
0.015929916434802922,0.03198477099359083,-0.012034447709371104
0.015929916434802922,0.036103343128113266,-0.010661590331196961
0.015929916434802922,0.039695447222179242,-0.0091332629581833604
0.015929916434802922,0.042708702309383263,-0.0074717520449223826
0.015929916434802922,0.04509916834529442,-0.0057012861619260896
0.015929916434802922,0.046831986952248363,-0.0038476826885105587
0.015929916434802922,0.047881889732988049,-0.0019379713372696774
0.020108548952863927,0.047810271540050867,0.0009829455373922861
0.020108548952863927,0.047085516558610985,0.0029339361597895013
0.020108548952863927,0.045646993142475306,0.0048404513006941518
0.020108548952863927,0.043516507840282409,0.0066735901339646467
0.020108548952863927,0.040726356637516413,0.0084055641434874415
0.020108548952863927,0.037318835382287703,0.010010118368755266
0.020108548952863927,0.033345598623389663,0.01146292940330557
0.020108548952863927,0.028866876579992633,0.012741974112768598
0.020108548952863927,0.02395056211291665,0.013827863483135278
0.020108548952863927,0.018671181538067547,0.014704136538445524
0.020108548952863927,0.013108764883455819,0.015357509872404404
0.020108548952863927,0.0073476327155500582,0.015778079011281202
0.020108548952863927,0.001475117925440925,0.015959468555635122
0.020108548952863927,-0.0044197581487654646,0.01589892882487208
0.020108548952863927,-0.010247635194689962,0.015597377539599635
0.020108548952863927,-0.015920168536927081,0.015059385909918071
0.020108548952863927,-0.021351368352270628,0.014293109340534882
0.020108548952863927,-0.026458903187780217,0.013310163803142599
0.020108548952863927,-0.031165348021683886,0.012125449750128572
0.020108548952863927,-0.035399357947785336,0.010756926238905489
0.020108548952863927,-0.039096749691516934,0.009225338690907435
0.020108548952863927,-0.042201474562957322,0.0075539044121476877
0.020108548952863927,-0.04466646809783776,0.0057679606425259447
0.020108548952863927,-0.046454363506845481,0.00389458046909884
0.020108548952863927,-0.047538058118060181,0.0019621624256769303
0.020108548952863927,-0.047901124225833286,1.9553986152908827e-18
0.020108548952863927,-0.047538058118060181,-0.0019621624256769194
0.020108548952863927,-0.046454363506845495,-0.0038945804690988296
0.020108548952863927,-0.044666468097837767,-0.0057679606425259343
0.020108548952863927,-0.042201474562957336,-0.0075539044121476781
0.020108548952863927,-0.039096749691516955,-0.0092253386909074264
0.020108548952863927,-0.035399357947785356,-0.010756926238905479
0.020108548952863927,-0.031165348021683893,-0.012125449750128569
0.020108548952863927,-0.026458903187780242,-0.013310163803142592
0.020108548952863927,-0.021351368352270663,-0.014293109340534876
0.020108548952863927,-0.015920168536927091,-0.015059385909918069
0.020108548952863927,-0.010247635194689983,-0.015597377539599633
0.020108548952863927,-0.0044197581487655071,-0.015898928824872077
0.020108548952863927,0.0014751179254409133,-0.015959468555635122
0.020108548952863927,0.0073476327155500244,-0.015778079011281202
0.020108548952863927,0.013108764883455819,-0.015357509872404404
0.020108548952863927,0.018671181538067527,-0.014704136538445527
0.020108548952863927,0.023950562112916612,-0.013827863483135285
0.020108548952863927,0.028866876579992623,-0.012741974112768601
0.020108548952863927,0.033345598623389643,-0.011462929403305577
0.020108548952863927,0.037318835382287703,-0.010010118368755266
0.020108548952863927,0.040726356637516392,-0.0084055641434874484
0.020108548952863927,0.043516507840282395,-0.006673590133964658
0.020108548952863927,0.045646993142475299,-0.0048404513006941553
0.020108548952863927,0.047085516558610978,-0.0029339361597895105
0.020108548952863927,0.047810271540050867,-0.00098294553739228718
0.02427964466820055,0.047492272555360093,0
0.02427964466820055,0.047132305334868951,0.0019454147313703054
0.02427964466820055,0.046057860409527793,0.0038613389584596209
0.02427964466820055,0.044285225269175929,0.0057187292229708914
0.02427964466820055,0.04184127125561634,0.0074894293818135102
0.02427964466820055,0.038763046220465038,0.0091465974255317776
0.02427964466820055,0.035097212917485084,0.010665112375807015
0.02427964466820055,0.030899341642804966,0.012021955093881955
0.02427964466820055,0.026233067845874449,0.013196557227239895
0.02427964466820055,0.021169127480917423,0.014171113004862613
0.02427964466820055,0.015784284721970045,0.014930849154568807
0.02427964466820055,0.01016016829625151,0.015464248850761319
0.02427964466820055,0.0043820340758670782,0.015763226297763586
0.02427964466820055,-0.0014625273143079093,0.015823249302239877
0.02427964466820055,-0.007284918281216253,0.015643407976626417
0.02427964466820055,-0.012996877312818154,0.015226428532099349
0.02427964466820055,-0.018511816932644979,0.014578631951992264
0.02427964466820055,-0.02374613627768004,0.013709838172132114
0.02427964466820055,-0.028620488402223962,0.01263321722062196
0.02427964466820055,-0.033060983096709622,0.011365089573639728
0.02427964466820055,-0.037000306987959676,0.0099246787536555227
0.02427964466820055,-0.040378743941308415,0.0083338199204263698
0.02427964466820055,-0.043145080296332107,0.0066166288722318113
0.02427964466820055,-0.04525738121373659,0.0047991364749543084
0.02427964466820055,-0.046683626364775008,0.0029088940606868518
0.02427964466820055,-0.047402195326791872,0.00097455577762271665
0.02427964466820055,-0.047402195326791872,-0.00097455577762271264
0.02427964466820055,-0.046683626364775008,-0.0029088940606868479
0.02427964466820055,-0.045257381213736597,-0.004799136474954304
0.02427964466820055,-0.043145080296332114,-0.0066166288722318079
0.02427964466820055,-0.040378743941308429,-0.0083338199204263611
0.02427964466820055,-0.037000306987959676,-0.0099246787536555192
0.02427964466820055,-0.033060983096709635,-0.011365089573639724
0.02427964466820055,-0.028620488402223972,-0.012633217220621957
0.02427964466820055,-0.023746136277680067,-0.013709838172132109
0.02427964466820055,-0.018511816932644979,-0.014578631951992264
0.02427964466820055,-0.012996877312818175,-0.015226428532099347
0.02427964466820055,-0.007284918281216286,-0.015643407976626413
0.02427964466820055,-0.001462527314307921,-0.015823249302239877
0.02427964466820055,0.0043820340758670556,-0.015763226297763586
0.02427964466820055,0.01016016829625151,-0.015464248850761319
0.02427964466820055,0.015784284721970035,-0.014930849154568809
0.02427964466820055,0.021169127480917396,-0.014171113004862616
0.02427964466820055,0.026233067845874449,-0.013196557227239895
0.02427964466820055,0.030899341642804948,-0.01202195509388196
0.02427964466820055,0.035097212917485091,-0.010665112375807013
0.02427964466820055,0.038763046220465024,-0.0091465974255317811
0.02427964466820055,0.041841271255616326,-0.0074894293818135189
0.02427964466820055,0.044285225269175929,-0.0057187292229708931
0.02427964466820055,0.046057860409527786,-0.0038613389584596274
0.02427964466820055,0.047132305334868951,-0.0019454147313703039
0.028441700030844494,0.046914781876991815,0.00098387596368949945
0.028441700030844494,0.046174907741259409,0.002936111579382103
0.028441700030844494,0.04470682772689448,0.0048420429615198095
0.028441700030844494,0.042533694332712056,0.0066716124336580898
0.028441700030844494,0.039689779170505368,0.0083959665922894947
0.028441700030844494,0.036219932481254977,0.0099879113422531602
0.028441700030844494,0.032178875820036291,0.011422340763860468
0.028441700030844494,0.027630339064406987,0.012676633048246063
0.028441700030844494,0.022646055356167479,0.013731007256807296
0.028441700030844494,0.017304629826863475,0.014568835278422532
0.028441700030844494,0.011690299947905046,0.015176904064696697
0.028441700030844494,0.0058916070553214532,0.01554562400762757
0.028441700030844494,-7.5593890616379172e-18,0.015669180173452504
0.028441700030844494,-0.0058916070553214689,0.015545624007627568
0.028441700030844494,-0.011690299947905061,0.015176904064696697
0.028441700030844494,-0.017304629826863493,0.01456883527842253
0.028441700030844494,-0.022646055356167493,0.013731007256807292
0.028441700030844494,-0.027630339064407008,0.01267663304824606
0.028441700030844494,-0.032178875820036298,0.011422340763860466
0.028441700030844494,-0.036219932481254977,0.0099879113422531585
0.028441700030844494,-0.039689779170505368,0.0083959665922894947
0.028441700030844494,-0.042533694332712063,0.0066716124336580864
0.028441700030844494,-0.044706827726894487,0.0048420429615198051
0.028441700030844494,-0.046174907741259409,0.0029361115793821021
0.028441700030844494,-0.046914781876991815,0.00098387596368949555
0.028441700030844494,-0.046914781876991815,-0.00098387596368950596
0.028441700030844494,-0.046174907741259402,-0.0029361115793821052
0.028441700030844494,-0.04470682772689448,-0.0048420429615198147
0.028441700030844494,-0.042533694332712056,-0.0066716124336580959
0.028441700030844494,-0.039689779170505361,-0.0083959665922894965
0.028441700030844494,-0.036219932481254963,-0.0099879113422531654
0.028441700030844494,-0.032178875820036291,-0.011422340763860469
0.028441700030844494,-0.027630339064406997,-0.012676633048246061
0.028441700030844494,-0.022646055356167486,-0.013731007256807294
0.028441700030844494,-0.017304629826863475,-0.014568835278422532
0.028441700030844494,-0.011690299947905072,-0.015176904064696696
0.028441700030844494,-0.0058916070553214793,-0.015545624007627568
0.028441700030844494,-8.6351451051067985e-18,-0.015669180173452504
0.028441700030844494,0.0058916070553214628,-0.01554562400762757
0.028441700030844494,0.011690299947905054,-0.015176904064696697
0.028441700030844494,0.017304629826863455,-0.014568835278422534
0.028441700030844494,0.022646055356167469,-0.013731007256807298
0.028441700030844494,0.02763033906440698,-0.012676633048246065
0.028441700030844494,0.032178875820036291,-0.011422340763860468
0.028441700030844494,0.036219932481254977,-0.0099879113422531602
0.028441700030844494,0.039689779170505382,-0.0083959665922894895
0.028441700030844494,0.042533694332712056,-0.0066716124336580942
0.028441700030844494,0.04470682772689448,-0.0048420429615198138
0.028441700030844494,0.046174907741259409,-0.0029361115793821039
0.028441700030844494,0.046914781876991815,-0.00098387596368949772
0.032593247636800916,0.046447547982520099,0
0.032593247636800916,0.046081295193467806,0.0019404737932608072
0.032593247636800916,0.044988312851583091,0.0038503451556190348
0.032593247636800916,0.043185837941313476,0.005699494274788444
0.032593247636800916,0.040702296568740241,0.007458758964531592
0.032593247636800916,0.037576855664904561,0.0091003945697574438
0.032593247636800916,0.033858805299907827,0.010598511516306015
0.032593247636800916,0.02960678134906166,0.011929483604998545
0.032593247636800916,0.024887840770106903,0.01307232061091217
0.032593247636800916,0.019776404074932127,0.014008999311765894
0.032593247636800916,0.014353081673644515,0.01472474772490252
0.032593247636800916,0.0087034026002481332,0.01520827807027951
0.032593247636800916,0.002916465668685145,0.015451964785503236
0.032593247636800916,-0.0029164656686851494,0.015451964785503236
0.032593247636800916,-0.008703402600248147,0.015208278070279508
0.032593247636800916,-0.014353081673644521,0.01472474772490252
0.032593247636800916,-0.019776404074932131,0.014008999311765892
0.032593247636800916,-0.024887840770106917,0.013072320610912168
0.032593247636800916,-0.029606781349061667,0.011929483604998545
0.032593247636800916,-0.033858805299907833,0.010598511516306012
0.032593247636800916,-0.037576855664904561,0.0091003945697574456
0.032593247636800916,-0.040702296568740241,0.0074587589645315902
0.032593247636800916,-0.043185837941313483,0.0056994942747884405
0.032593247636800916,-0.044988312851583091,0.0038503451556190353
0.032593247636800916,-0.046081295193467806,0.0019404737932608046
0.032593247636800916,-0.046447547982520099,-4.9795569288421967e-18
0.032593247636800916,-0.046081295193467806,-0.0019404737932608076
0.032593247636800916,-0.044988312851583091,-0.0038503451556190383
0.032593247636800916,-0.043185837941313469,-0.0056994942747884492
0.032593247636800916,-0.040702296568740234,-0.0074587589645315928
0.032593247636800916,-0.037576855664904554,-0.0091003945697574473
0.032593247636800916,-0.033858805299907827,-0.010598511516306015
0.032593247636800916,-0.029606781349061657,-0.011929483604998547
0.032593247636800916,-0.024887840770106893,-0.013072320610912173
0.032593247636800916,-0.019776404074932103,-0.014008999311765897
0.032593247636800916,-0.014353081673644521,-0.01472474772490252
0.032593247636800916,-0.0087034026002481384,-0.01520827807027951
0.032593247636800916,-0.0029164656686851407,-0.015451964785503236
0.032593247636800916,0.0029164656686851646,-0.015451964785503236
0.032593247636800916,0.0087034026002481609,-0.015208278070279508
0.032593247636800916,0.014353081673644505,-0.014724747724902522
0.032593247636800916,0.019776404074932124,-0.014008999311765894
0.032593247636800916,0.024887840770106914,-0.013072320610912168
0.032593247636800916,0.029606781349061678,-0.011929483604998542
0.032593247636800916,0.033858805299907847,-0.010598511516306008
0.032593247636800916,0.037576855664904582,-0.0091003945697574352
0.032593247636800916,0.040702296568740241,-0.007458758964531592
0.032593247636800916,0.043185837941313483,-0.0056994942747884423
0.032593247636800916,0.044988312851583091,-0.0038503451556190301
0.032593247636800916,0.046081295193467806,-0.0019404737932608
0.036732861581719935,0.045718873884743202,0.00097841636370938961
0.036732861581719935,0.044968171239522209,0.0029191835214858412
0.036732861581719935,0.043479092465760455,0.0048120177665446793
0.036732861581719935,0.041276088195755317,0.0066258388129122664
0.036732861581719935,0.038395331698714917,0.0083308637691530338
0.036732861581719935,0.034884124916677861,0.0098990961726234689
0.036732861581719935,0.030800121767932644,0.011304785690614714
0.036732861581719935,0.026210381471273293,0.012524850940103735
0.036732861581719935,0.021190267435480754,0.013539258483424445
0.036732861581719935,0.015822209794234179,0.014331351776760331
0.036732861581719935,0.010194351905594879,0.014888124670133417
0.036732861581719935,0.0043991030405037736,0.015200434968027336
0.036732861581719935,-0.001468378974892626,0.015263154543984952
0.036732861581719935,-0.0073117502481168167,0.01507525354430302
0.036732861581719935,-0.013035062784411185,0.014639817298201512
0.036732861581719935,-0.018544339950159274,0.013963995656803129
0.036732861581719935,-0.023749119566611708,0.013058885592775536
0.036732861581719935,-0.028563939296360218,0.011939348988346948
0.036732861581719935,-0.032909739932555221,0.010623768603610823
0.036732861581719935,-0.036715163548896528,0.009133746232113344
0.036732861581719935,-0.039917725194810447,0.0074937480000006086
0.036732861581719935,-0.042464838896610659,0.0057307026329037024
0.036732861581719935,-0.04431468111773236,0.0038735592870083493
0.036732861581719935,-0.04543687750004638,0.0019528122047106464
0.036732861581719935,-0.04581300160997992,1.870158192699815e-18
0.036732861581719935,-0.045436877500046387,-0.0019528122047106429
0.036732861581719935,-0.04431468111773236,-0.0038735592870083459
0.036732861581719935,-0.042464838896610665,-0.0057307026329036989
0.036732861581719935,-0.039917725194810454,-0.0074937480000006051
0.036732861581719935,-0.036715163548896534,-0.0091337462321133423
0.036732861581719935,-0.032909739932555228,-0.010623768603610821
0.036732861581719935,-0.028563939296360225,-0.011939348988346945
0.036732861581719935,-0.023749119566611736,-0.013058885592775531
0.036732861581719935,-0.018544339950159295,-0.013963995656803126
0.036732861581719935,-0.013035062784411227,-0.014639817298201506
0.036732861581719935,-0.0073117502481168479,-0.015075253544303018
0.036732861581719935,-0.0014683789748926779,-0.01526315454398495
0.036732861581719935,0.0043991030405037424,-0.015200434968027336
0.036732861581719935,0.010194351905594819,-0.01488812467013342
0.036732861581719935,0.015822209794234141,-0.014331351776760336
0.036732861581719935,0.021190267435480695,-0.013539258483424455
0.036732861581719935,0.026210381471273261,-0.012524850940103744
0.036732861581719935,0.030800121767932623,-0.011304785690614719
0.036732861581719935,0.034884124916677826,-0.0098990961726234828
0.036732861581719935,0.038395331698714903,-0.0083308637691530425
0.036732861581719935,0.041276088195755296,-0.006625838812912282
0.036732861581719935,0.043479092465760448,-0.0048120177665446906
0.036732861581719935,0.044968171239522202,-0.0029191835214858602
0.036732861581719935,0.045718873884743202,-0.00097841636370940305
0.040859161389828008,0.045104690282195221,0
0.040859161389828008,0.044718813404139697,0.0019624478245999022
0.040859161389828008,0.043567785230341931,0.0038913176228275717
0.040859161389828008,0.041671300171980896,0.005753605897651593
0.040859161389828008,0.039061807614210166,0.0075174483803658702
0.040859161389828008,0.035783956698181199,0.0091526652370616385
0.040859161389828008,0.031893832361859213,0.010631277453953071
0.040859161389828008,0.027457995711184919,0.011927985566060399
0.040859161389828008,0.022552345141097614,0.013020602538070055
0.040859161389828008,0.017260817692954782,0.013890433390660302
0.040859161389828008,0.011673952868482725,0.014522595076780644
0.040859161389828008,0.0058873434737997119,0.014906271134713232
0.040859161389828008,2.7618657290311551e-18,0.015034896760731742
0.040859161389828008,-0.0058873434737996971,0.014906271134713234
0.040859161389828008,-0.011673952868482709,0.014522595076780645
0.040859161389828008,-0.017260817692954764,0.013890433390660303
0.040859161389828008,-0.022552345141097604,0.013020602538070056
0.040859161389828008,-0.027457995711184905,0.011927985566060402
0.040859161389828008,-0.031893832361859213,0.010631277453953073
0.040859161389828008,-0.035783956698181185,0.0091526652370616437
0.040859161389828008,-0.039061807614210152,0.0075174483803658763
0.040859161389828008,-0.041671300171980896,0.0057536058976515947
0.040859161389828008,-0.043567785230341924,0.003891317622827576
0.040859161389828008,-0.044718813404139697,0.0019624478245999083
0.040859161389828008,-0.045104690282195221,1.8412438193541036e-18
0.040859161389828008,-0.044718813404139697,-0.0019624478245998983
0.040859161389828008,-0.043567785230341931,-0.003891317622827566
0.040859161389828008,-0.04167130017198091,-0.0057536058976515852
0.040859161389828008,-0.039061807614210173,-0.0075174483803658676
0.040859161389828008,-0.035783956698181206,-0.009152665237061635
0.040859161389828008,-0.031893832361859227,-0.010631277453953066
0.040859161389828008,-0.027457995711184929,-0.011927985566060395
0.040859161389828008,-0.022552345141097632,-0.013020602538070051
0.040859161389828008,-0.017260817692954802,-0.013890433390660298
0.040859161389828008,-0.011673952868482749,-0.014522595076780642
0.040859161389828008,-0.0058873434737997474,-0.014906271134713231
0.040859161389828008,-8.285597187093466e-18,-0.015034896760731742
0.040859161389828008,0.0058873434737996919,-0.014906271134713234
0.040859161389828008,0.011673952868482693,-0.014522595076780647
0.040859161389828008,0.01726081769295475,-0.013890433390660305
0.040859161389828008,0.022552345141097579,-0.013020602538070062
0.040859161389828008,0.027457995711184884,-0.011927985566060407
0.040859161389828008,0.031893832361859206,-0.010631277453953075
0.040859161389828008,0.035783956698181185,-0.0091526652370616437
0.040859161389828008,0.039061807614210152,-0.007517448380365878
0.040859161389828008,0.041671300171980889,-0.0057536058976516025
0.040859161389828008,0.043567785230341917,-0.0038913176228275843
0.040859161389828008,0.04471881340413969,-0.001962447824599917
0.04497081685542581,0.04422450017626945,0.00098682731946055351
0.04497081685542581,0.043435312922926066,0.0029428720014875137
0.04497081685542581,0.041871021481471392,0.0048464010629299982
0.04497081685542581,0.039559540669736958,0.0066634459825911218
0.04497081685542581,0.036542118917568138,0.0083615815508329434
0.04497081685542581,0.032872602187616451,0.009910504498210607
0.04497081685542581,0.028616473092860355,0.01128257425803349
0.04497081685542581,0.023849682357825325,0.012453306212932619
0.04497081685542581,0.018657293476105438,0.013401808623437666
0.04497081685542581,0.013131964750304958,0.014111155441562728
0.04497081685542581,0.0073722958024332666,0.014568688356533622
0.04497081685542581,0.0014810680613142329,0.014766242682643541
0.04497081685542581,-0.0044365893744461168,0.014700293058262901
0.04497081685542581,-0.010275075767714721,0.014372016356001154
0.04497081685542581,-0.015930203190487383,0.013787270681387177
0.04497081685542581,-0.021301055759932287,0.012956490834837339
0.04497081685542581,-0.02629179048470982,0.011894502102394863
0.04497081685542581,-0.030813347585423628,0.010620255698149166
0.04497081685542581,-0.034785039768493793,0.0091564905793714655
0.04497081685542581,-0.038135992092822292,0.0075293276692835927
0.04497081685542581,-0.040806406734795957,0.0057678037285642716
0.04497081685542581,-0.042748630081865455,0.0039033531936669198
0.04497081685542581,-0.043928003112390229,0.001969247228556422
0.04497081685542581,-0.044323479886700684,1.8093535923440026e-18
0.04497081685542581,-0.043928003112390236,-0.0019692472285564185
0.04497081685542581,-0.042748630081865462,-0.0039033531936669163
0.04497081685542581,-0.040806406734795957,-0.005767803728564275
0.04497081685542581,-0.038135992092822285,-0.0075293276692835961
0.04497081685542581,-0.0347850397684938,-0.009156490579371462
0.04497081685542581,-0.030813347585423631,-0.010620255698149162
0.04497081685542581,-0.026291790484709844,-0.011894502102394856
0.04497081685542581,-0.021301055759932314,-0.012956490834837336
0.04497081685542581,-0.015930203190487411,-0.013787270681387173
0.04497081685542581,-0.010275075767714741,-0.014372016356001152
0.04497081685542581,-0.0044365893744461368,-0.014700293058262901
0.04497081685542581,0.0014810680613142123,-0.014766242682643541
0.04497081685542581,0.0073722958024332553,-0.014568688356533622
0.04497081685542581,0.013131964750304948,-0.014111155441562729
0.04497081685542581,0.018657293476105428,-0.013401808623437667
0.04497081685542581,0.023849682357825315,-0.01245330621293262
0.04497081685542581,0.028616473092860348,-0.01128257425803349
0.04497081685542581,0.03287260218761643,-0.0099105044982106157
0.04497081685542581,0.036542118917568117,-0.0083615815508329555
0.04497081685542581,0.039559540669736937,-0.0066634459825911339
0.04497081685542581,0.041871021481471385,-0.0048464010629300086
0.04497081685542581,0.043435312922926059,-0.002942872001487525
0.04497081685542581,0.04422450017626945,-0.00098682731946056414
0.049066550907314176,0.043470308024187942,0
0.049066550907314176,0.043082443685926772,0.0019313416685681198
0.049066550907314176,0.041925772119448194,0.0038282184993063077
0.049066550907314176,0.040020934156258084,0.0056567806802321954
0.049066550907314176,0.037401921674936014,0.0073843974759077169
0.049066550907314176,0.034115471015256735,0.0089802395236860434
0.049066550907314176,0.030220228967099697,0.010415828984418367
0.049066550907314176,0.025785706217094251,0.011665547730168173
0.049066550907314176,0.020891036928770024,0.012707094500311173
0.049066550907314176,0.015623566591534049,0.013521882868059464
0.049066550907314176,0.010077293338342985,0.014095372915687882
0.049066550907314176,0.004351190546793688,0.014417330699710264
0.049066550907314176,-0.0014525593431447693,0.014482010875843413
0.049066550907314176,-0.0072303882771930384,0.014288259224811931
0.049066550907314176,-0.012879190761143713,0.013839533249418532
0.049066550907314176,-0.01829816378084809,0.013143840475324632
0.049066550907314176,-0.023390605634391687,0.012213595556565201
0.049066550907314176,-0.02806564157625583,0.011065398735753415
0.049066550907314176,-0.032239845479304294,0.0097197396123579454
0.049066550907314176,-0.035838728575998458,0.0082006315053150414
0.049066550907314176,-0.038798068712218678,0.0065351829347832235
0.049066550907314176,-0.041065056393126041,0.0047531138699588478
0.049066550907314176,-0.042599237169848835,0.0028862253755216919
0.049066550907314176,-0.043373233550081013,0.00096783212088240366
0.049066550907314176,-0.043373233550081013,-0.00096783212088240008
0.049066550907314176,-0.042599237169848841,-0.0028862253755216889
0.049066550907314176,-0.041065056393126048,-0.0047531138699588443
0.049066550907314176,-0.038798068712218678,-0.0065351829347832261
0.049066550907314176,-0.035838728575998458,-0.008200631505315038
0.049066550907314176,-0.032239845479304301,-0.0097197396123579419
0.049066550907314176,-0.028065641576255837,-0.011065398735753412
0.049066550907314176,-0.023390605634391697,-0.012213595556565199
0.049066550907314176,-0.018298163780848101,-0.013143840475324631
0.049066550907314176,-0.012879190761143721,-0.013839533249418532
0.049066550907314176,-0.0072303882771930401,-0.014288259224811931
0.049066550907314176,-0.0014525593431447704,-0.014482010875843413
0.049066550907314176,0.004351190546793688,-0.014417330699710264
0.049066550907314176,0.010077293338342994,-0.014095372915687882
0.049066550907314176,0.01562356659153406,-0.013521882868059464
0.049066550907314176,0.020891036928770035,-0.012707094500311171
0.049066550907314176,0.025785706217094254,-0.011665547730168171
0.049066550907314176,0.03022022896709968,-0.01041582898441837
0.049066550907314176,0.034115471015256728,-0.0089802395236860469
0.049066550907314176,0.037401921674936008,-0.007384397475907723
0.049066550907314176,0.040020934156258077,-0.0056567806802322014
0.049066550907314176,0.041925772119448187,-0.0038282184993063133
0.049066550907314176,0.043082443685926765,-0.0019313416685681241
0.053145143938140509,0.042446993108020463,0.00096781795696084091
0.053145143938140509,0.041656285939213271,0.00288542525352624
0.053145143938140509,0.040089600980078334,0.0047492825370526832
0.053145143938140509,0.037776122607122563,0.0065246696729014874
0.053145143938140509,0.03475894654516494,0.0081785145578932485
0.053145143938140509,0.031094277075523397,0.0096800091910152642
0.053145143938140509,0.026850380056596439,0.011001183568189422
0.053145143938140509,0.022106311260085141,0.012117426710526883
0.053145143938140509,0.016950443711545644,0.013007945120299033
0.053145143938140509,0.011478821468131199,0.013656150124457358
0.053145143938140509,0.0057933704995297552,0.014049966890225356
0.053145143938140509,2.6052020394175117e-18,0.014182059356386702
0.053145143938140509,-0.0057933704995297396,0.014049966890225356
0.053145143938140509,-0.011478821468131185,0.01365615012445736
0.053145143938140509,-0.016950443711545641,0.013007945120299035
0.053145143938140509,-0.022106311260085144,0.012117426710526881
0.053145143938140509,-0.026850380056596439,0.011001183568189422
0.053145143938140509,-0.031094277075523397,0.0096800091910152659
0.053145143938140509,-0.03475894654516494,0.0081785145578932485
0.053145143938140509,-0.037776122607122563,0.0065246696729014892
0.053145143938140509,-0.040089600980078327,0.0047492825370526867
0.053145143938140509,-0.041656285939213271,0.0028854252535262374
0.053145143938140509,-0.04244699310802047,0.00096781795696083918
0.053145143938140509,-0.042446993108020463,-0.00096781795696084189
0.053145143938140509,-0.041656285939213271,-0.00288542525352624
0.053145143938140509,-0.040089600980078334,-0.0047492825370526832
0.053145143938140509,-0.037776122607122563,-0.0065246696729014857
0.053145143938140509,-0.03475894654516494,-0.0081785145578932468
0.053145143938140509,-0.03109427707552339,-0.0096800091910152677
0.053145143938140509,-0.026850380056596443,-0.011001183568189419
0.053145143938140509,-0.022106311260085141,-0.012117426710526883
0.053145143938140509,-0.016950443711545655,-0.013007945120299031
0.053145143938140509,-0.011478821468131194,-0.013656150124457358
0.053145143938140509,-0.0057933704995297318,-0.014049966890225356
0.053145143938140509,-7.8156061182525335e-18,-0.014182059356386702
0.053145143938140509,0.0057933704995297534,-0.014049966890225356
0.053145143938140509,0.01147882146813118,-0.01365615012445736
0.053145143938140509,0.016950443711545641,-0.013007945120299033
0.053145143938140509,0.022106311260085127,-0.012117426710526886
0.053145143938140509,0.026850380056596436,-0.011001183568189422
0.053145143938140509,0.031094277075523379,-0.0096800091910152711
0.053145143938140509,0.034758946545164933,-0.0081785145578932503
0.053145143938140509,0.037776122607122563,-0.0065246696729014848
0.053145143938140509,0.040089600980078327,-0.0047492825370526884
0.053145143938140509,0.041656285939213271,-0.0028854252535262391
0.053145143938140509,0.042446993108020463,-0.00096781795696084698
0.057205435537316461,0.041552153435321905,0
0.057205435537316461,0.041147770734449633,0.0019276473483873953
0.057205435537316461,0.03994249348112678,0.0038177752338047896
0.057205435537316461,0.037959781026106719,0.0056335944669511379
0.057205435537316461,0.035238224612024437,0.007339762191917008
0.057205435537316461,0.031830796238755496,0.0089030697946729642
0.057205435537316461,0.027803817623693262,0.010293089270967403
0.057205435537316461,0.023235669324959622,0.011482765472817971
0.057205435537316461,0.018215265152997769,0.012448942706192269
0.057205435537316461,0.012840321564389823,0.013172815430252983
0.057205435537316461,0.0072154557221803311,0.013640294285819289
0.057205435537316461,0.0014501492417978358,0.013842280328716908
0.057205435537316461,-0.0043433827440559503,0.013774842130376551
0.057205435537316461,-0.010052375725321323,0.013439292298619104
0.057205435537316461,-0.015565710647501226,0.012842161929237449
0.057205435537316461,-0.020776076717660946,0.011995073485645869
0.057205435537316461,-0.025582060086948404,0.010914514580850054
0.057205435537316461,-0.029890117755805464,0.0096215170648143115
0.057205435537316461,-0.03361639828205077,0.0081412476634254161
0.057205435537316461,-0.036688373853822273,0.0065025181367998975
0.057205435537316461,-0.039046251960935821,0.0047372244911463275
0.057205435537316461,-0.04064413918808308,0.0028797261592855812
0.057205435537316461,-0.041450934477957391,0.00096617723337430266
0.057205435537316461,-0.041450934477957391,-0.00096617723337429919
0.057205435537316461,-0.04064413918808308,-0.0028797261592855843
0.057205435537316461,-0.039046251960935828,-0.0047372244911463249
0.057205435537316461,-0.036688373853822266,-0.0065025181367999001
0.057205435537316461,-0.033616398282050777,-0.0081412476634254126
0.057205435537316461,-0.029890117755805454,-0.0096215170648143149
0.057205435537316461,-0.025582060086948397,-0.010914514580850056
0.057205435537316461,-0.02077607671766097,-0.011995073485645864
0.057205435537316461,-0.015565710647501237,-0.012842161929237447
0.057205435537316461,-0.010052375725321323,-0.013439292298619104
0.057205435537316461,-0.0043433827440559425,-0.013774842130376552
0.057205435537316461,0.0014501492417978441,-0.013842280328716908
0.057205435537316461,0.0072154557221803129,-0.013640294285819291
0.057205435537316461,0.012840321564389813,-0.013172815430252985
0.057205435537316461,0.018215265152997765,-0.012448942706192271
0.057205435537316461,0.023235669324959633,-0.011482765472817969
0.057205435537316461,0.027803817623693241,-0.010293089270967407
0.057205435537316461,0.031830796238755489,-0.0089030697946729676
0.057205435537316461,0.03523822461202443,-0.0073397621919170089
0.057205435537316461,0.037959781026106719,-0.0056335944669511371
0.057205435537316461,0.03994249348112678,-0.0038177752338047865
0.057205435537316461,0.041147770734449626,-0.0019276473483874014
0.061246326280080594,0.040381337555388183,0.00098517765495238145
0.061246326280080594,0.039520679453463187,0.002934535613558237
0.061246326280080594,0.037817706682823957,0.0048213490403557517
0.061246326280080594,0.035308715151460127,0.0066054037829442807
0.061246326280080594,0.032047179657876519,0.008248675811872587
0.061246326280080594,0.028102614168603299,0.0097161416368111587
0.061246326280080594,0.023559090248686087,0.010976524771442543
0.061246326280080594,0.018513445222237853,0.012002962337466531
0.061246326280080594,0.013073218252999626,0.012773577600213129
0.061246326280080594,0.0073543583337694583,0.013271946233260749
0.061246326280080594,0.0014787530349258367,0.013487446374438794
0.061246326280080594,-0.0044283693175198209,0.013415485012378672
0.061246326280080594,-0.0102411086662769,0.013057595878576959
0.061246326280080594,-0.015835576563915366,0.012421406758571342
0.061246326280080594,-0.021092536640033719,0.011520476918934857
0.061246326280080594,-0.025899945917481893,0.010374008115049816
0.061246326280080594,-0.030155342813895741,0.0090064353390289665
0.061246326280080594,-0.033768030932436473,0.0074469060302814142
0.061246326280080594,-0.036661012098026677,0.0057286588484459543
0.061246326280080594,-0.038772627439771667,0.0038883152490681969
0.061246326280080594,-0.040057871542743616,0.0019650989608559211
0.061246326280080594,-0.040489351660264475,1.6528384970098155e-18
0.061246326280080594,-0.040057871542743609,-0.0019650989608559241
0.061246326280080594,-0.038772627439771674,-0.0038883152490681938
0.061246326280080594,-0.036661012098026684,-0.0057286588484459508
0.061246326280080594,-0.03376803093243648,-0.0074469060302814107
0.061246326280080594,-0.030155342813895748,-0.009006435339028963
0.061246326280080594,-0.025899945917481869,-0.010374008115049821
0.061246326280080594,-0.021092536640033712,-0.011520476918934859
0.061246326280080594,-0.01583557656391537,-0.012421406758571342
0.061246326280080594,-0.010241108666276876,-0.013057595878576961
0.061246326280080594,-0.0044283693175197949,-0.013415485012378672
0.061246326280080594,0.0014787530349258536,-0.013487446374438794
0.061246326280080594,0.0073543583337694661,-0.013271946233260749
0.061246326280080594,0.013073218252999622,-0.012773577600213129
0.061246326280080594,0.018513445222237881,-0.012002962337466528
0.061246326280080594,0.023559090248686104,-0.01097652477144254
0.061246326280080594,0.028102614168603313,-0.0097161416368111552
0.061246326280080594,0.032047179657876526,-0.0082486758118725852
0.061246326280080594,0.035308715151460147,-0.0066054037829442712
0.061246326280080594,0.037817706682823964,-0.0048213490403557421
0.061246326280080594,0.039520679453463187,-0.0029345356135582305
0.061246326280080594,0.040381337555388183,-0.00098517765495237755
0.065266779588586343,0.039358938301571784,0
0.065266779588586343,0.038919331480087083,0.0019553817862514966
0.065266779588586343,0.037610331105596549,0.0038670835745692701
0.065266779588586343,0.035461178083408297,0.0056924011059944135
0.065266779588586343,0.032519880940669536,0.007390559803121313
0.065266779588586343,0.028852143395201844,0.0089236256067789285
0.065266779588586343,0.024539896643017114,0.01025735236022853
0.065266779588586343,0.019679469150785889,0.011361946811715174
0.065266779588586343,0.014379434837069974,0.012212734146480027
0.065266779588586343,0.0087581877103947107,0.012790709181348199
0.065266779588586343,0.0029412971427387542,0.013082960909115727
0.065266779588586343,-0.0029412971427387581,0.013082960909115727
0.065266779588586343,-0.0087581877103947055,0.012790709181348199
0.065266779588586343,-0.014379434837069979,0.012212734146480027
0.065266779588586343,-0.019679469150785903,0.011361946811715172
0.065266779588586343,-0.024539896643017107,0.010257352360228532
0.065266779588586343,-0.028852143395201844,0.0089236256067789285
0.065266779588586343,-0.032519880940669543,0.0073905598031213104
0.065266779588586343,-0.03546117808340829,0.0056924011059944152
0.065266779588586343,-0.037610331105596556,0.0038670835745692701
0.065266779588586343,-0.038919331480087083,0.0019553817862514944
0.065266779588586343,-0.039358938301571784,1.6066932602952686e-18
0.065266779588586343,-0.038919331480087083,-0.001955381786251497
0.065266779588586343,-0.037610331105596549,-0.0038670835745692723
0.065266779588586343,-0.035461178083408297,-0.0056924011059944117
0.065266779588586343,-0.032519880940669536,-0.007390559803121313
0.065266779588586343,-0.028852143395201837,-0.0089236256067789285
0.065266779588586343,-0.024539896643017114,-0.010257352360228528
0.065266779588586343,-0.019679469150785878,-0.011361946811715174
0.065266779588586343,-0.014379434837069971,-0.012212734146480027
0.065266779588586343,-0.0087581877103947159,-0.012790709181348199
0.065266779588586343,-0.0029412971427387412,-0.013082960909115727
0.065266779588586343,0.0029412971427387621,-0.013082960909115727
0.065266779588586343,0.008758187710394702,-0.012790709181348199
0.065266779588586343,0.01437943483706999,-0.012212734146480025
0.065266779588586343,0.019679469150785896,-0.011361946811715172
0.065266779588586343,0.024539896643017103,-0.010257352360228532
0.065266779588586343,0.028852143395201851,-0.008923625606778925
0.065266779588586343,0.032519880940669536,-0.0073905598031213113
0.065266779588586343,0.03546117808340829,-0.0056924011059944161
0.065266779588586343,0.037610331105596556,-0.0038670835745692658
0.065266779588586343,0.038919331480087083,-0.0019553817862514957
0.069265823388442296,0.038050145474856925,0.00097376060936741411
0.069265823388442296,0.037158282314734108,0.0028984577047398911
0.069265823388442296,0.035395460511053571,0.0047552174081320975
0.069265823388442296,0.032802999112795127,0.00650051884581307
0.069265823388442296,0.029441663217865562,0.0080934536313324659
0.069265823388442296,0.025390239690705814,0.0094966847234266311
0.069265823388442296,0.020743690464965187,0.0106773215746204
0.069265823388442296,0.015610926716262517,0.011607691057783184
0.069265823388442296,0.01011225607653859,0.012265986100774253
0.069265823388442296,0.0043765627251314086,0.012636776825730903
0.069265823388442296,-0.0014617135471503085,0.012711372212327796
0.069265823388442296,-0.0072657284927777743,0.012488023807927219
0.069265823388442296,-0.012899440920680428,0.011971966709826991
0.069265823388442296,-0.018230801386461479,0.011175296859016868
0.069265823388442296,-0.023134847319454609,0.010116687521573782
0.069265823388442296,-0.027496632039467027,0.0088209516031317377
0.069265823388442296,-0.03121391900953896,0.0073184600554041732
0.069265823388442296,-0.034199578173718256,0.0056444300068170432
0.069265823388442296,-0.036383628211723903,0.0038380993028671526
0.069265823388442296,-0.03771487684178005,0.001941806804280171
0.069265823388442296,-0.03816212072431216,-4.0912913797640382e-18
0.069265823388442296,-0.037714876841780043,-0.001941806804280179
0.069265823388442296,-0.036383628211723897,-0.0038380993028671604
0.069265823388442296,-0.034199578173718242,-0.005644430006817051
0.069265823388442296,-0.031213919009538942,-0.0073184600554041801
0.069265823388442296,-0.02749663203946701,-0.008820951603131743
0.069265823388442296,-0.023134847319454584,-0.010116687521573787
0.069265823388442296,-0.018230801386461454,-0.011175296859016871
0.069265823388442296,-0.012899440920680396,-0.011971966709826995
0.069265823388442296,-0.0072657284927777586,-0.012488023807927221
0.069265823388442296,-0.001461713547150284,-0.012711372212327796
0.069265823388442296,0.0043765627251314077,-0.012636776825730903
0.069265823388442296,0.010112256076538605,-0.012265986100774251
0.069265823388442296,0.015610926716262546,-0.011607691057783179
0.069265823388442296,0.020743690464965197,-0.010677321574620398
0.069265823388442296,0.025390239690705838,-0.0094966847234266259
0.069265823388442296,0.029441663217865555,-0.0080934536313324659
0.069265823388442296,0.032802999112795134,-0.0065005188458130657
0.069265823388442296,0.035395460511053585,-0.0047552174081320897
0.069265823388442296,0.037158282314734108,-0.0028984577047398894
0.069265823388442296,0.038050145474856932,-0.00097376060936740815
0.073242548600864932,0.036900142775497823,0
0.073242548600864932,0.036445840785655104,0.0019241513649977142
0.073242548600864932,0.035094121238858737,0.0038009237374969224
0.073242548600864932,0.032878267956450831,0.0055841047530362951
0.073242548600864932,0.029852842600239678,0.0072297865769747564
0.073242548600864932,0.026092341183306302,0.0086974470611021013
0.073242548600864932,0.021689359730924267,0.0099509475334132267
0.073242548600864932,0.016752314259108884,0.010959422652150278
0.073242548600864932,0.011402771212490769,0.011698040412952913
0.073242548600864932,0.0057724540949931442,0.01214861359521837
0.073242548600864932,2.2594820869046869e-18,0.012300047591832609
0.073242548600864932,-0.0057724540949931399,0.01214861359521837
0.073242548600864932,-0.011402771212490764,0.011698040412952915
0.073242548600864932,-0.016752314259108881,0.010959422652150278
0.073242548600864932,-0.021689359730924264,0.0099509475334132267
0.073242548600864932,-0.026092341183306299,0.0086974470611021013
0.073242548600864932,-0.029852842600239675,0.0072297865769747581
0.073242548600864932,-0.032878267956450824,0.005584104753036296
0.073242548600864932,-0.035094121238858737,0.0038009237374969237
0.073242548600864932,-0.036445840785655104,0.0019241513649977155
0.073242548600864932,-0.036900142775497823,1.5063213912697914e-18
0.073242548600864932,-0.036445840785655104,-0.0019241513649977124
0.073242548600864932,-0.035094121238858744,-0.0038009237374969211
0.073242548600864932,-0.032878267956450831,-0.0055841047530362942
0.073242548600864932,-0.029852842600239678,-0.0072297865769747555
0.073242548600864932,-0.026092341183306306,-0.0086974470611021013
0.073242548600864932,-0.021689359730924271,-0.0099509475334132267
0.073242548600864932,-0.016752314259108891,-0.010959422652150276
0.073242548600864932,-0.011402771212490772,-0.011698040412952913
0.073242548600864932,-0.0057724540949931477,-0.012148613595218368
0.073242548600864932,-6.7784462607140602e-18,-0.012300047591832609
0.073242548600864932,0.0057724540949931347,-0.01214861359521837
0.073242548600864932,0.01140277121249076,-0.011698040412952915
0.073242548600864932,0.016752314259108878,-0.010959422652150278
0.073242548600864932,0.02168935973092426,-0.0099509475334132284
0.073242548600864932,0.026092341183306295,-0.0086974470611021031
0.073242548600864932,0.029852842600239675,-0.007229786576974759
0.073242548600864932,0.032878267956450824,-0.0055841047530362977
0.073242548600864932,0.035094121238858737,-0.0038009237374969258
0.073242548600864932,0.036445840785655104,-0.0019241513649977172
0.07719611091407147,0.035452774331514961,0.00097923354551441135
0.07719611091407147,0.034485715066236391,0.002910989698092939
0.07719611091407147,0.032577975391500695,0.0047633416400912855
0.07719611091407147,0.029781593472528487,0.0064857620392528648
0.07719611091407147,0.02617284731844572,0.0080312677571034233
0.07719611091407147,0.021850174117036651,0.0093577014264927174
0.07719611091407147,0.016931485124867682,0.01042888139467432
0.07719611091407147,0.011550949355579924,0.011215588664474009
0.07719611091407147,0.0058553337989496225,0.011696363912364442
0.07719611091407147,2.1782963166020618e-18,0.011858092842870706
0.07719611091407147,-0.0058553337989496182,0.011696363912364444
0.07719611091407147,-0.011550949355579921,0.011215588664474009
0.07719611091407147,-0.016931485124867661,0.010428881394674322
0.07719611091407147,-0.021850174117036637,0.0093577014264927226
0.07719611091407147,-0.026172847318445713,0.0080312677571034285
0.07719611091407147,-0.02978159347252848,0.00648576203925287
0.07719611091407147,-0.032577975391500688,0.0047633416400912907
0.07719611091407147,-0.034485715066236391,0.0029109896980929434
0.07719611091407147,-0.035452774331514961,0.00097923354551441547
0.07719611091407147,-0.035452774331514961,-0.00097923354551440744
0.07719611091407147,-0.034485715066236398,-0.0029109896980929356
0.07719611091407147,-0.032577975391500702,-0.0047633416400912829
0.07719611091407147,-0.029781593472528498,-0.0064857620392528622
0.07719611091407147,-0.026172847318445731,-0.0080312677571034215
0.07719611091407147,-0.021850174117036658,-0.0093577014264927174
0.07719611091407147,-0.016931485124867668,-0.010428881394674322
0.07719611091407147,-0.011550949355579928,-0.011215588664474009
0.07719611091407147,-0.0058553337989496112,-0.011696363912364444
0.07719611091407147,-6.5348889498061855e-18,-0.011858092842870706
0.07719611091407147,0.0058553337989496294,-0.011696363912364442
0.07719611091407147,0.011550949355579918,-0.011215588664474009
0.07719611091407147,0.016931485124867685,-0.010428881394674318
0.07719611091407147,0.021850174117036648,-0.0093577014264927191
0.07719611091407147,0.02617284731844571,-0.0080312677571034285
0.07719611091407147,0.029781593472528487,-0.0064857620392528657
0.07719611091407147,0.032577975391500688,-0.0047633416400912915
0.07719611091407147,0.034485715066236391,-0.0029109896980929399
0.07719611091407147,0.035452774331514961,-0.00097923354551441699
0.081125730829449058,0.034185826499454508,0
0.081125730829449058,0.033694094506248669,0.0019258109072627396
0.081125730829449058,0.032233044760781503,0.0037962197410386228
0.081125730829449058,0.029844709004103524,0.00555741824462471
0.081125730829449058,0.026597795307502389,0.0071587399436788702
0.081125730829449058,0.022585711466388426,0.0085541177284383964
0.081125730829449058,0.017923877828087818,0.0097034091205936944
0.081125730829449058,0.012746406858595346,0.010573551099302027
0.081125730829449058,0.0072022449711056351,0.011139511264099466
0.081125730829449058,0.0014508876088916254,0.011385007971485868
0.081125730829449058,-0.0043422091482057763,0.011302978728164461
0.081125730829449058,-0.0100103884539496,0.010895783366115326
0.081125730829449058,-0.015390587109741675,0.010175136154525893
0.081125730829449058,-0.02032802659595789,0.0091617688015945137
0.081125730829449058,-0.02468066576815325,0.0078848340410317286
0.081125730829449058,-0.028323287122173895,0.0063810669609896615
0.081125730829449058,-0.031151099073768652,0.0046937282024592936
0.081125730829449058,-0.033082750621674407,0.0028713594293935988
0.081125730829449058,-0.034062671667807021,0.00096638687341520351
0.081125730829449058,-0.034062671667807021,-0.00096638687341519581
0.081125730829449058,-0.033082750621674414,-0.002871359429393591
0.081125730829449058,-0.031151099073768656,-0.004693728202459291
0.081125730829449058,-0.028323287122173899,-0.0063810669609896597
0.081125730829449058,-0.024680665768153257,-0.0078848340410317269
0.081125730829449058,-0.020328026595957879,-0.0091617688015945154
0.081125730829449058,-0.015390587109741682,-0.010175136154525892
0.081125730829449058,-0.0100103884539496,-0.010895783366115326
0.081125730829449058,-0.0043422091482057988,-0.011302978728164459
0.081125730829449058,0.0014508876088916171,-0.01138500797148587
0.081125730829449058,0.0072022449711056117,-0.011139511264099469
0.081125730829449058,0.012746406858595337,-0.010573551099302029
0.081125730829449058,0.017923877828087801,-0.0097034091205936996
0.081125730829449058,0.022585711466388412,-0.0085541177284383998
0.081125730829449058,0.026597795307502389,-0.0071587399436788702
0.081125730829449058,0.029844709004103517,-0.0055574182446247143
0.081125730829449058,0.032233044760781503,-0.0037962197410386241
0.081125730829449058,0.033694094506248669,-0.0019258109072627465
0.085030690218691612,0.032604319287786364,0.00097814728279791915
0.085030690218691612,0.031556389638953644,0.0029030033899023677
0.085030690218691612,0.02949421166244107,0.0047345545794562089
0.085030690218691612,0.026484065455179451,0.0064139332892218428
0.085030690218691612,0.022622699593026721,0.0078871629056699987
0.085030690218691612,0.01803422155193489,0.0091068926167506645
0.085030690218691612,0.01286610879155695,0.01003391930595276
0.085030690218691612,0.0072844687083487925,0.010638447572725231
0.085030690218691612,0.0014686998071734886,0.010901047381166491
0.085030690218691612,-0.0043942743142545981,0.010813278557365401
0.085030690218691612,-0.010116012843601592,0.010377962063535352
0.085030690218691612,-0.015512614396672139,0.0096090893299676482
0.085030690218691612,-0.020410627759212003,0.0085313725589497499
0.085030690218691612,-0.024652626751650333,0.0071794504542504814
0.085030690218691612,-0.028102270036041769,0.0055967749046800927
0.085030690218691612,-0.030648683238850012,0.0038342144046315555
0.085030690218691612,-0.032210022544541049,0.0019484190988160394
0.085030690218691612,-0.032736105223155711,1.3363388826029533e-18
0.085030690218691612,-0.032210022544541049,-0.0019484190988160368
0.085030690218691612,-0.030648683238850012,-0.0038342144046315529
0.085030690218691612,-0.028102270036041772,-0.0055967749046800909
0.085030690218691612,-0.02465262675165034,-0.0071794504542504788
0.085030690218691612,-0.020410627759212006,-0.0085313725589497465
0.085030690218691612,-0.015512614396672146,-0.0096090893299676464
0.085030690218691612,-0.010116012843601599,-0.010377962063535352
0.085030690218691612,-0.0043942743142546059,-0.010813278557365399
0.085030690218691612,0.0014686998071734806,-0.010901047381166491
0.085030690218691612,0.0072844687083487847,-0.010638447572725231
0.085030690218691612,0.012866108791556941,-0.010033919305952762
0.085030690218691612,0.018034221551934879,-0.0091068926167506663
0.085030690218691612,0.022622699593026718,-0.0078871629056700004
0.085030690218691612,0.026484065455179447,-0.0064139332892218454
0.085030690218691612,0.029494211662441067,-0.0047345545794562106
0.085030690218691612,0.031556389638953644,-0.0029030033899023703
0.085030690218691612,0.032604319287786364,-0.00097814728279792197
0.088910334690689097,0.031226446927957952,0
0.088910334690689097,0.030694757328889679,0.0019126148553789994
0.088910334690689097,0.029117794583289749,0.0037600979057867447
0.088910334690689097,0.026549260266101219,0.0054795353317532887
0.088910334690689097,0.023076622732878582,0.0070123737539752309
0.088910334690689097,0.018818138489846089,0.0083064141984208525
0.088910334690689097,0.013918825110411313,0.0093175896697850064
0.088910334690689097,0.0085455228356321761,0.010011465800161686
0.088910334690689097,0.0028812130299105472,0.010364413470143607
0.088910334690689097,-0.0028812130299105433,0.010364413470143609
0.088910334690689097,-0.0085455228356321796,0.010011465800161686
0.088910334690689097,-0.01391882511041131,0.0093175896697850064
0.088910334690689097,-0.018818138489846085,0.0083064141984208542
0.088910334690689097,-0.023076622732878579,0.0070123737539752335
0.088910334690689097,-0.026549260266101219,0.0054795353317532887
0.088910334690689097,-0.029117794583289749,0.0037600979057867447
0.088910334690689097,-0.030694757328889679,0.0019126148553789998
0.088910334690689097,-0.031226446927957952,1.274712275968947e-18
0.088910334690689097,-0.030694757328889679,-0.0019126148553789972
0.088910334690689097,-0.029117794583289745,-0.0037600979057867464
0.088910334690689097,-0.026549260266101216,-0.0054795353317532896
0.088910334690689097,-0.023076622732878582,-0.0070123737539752309
0.088910334690689097,-0.018818138489846092,-0.0083064141984208525
0.088910334690689097,-0.013918825110411304,-0.0093175896697850081
0.088910334690689097,-0.0085455228356321866,-0.010011465800161686
0.088910334690689097,-0.0028812130299105442,-0.010364413470143609
0.088910334690689097,0.0028812130299105325,-0.010364413470143609
0.088910334690689097,0.0085455228356321761,-0.010011465800161686
0.088910334690689097,0.01391882511041132,-0.0093175896697850046
0.088910334690689097,0.018818138489846082,-0.0083064141984208559
0.088910334690689097,0.023076622732878586,-0.00701237375397523
0.088910334690689097,0.026549260266101209,-0.005479535331753293
0.088910334690689097,0.029117794583289749,-0.003760097905786746
0.088910334690689097,0.030694757328889679,-0.0019126148553789966
0.092764068001235336,0.029515381992147621,0.00096900379767646467
0.092764068001235336,0.028381122414606302,0.0028697731205082773
0.092764068001235336,0.026156192218988485,0.0046602586717062649
0.092764068001235336,0.02292609422495653,0.0062716530956537534
0.092764068001235336,0.018814959286961256,0.0076420314083188445
0.092764068001235336,0.013980776015118797,0.0087187307396628284
0.092764068001235336,0.0086093193615248299,0.0094603741382021031
0.092764068001235336,0.0029070113930293982,0.0098384606640492082
0.092764068001235336,-0.0029070113930293948,0.0098384606640492082
0.092764068001235336,-0.0086093193615248264,0.0094603741382021031
0.092764068001235336,-0.013980776015118794,0.0087187307396628302
0.092764068001235336,-0.018814959286961253,0.0076420314083188454
0.092764068001235336,-0.02292609422495653,0.0062716530956537534
0.092764068001235336,-0.026156192218988489,0.0046602586717062631
0.092764068001235336,-0.028381122414606302,0.0028697731205082778
0.092764068001235336,-0.029515381992147618,0.00096900379767646684
0.092764068001235336,-0.029515381992147621,-0.00096900379767646456
0.092764068001235336,-0.028381122414606302,-0.0028697731205082795
0.092764068001235336,-0.026156192218988485,-0.0046602586717062649
0.092764068001235336,-0.022926094224956534,-0.0062716530956537508
0.092764068001235336,-0.018814959286961266,-0.0076420314083188411
0.092764068001235336,-0.013980776015118801,-0.0087187307396628284
0.092764068001235336,-0.0086093193615248594,-0.0094603741382020996
0.092764068001235336,-0.0029070113930294151,-0.0098384606640492082
0.092764068001235336,0.0029070113930293783,-0.0098384606640492082
0.092764068001235336,0.0086093193615248229,-0.0094603741382021031
0.092764068001235336,0.01398077601511879,-0.0087187307396628302
0.092764068001235336,0.018814959286961239,-0.0076420314083188489
0.092764068001235336,0.02292609422495652,-0.0062716530956537578
0.092764068001235336,0.026156192218988478,-0.0046602586717062683
0.092764068001235336,0.028381122414606295,-0.0028697731205082873
0.092764068001235336,0.029515381992147618,-0.00096900379767647247
0.096591354799008086,0.028032694294755529,0
0.096591354799008086,0.027420112666519364,0.0019427749563333261
0.096591354799008086,0.025609140538457566,0.003800641324606334
0.096591354799008086,0.022678926082574855,0.0054924014294935519
0.096591354799008086,0.018757533731322273,0.0069441172364457498
0.096591354799008086,0.014016347147377768,0.0080923417985937964
0.096591354799008086,0.0086625789351970905,0.0088868921927790761
0.096591354799008086,0.0029302144558827183,0.0092930427540998863
0.096591354799008086,-0.0029302144558827083,0.0092930427540998863
0.096591354799008086,-0.0086625789351970871,0.0088868921927790761
0.096591354799008086,-0.014016347147377759,0.0080923417985937982
0.096591354799008086,-0.018757533731322263,0.0069441172364457515
0.096591354799008086,-0.022678926082574852,0.0054924014294935528
0.096591354799008086,-0.025609140538457562,0.0038006413246063366
0.096591354799008086,-0.02742011266651936,0.00194277495633333
0.096591354799008086,-0.028032694294755529,1.1443383113182879e-18
0.096591354799008086,-0.027420112666519364,-0.0019427749563333239
0.096591354799008086,-0.025609140538457573,-0.003800641324606331
0.096591354799008086,-0.022678926082574855,-0.005492401429493551
0.096591354799008086,-0.01875753373132228,-0.0069441172364457472
0.096591354799008086,-0.014016347147377777,-0.0080923417985937947
0.096591354799008086,-0.008662578935197094,-0.0088868921927790761
0.096591354799008086,-0.0029302144558827339,-0.0092930427540998863
0.096591354799008086,0.0029302144558826988,-0.0092930427540998863
0.096591354799008086,0.0086625789351970853,-0.0088868921927790761
0.096591354799008086,0.014016347147377746,-0.0080923417985938016
0.096591354799008086,0.01875753373132226,-0.0069441172364457524
0.096591354799008086,0.022678926082574852,-0.0054924014294935536
0.096591354799008086,0.025609140538457559,-0.0038006413246063418
0.096591354799008086,0.02742011266651936,-0.0019427749563333313
0.10039171642179463,0.026185603358012666,0.00098346963780183592
0.10039171642179463,0.024872547864084611,0.0029010936391545518
0.10039171642179463,0.022312278961536307,0.0046732446915279972
0.10039171642179463,0.018633179223893424,0.0062110597412978075
0.10039171642179463,0.014019734074583989,0.0074374263205121017
0.10039171642179463,0.0087032809174636579,0.0082908492880282049
0.10039171642179463,0.0029504089134055086,0.00872853445267089
0.10039171642179463,-0.0029504089134055056,0.00872853445267089
0.10039171642179463,-0.0087032809174636527,0.0082908492880282049
0.10039171642179463,-0.014019734074583986,0.0074374263205121026
0.10039171642179463,-0.018633179223893421,0.0062110597412978084
0.10039171642179463,-0.022312278961536303,0.0046732446915279981
0.10039171642179463,-0.024872547864084611,0.0029010936391545535
0.10039171642179463,-0.026185603358012666,0.00098346963780183701
0.10039171642179463,-0.026185603358012666,-0.00098346963780183484
0.10039171642179463,-0.024872547864084611,-0.0029010936391545509
0.10039171642179463,-0.022312278961536307,-0.0046732446915279955
0.10039171642179463,-0.018633179223893424,-0.0062110597412978075
0.10039171642179463,-0.014019734074583991,-0.0074374263205121017
0.10039171642179463,-0.0087032809174636596,-0.0082908492880282032
0.10039171642179463,-0.0029504089134055121,-0.00872853445267089
0.10039171642179463,0.0029504089134055026,-0.00872853445267089
0.10039171642179463,0.0087032809174636492,-0.0082908492880282049
0.10039171642179463,0.014019734074583982,-0.0074374263205121026
0.10039171642179463,0.018633179223893417,-0.0062110597412978093
0.10039171642179463,0.0223122789615363,-0.0046732446915279989
0.10039171642179463,0.024872547864084608,-0.0029010936391545544
0.10039171642179463,0.026185603358012666,-0.00098346963780183787
0.10416472679599932,0.024615341628724766,0
0.10416472679599932,0.023951831909400638,0.0018922294811103326
0.10416472679599932,0.021997072732140115,0.003682448381108662
0.10416472679599932,0.018856445670159861,0.0052741455357151858
0.10416472679599932,0.014699262741292247,0.0065815121393296167
0.10416472679599932,0.0097496387532792252,0.0075340677199518665
0.10416472679599932,0.0042744092164769864,0.0080804597596707689
0.10416472679599932,-0.0014312548275751135,0.008191232122196768
0.10416472679599932,-0.0070597595534061348,0.0078604130407937314
0.10416472679599932,-0.012307670814362379,0.0071058370577694241
0.10416472679599932,-0.016892072355994502,0.0059681835596833996
0.10416472679599932,-0.020565817904564996,0.0045087837410881073
0.10416472679599932,-0.023130854886636843,0.0028063142239555831
0.10416472679599932,-0.024448901494571473,0.00095255558062225091
0.10416472679599932,-0.024448901494571473,-0.00095255558062224896
0.10416472679599932,-0.023130854886636847,-0.0028063142239555814
0.10416472679599932,-0.020565817904565003,-0.0045087837410881055
0.10416472679599932,-0.016892072355994502,-0.0059681835596833979
0.10416472679599932,-0.012307670814362393,-0.0071058370577694215
0.10416472679599932,-0.0070597595534061461,-0.0078604130407937296
0.10416472679599932,-0.001431254827575125,-0.008191232122196768
0.10416472679599932,0.0042744092164769751,-0.0080804597596707689
0.10416472679599932,0.0097496387532792148,-0.0075340677199518674
0.10416472679599932,0.014699262741292241,-0.0065815121393296185
0.10416472679599932,0.018856445670159854,-0.0052741455357151884
0.10416472679599932,0.021997072732140112,-0.0036824483811086642
0.10416472679599932,0.023951831909400638,-0.001892229481110335
0.10791001574138832,0.02264618159752042,0.00095362601513081615
0.10791001574138832,0.021223238720918303,0.0028009582156706277
0.10791001574138832,0.018466761701868811,0.004472295910316117
0.10791001574138832,0.014549950129092163,0.0058626228049626396
0.10791001574138832,0.0097189116787312346,0.0068845795475549146
0.10791001574138832,0.0042771982639387782,0.0074739528374618792
0.10791001574138832,-0.0014332672482118103,0.0075937101833153456
0.10791001574138832,-0.0070536753079690371,0.0072363267906386279
0.10791001574138832,-0.012230875006523432,0.006424258372357783
0.10791001574138832,-0.016639563846406222,0.0052085301737721246
0.10791001574138832,-0.020002727693784212,0.0036655308687343433
0.10791001574138832,-0.022109046595275236,0.0018922127783344476
0.10791001574138832,-0.022826172787799557,-2.4471523643661981e-18
0.10791001574138832,-0.022109046595275232,-0.0018922127783344523
0.10791001574138832,-0.020002727693784209,-0.0036655308687343477
0.10791001574138832,-0.016639563846406212,-0.005208530173772128
0.10791001574138832,-0.012230875006523418,-0.0064242583723577856
0.10791001574138832,-0.007053675307969018,-0.0072363267906386296
0.10791001574138832,-0.0014332672482118057,-0.0075937101833153456
0.10791001574138832,0.0042771982639387869,-0.0074739528374618792
0.10791001574138832,0.0097189116787312329,-0.0068845795475549146
0.10791001574138832,0.01454995012909217,-0.0058626228049626378
0.10791001574138832,0.018466761701868822,-0.0044722959103161127
0.10791001574138832,0.021223238720918303,-0.0028009582156706269
0.10791001574138832,0.02264618159752042,-0.00095362601513081257
0.11162726122517765,0.020985117397601286,0
0.11162726122517765,0.020206932319173341,0.0018872389720746413
0.11162726122517765,0.01793009151119665,0.0036345100631343255
0.11162726122517765,0.014323457840545221,0.0051122261695885247
0.11162726122517765,0.0096545188273200935,0.0062107918479229014
0.11162726122517765,0.0042695483191574233,0.0068487315073789664
0.11162726122517765,-0.0014320750559532534,0.0069787320817946159
0.11162726122517765,-0.0070274879754713328,0.0065911520232784983
0.11162726122517765,-0.01210170426046701,0.0057147363717099647
0.11162726122517765,-0.016278392502077067,0.0044144848666310297
0.11162726122517765,-0.019247786840498597,0.0027868312139185608
0.11162726122517765,-0.020789660881726093,0.00095249103897423852
0.11162726122517765,-0.020789660881726093,-0.00095249103897423679
0.11162726122517765,-0.019247786840498604,-0.0027868312139185569
0.11162726122517765,-0.01627839250207707,-0.004414484866631028
0.11162726122517765,-0.012101704260467014,-0.0057147363717099638
0.11162726122517765,-0.007027487975471338,-0.0065911520232784975
0.11162726122517765,-0.0014320750559532634,-0.0069787320817946159
0.11162726122517765,0.0042695483191574094,-0.0068487315073789681
0.11162726122517765,0.0096545188273200813,-0.006210791847922904
0.11162726122517765,0.014323457840545209,-0.0051122261695885291
0.11162726122517765,0.01793009151119665,-0.0036345100631343255
0.11162726122517765,0.020206932319173337,-0.001887238972074642
0.1153161880659383,0.018880234026373083,0.00094857913359135322
0.1153161880659383,0.017202642378587502,0.0027614519819835048
0.1153161880659383,0.013996520462911773,0.0043289577033440016
0.1153161880659383,0.0095467462813879737,0.0055118165354444042
0.1153161880659383,0.0042487017975568466,0.00620492628016211
0.1153161880659383,-0.0014268584861079421,0.0063467010950169316
0.1153161880659383,-0.0069756361316167057,0.0059245436655404934
0.1153161880659383,-0.011904597894756381,0.0049759645319491386
0.1153161880659383,-0.015775783892479564,0.0035852491130334259
0.1153161880659383,-0.018245222260468621,0.0018759685768181087
0.1153161880659383,-0.019093492562775944,-2.0469785234421605e-18
0.1153161880659383,-0.018245222260468617,-0.0018759685768181098
0.1153161880659383,-0.015775783892479561,-0.0035852491130334272
0.1153161880659383,-0.011904597894756376,-0.0049759645319491386
0.1153161880659383,-0.0069756361316167057,-0.0059245436655404934
0.1153161880659383,-0.0014268584861079508,-0.0063467010950169316
0.1153161880659383,0.0042487017975568423,-0.00620492628016211
0.1153161880659383,0.0095467462813879737,-0.0055118165354444042
0.1153161880659383,0.013996520462911768,-0.0043289577033440033
0.1153161880659383,0.017202642378587499,-0.0027614519819835065
0.1153161880659383,0.018880234026373083,-0.00094857913359135289
0.11897656976040492,0.017152598535084843,0
0.11897656976040492,0.016223223434452292,0.0018564798799410268
0.11897656976040492,0.013535810345448688,0.0035117813586370951
0.11897656976040492,0.0093815821757780929,0.0047865268362226616
0.11897656976040492,0.0042107140071158617,0.0055425778604872725
0.11897656976040492,-0.0014164503601769916,0.005698004571611493
0.11897656976040492,-0.0068901203524528044,0.0052359640737511051
0.11897656976040492,-0.011617138893307644,0.004206525624146285
0.11897656976040492,-0.015085260176589994,0.0027212448521950535
0.11897656976040492,-0.01691865944780991,0.00094107497604406965
0.11897656976040492,-0.016918659447809913,-0.00094107497604406824
0.11897656976040492,-0.015085260176589996,-0.0027212448521950526
0.11897656976040492,-0.011617138893307653,-0.0042065256241462816
0.11897656976040492,-0.0068901203524528148,-0.0052359640737511034
0.11897656976040492,-0.0014164503601769996,-0.005698004571611493
0.11897656976040492,0.0042107140071158547,-0.0055425778604872734
0.11897656976040492,0.0093815821757780877,-0.0047865268362226633
0.11897656976040492,0.013535810345448684,-0.0035117813586370964
0.11897656976040492,0.016223223434452292,-0.0018564798799410283
0.12260822074598615,0.014905527932041009,0.00092877535549877848
0.12260822074598615,0.012892453790437346,0.0026608898082143163
0.12260822074598615,0.0091381823248824871,0.0040336363478310861
0.12260822074598615,0.0041497486999359625,0.004861617947522677
0.12260822074598615,-0.0013991314814882621,0.0050330111042463125
0.12260822074598615,-0.0067590512034823198,0.0045246682224641972
0.12260822074598615,-0.011206123607250441,0.003405243825186156
0.12260822074598615,-0.014139746922584885,0.0018259223802093039
0.12260822074598615,-0.015163719064981771,6.1900666720332078e-19
0.12260822074598615,-0.014139746922584887,-0.0018259223802093028
0.12260822074598615,-0.011206123607250443,-0.0034052438251861552
0.12260822074598615,-0.0067590512034823172,-0.004524668222464198
0.12260822074598615,-0.0013991314814882625,-0.0050330111042463125
0.12260822074598615,0.004149748699935959,-0.004861617947522677
0.12260822074598615,0.0091381823248824941,-0.0040336363478310844
0.12260822074598615,0.012892453790437349,-0.0026608898082143145
0.12260822074598615,0.014905527932041009,-0.00092877535549877707
0.12621099370299063,0.013128119694071117,0
0.12621099370299063,0.011828027138454707,0.0018986925534821436
0.12621099370299063,0.0081852487468341388,0.0034213257608111205
0.12621099370299063,0.00292128145541499,0.0042663234414046123
0.12621099370299063,-0.0029212814554149887,0.0042663234414046123
0.12621099370299063,-0.0081852487468341371,0.0034213257608111209
0.12621099370299063,-0.011828027138454706,0.001898692553482144
0.12621099370299063,-0.013128119694071117,5.3591032540558419e-19
0.12621099370299063,-0.011828027138454707,-0.0018986925534821431
0.12621099370299063,-0.0081852487468341388,-0.0034213257608111201
0.12621099370299063,-0.0029212814554149917,-0.0042663234414046123
0.12621099370299063,0.0029212814554149874,-0.0042663234414046123
0.12621099370299063,0.0081852487468341371,-0.0034213257608111209
0.12621099370299063,0.011828027138454706,-0.0018986925534821444
0.12978478249538847,0.010670624153264483,0.00095306170820108355
0.12978478249538847,0.0078114390286612321,0.002603813009553744
0.12978478249538847,0.0028591851246032528,0.0035568747177548276
0.12978478249538847,-0.0028591851246032489,0.003556874717754828
0.12978478249538847,-0.0078114390286612313,0.0026038130095537445
0.12978478249538847,-0.010670624153264481,0.00095306170820108464
0.12978478249538847,-0.010670624153264483,-0.00095306170820108377
0.12978478249538847,-0.0078114390286612339,-0.002603813009553744
0.12978478249538847,-0.0028591851246032589,-0.0035568747177548272
0.12978478249538847,0.0028591851246032455,-0.0035568747177548285
0.12978478249538847,0.0078114390286612235,-0.0026038130095537475
0.12978478249538847,0.010670624153264479,-0.0009530617082010867
0.13332951597795567,0.008921709206361152,0
0.13332951597795567,0.0072178143668175966,0.001748016365580357
0.13332951597795567,0.002756959763637021,0.0028283498924000791
0.13332951597795567,-0.0027569597636370202,0.0028283498924000796
0.13332951597795567,-0.0072178143668175957,0.0017480163655803572
0.13332951597795567,-0.008921709206361152,3.6419808741645532e-19
0.13332951597795567,-0.0072178143668175966,-0.0017480163655803566
0.13332951597795567,-0.0027569597636370219,-0.0028283498924000791
0.13332951597795567,0.0027569597636370189,-0.0028283498924000796
0.13332951597795567,0.0072178143668175957,-0.0017480163655803577
0.13684515318029317,0.0062392507522333052,0.00086146076020719037
0.13684515318029317,0.0025843822806215708,0.0020797502507444356
0.13684515318029317,-0.0025843822806215699,0.0020797502507444356
0.13684515318029317,-0.0062392507522333052,0.00086146076020719058
0.13684515318029317,-0.006239250752233306,-0.00086146076020719015
0.13684515318029317,-0.0025843822806215742,-0.0020797502507444352
0.13684515318029317,0.0025843822806215721,-0.0020797502507444352
0.13684515318029317,0.0062392507522333034,-0.00086146076020719177
0.14033168882713146,0.0045430346354967529,0
0.14033168882713146,0.0032124105979251093,0.001070803532641703
0.14033168882713146,2.7818064123883305e-19,0.0015143448784989179
0.14033168882713146,-0.0032124105979251089,0.0010708035326417033
0.14033168882713146,-0.0045430346354967529,1.8545376082588871e-19
0.14033168882713146,-0.0032124105979251098,-0.001070803532641703
0.14033168882713146,-8.3454192371649909e-19,-0.0015143448784989179
0.14033168882713146,0.0032124105979251085,-0.0010708035326417035
0.14378914077005361,0.0021175429078219951,0.00029237166377561036
0.14378914077005361,0.00087711499132683119,0.00070584763594066504
0.14378914077005361,-0.00087711499132683097,0.00070584763594066504
0.14378914077005361,-0.0021175429078219951,0.00029237166377561047
0.14378914077005361,-0.0021175429078219956,-0.00029237166377561031
0.14378914077005361,-0.00087711499132683238,-0.00070584763594066493
0.14378914077005361,0.00087711499132683162,-0.00070584763594066504
0.14378914077005361,0.0021175429078219947,-0.00029237166377561085
0.14721755875200002,0,0
