$MeshFormat
2.2 0 8
$EndMeshFormat
$Nodes
2425
1 -0.105156841248 0 0
2 -0.10480841178716778 0.0036626062392406482 0.00050569777694573533
3 -0.10480841178716778 0.0015171011779257935 0.0012208624315643184
4 -0.10480841178716778 -0.0015171011779257931 0.0012208624315643184
5 -0.10480841178716778 -0.0036626062392406482 0.00050569777694573544
6 -0.10480841178716778 -0.0036626062392406487 -0.00050569777694573512
7 -0.10480841178716778 -0.0015171011779257957 -0.0012208624315643182
8 -0.10480841178716778 0.0015171011779257942 -0.0012208624315643182
9 -0.10480841178716778 0.0036626062392406474 -0.00050569777694573609
10 -0.10379761233757777 0.0078174880352335063 0
11 -0.10379761233757777 0.005988543268539725 0.001674986152192395
12 -0.10379761233757777 0.0013574925512513307 0.0025662276683764461
13 -0.10379761233757777 -0.0039087440176167514 0.0022567027380835012
14 -0.10379761233757777 -0.0073460358197910544 0.00089124151618405153
15 -0.10379761233757777 -0.0073460358197910552 -0.00089124151618405088
16 -0.10379761233757777 -0.0039087440176167566 -0.0022567027380835003
17 -0.10379761233757777 0.0013574925512513272 -0.0025662276683764466
18 -0.10379761233757777 0.0059885432685397233 -0.0016749861521923959
19 -0.1021982854000477 0.011157091503120598 0.00091665394910090412
20 -0.1021982854000477 0.0086011362972841284 0.0025399674744413171
21 -0.1021982854000477 0.0040747644206689405 0.0035814050613135547
22 -0.1021982854000477 -0.0013850868784868787 0.0038023859092486648
23 -0.1021982854000477 -0.0065276314658877458 0.0031522859690926242
24 -0.1021982854000477 -0.010174774350940717 0.0017800353025816016
25 -0.1021982854000477 -0.011490999051516631 2.1700788453502875e-18
26 -0.1021982854000477 -0.010174774350940724 -0.0017800353025815977
27 -0.1021982854000477 -0.0065276314658877484 -0.0031522859690926238
28 -0.1021982854000477 -0.0013850868784868868 -0.0038023859092486648
29 -0.1021982854000477 0.0040747644206689292 -0.0035814050613135564
30 -0.1021982854000477 0.0086011362972841232 -0.0025399674744413189
31 -0.1021982854000477 0.011157091503120595 -0.0009166539491009077
32 -0.10010763735834574 0.014936604243205366 0
33 -0.10010763735834574 0.013799622945518676 0.0019053204713824115
34 -0.10010763735834574 0.010561774148270276 0.0035205731727699333
35 -0.10010763735834574 0.0057159909796687947 0.0045998505226785159
36 -0.10010763735834574 9.1460322882861139e-19 0.0049788423282581176
37 -0.10010763735834574 -0.0057159909796687929 0.0045998505226785159
38 -0.10010763735834574 -0.010561774148270274 0.0035205731727699337
39 -0.10010763735834574 -0.013799622945518676 0.0019053204713824121
40 -0.10010763735834574 -0.014936604243205366 6.0973233207606594e-19
41 -0.10010763735834574 -0.013799622945518678 -0.0019053204713824108
42 -0.10010763735834574 -0.010561774148270277 -0.0035205731727699333
43 -0.10010763735834574 -0.0057159909796688025 -0.004599850522678515
44 -0.10010763735834574 -2.7438096864858336e-18 -0.0049788423282581176
45 -0.10010763735834574 0.0057159909796687973 -0.0045998505226785159
46 -0.10010763735834574 0.010561774148270272 -0.0035205731727699341
47 -0.10010763735834574 0.013799622945518673 -0.0019053204713824145
48 -0.09762075676804291 0.017914184792826689 0.00094577115214056803
49 -0.09762075676804291 0.016160619569840048 0.0027447347864750929
50 -0.09762075676804291 0.01282514030570003 0.0042750246562176797
51 -0.09762075676804291 0.0082342469504312153 0.0053868453267614533
52 -0.09762075676804291 0.0028373281322821753 0.0059713640443634728
53 -0.09762075676804291 -0.0028373281322821736 0.0059713640443634728
54 -0.09762075676804291 -0.0082342469504312118 0.0053868453267614533
55 -0.09762075676804291 -0.012825140305700028 0.0042750246562176797
56 -0.09762075676804291 -0.016160619569840048 0.0027447347864750934
57 -0.09762075676804291 -0.017914184792826689 0.00094577115214056868
58 -0.09762075676804291 -0.017914184792826689 -0.00094577115214056727
59 -0.09762075676804291 -0.016160619569840048 -0.0027447347864750921
60 -0.09762075676804291 -0.012825140305700032 -0.0042750246562176797
61 -0.09762075676804291 -0.008234246950431217 -0.0053868453267614524
62 -0.09762075676804291 -0.0028373281322821775 -0.0059713640443634719
63 -0.09762075676804291 0.002837328132282171 -0.0059713640443634728
64 -0.09762075676804291 0.00823424695043121 -0.0053868453267614533
65 -0.09762075676804291 0.012825140305700027 -0.0042750246562176806
66 -0.09762075676804291 0.016160619569840048 -0.0027447347864750938
67 -0.09762075676804291 0.017914184792826689 -0.00094577115214056955
68 -0.094819327845098694 0.021095864277074682 0
69 -0.094819327845098694 0.020313572403938097 0.0018971888757936014
70 -0.094819327845098694 0.01802471579401169 0.0036536719317311912
71 -0.094819327845098694 0.014399048471231444 0.0051391788549291825
72 -0.094819327845098694 0.0097054695946036298 0.0062435363926359655
73 -0.094819327845098694 0.0042920804377131012 0.0068848393983793931
74 -0.094819327845098694 -0.0014396326902811243 0.0070155253619895146
75 -0.094819327845098694 -0.0070645748475185307 0.0066259019033938693
76 -0.094819327845098694 -0.012165569806594945 0.0057448656121077742
77 -0.094819327845098694 -0.016364300106894859 0.0044377589193830766
78 -0.094819327845098694 -0.019349365129958059 0.0028015239490039329
79 -0.094819327845098694 -0.020899376258787766 0.00095751276344644331
80 -0.094819327845098694 -0.020899376258787766 -0.00095751276344644158
81 -0.094819327845098694 -0.019349365129958065 -0.0028015239490039286
82 -0.094819327845098694 -0.016364300106894863 -0.0044377589193830757
83 -0.094819327845098694 -0.012165569806594948 -0.0057448656121077734
84 -0.094819327845098694 -0.0070645748475185351 -0.0066259019033938684
85 -0.094819327845098694 -0.0014396326902811343 -0.0070155253619895146
86 -0.094819327845098694 0.0042920804377130873 -0.0068848393983793948
87 -0.094819327845098694 0.0097054695946036159 -0.0062435363926359681
88 -0.094819327845098694 0.014399048471231433 -0.0051391788549291868
89 -0.094819327845098694 0.01802471579401169 -0.0036536719317311912
90 -0.094819327845098694 0.020313572403938093 -0.0018971888757936021
91 -0.091768745711225314 0.023650272490115674 0.00095721604534728332
92 -0.091768745711225314 0.022275804618232874 0.0028160182188250219
93 -0.091768745711225314 0.019606747951193666 0.0045111636492343983
94 -0.091768745711225314 0.015798218360860126 0.0059441366457629544
95 -0.091768745711225314 0.011071553743580643 0.0070316580264973595
96 -0.091768745711225314 0.0057014506661846789 0.0077105250017687121
97 -0.091768745711225314 6.7487831643725884e-18 0.0079412842905552932
98 -0.091768745711225314 -0.005701450666184665 0.007710525001768713
99 -0.091768745711225314 -0.011071553743580639 0.0070316580264973604
100 -0.091768745711225314 -0.015798218360860119 0.0059441366457629562
101 -0.091768745711225314 -0.019606747951193656 0.0045111636492344018
102 -0.091768745711225314 -0.022275804618232871 0.0028160182188250241
103 -0.091768745711225314 -0.023650272490115674 0.0009572160453472869
104 -0.091768745711225314 -0.023650272490115674 -0.00095721604534728159
105 -0.091768745711225314 -0.022275804618232874 -0.0028160182188250193
106 -0.091768745711225314 -0.019606747951193666 -0.0045111636492343975
107 -0.091768745711225314 -0.015798218360860129 -0.0059441366457629518
108 -0.091768745711225314 -0.011071553743580636 -0.0070316580264973613
109 -0.091768745711225314 -0.0057014506661846711 -0.0077105250017687121
110 -0.091768745711225314 -4.3763934109531354e-18 -0.0079412842905552932
111 -0.091768745711225314 0.0057014506661846624 -0.007710525001768713
112 -0.091768745711225314 0.011071553743580646 -0.0070316580264973595
113 -0.091768745711225314 0.015798218360860126 -0.0059441366457629544
114 -0.091768745711225314 0.019606747951193663 -0.0045111636492344001
115 -0.091768745711225314 0.022275804618232871 -0.0028160182188250249
116 -0.091768745711225314 0.023650272490115674 -0.00095721604534728798
117 -0.088519839398940273 0.026337973253144489 0
118 -0.088519839398940273 0.025677625274788868 0.0019535733641758775
119 -0.088519839398940273 0.023729693944729787 0.0038091864024600189
120 -0.088519839398940273 0.020591856673709275 0.005473790928747598
121 -0.088519839398940273 0.016421457724963683 0.0068639167213073839
122 -0.088519839398940273 0.011427618315852569 0.0079098570682406329
123 -0.088519839398940273 0.0058607504068061414 0.0085591641530855782
124 -0.088519839398940273 1.6127357320246e-18 0.008779279007337824
125 -0.088519839398940273 -0.0058607504068061379 0.0085591641530855782
126 -0.088519839398940273 -0.011427618315852565 0.0079098570682406329
127 -0.088519839398940273 -0.01642145772496368 0.0068639167213073848
128 -0.088519839398940273 -0.020591856673709271 0.0054737909287475989
129 -0.088519839398940273 -0.023729693944729784 0.0038091864024600202
130 -0.088519839398940273 -0.025677625274788868 0.0019535733641758784
131 -0.088519839398940273 -0.026337973253144489 1.0751515935157818e-18
132 -0.088519839398940273 -0.025677625274788868 -0.0019535733641758762
133 -0.088519839398940273 -0.023729693944729787 -0.003809186402460018
134 -0.088519839398940273 -0.020591856673709275 -0.0054737909287475971
135 -0.088519839398940273 -0.016421457724963683 -0.006863916721307383
136 -0.088519839398940273 -0.011427618315852572 -0.0079098570682406329
137 -0.088519839398940273 -0.0058607504068061448 -0.0085591641530855782
138 -0.088519839398940273 -4.8382071960737999e-18 -0.008779279007337824
139 -0.088519839398940273 0.0058607504068061353 -0.0085591641530855782
140 -0.088519839398940273 0.011427618315852563 -0.0079098570682406347
141 -0.088519839398940273 0.016421457724963676 -0.0068639167213073848
142 -0.088519839398940273 0.020591856673709271 -0.0054737909287476006
143 -0.088519839398940273 0.023729693944729784 -0.003809186402460021
144 -0.088519839398940273 0.025677625274788868 -0.0019535733641758797
145 -0.085111670743456366 0.028507701071419037 0.00096631162024383478
146 -0.085111670743456366 0.027340592440042489 0.0028593739494619276
147 -0.085111670743456366 0.025054156741787393 0.0046353731732268755
148 -0.085111670743456366 0.021742000922785103 0.0062215996746466931
149 -0.085111670743456366 0.017539725031427346 0.0075531131543795519
150 -0.085111670743456366 0.01261937073645277 0.0085754012941189998
151 -0.085111670743456366 0.0071823779208147146 0.0092466114973103457
152 -0.085111670743456366 0.001451337709204934 0.0095392643393710855
153 -0.085111670743456366 -0.004339120438744638 0.0094413785785620059
154 -0.085111670743456366 -0.009951934486107001 0.0089569616694317178
155 -0.085111670743456366 -0.015157315166305496 0.0081058456971565846
156 -0.085111670743456366 -0.019742153582686529 0.0069228754496434321
157 -0.085111670743456366 -0.023518745911787816 0.0054564818678185497
158 -0.085111670743456366 -0.026332478019925207 0.0037666992772157782
159 -0.085111670743456366 -0.028068155383992065 0.0019227075756354207
160 -0.085111670743456366 -0.028654719168770059 1.1697242866769245e-18
161 -0.085111670743456366 -0.028068155383992065 -0.0019227075756354183
162 -0.085111670743456366 -0.02633247801992521 -0.003766699277215776
163 -0.085111670743456366 -0.023518745911787819 -0.0054564818678185471
164 -0.085111670743456366 -0.019742153582686529 -0.0069228754496434295
165 -0.085111670743456366 -0.015157315166305479 -0.0081058456971565881
166 -0.085111670743456366 -0.0099519344861069888 -0.0089569616694317195
167 -0.085111670743456366 -0.0043391204387446267 -0.0094413785785620076
168 -0.085111670743456366 0.0014513377092049459 -0.0095392643393710855
169 -0.085111670743456366 0.0071823779208147276 -0.009246611497310344
170 -0.085111670743456366 0.01261937073645278 -0.0085754012941189981
171 -0.085111670743456366 0.017539725031427353 -0.0075531131543795501
172 -0.085111670743456366 0.021742000922785106 -0.0062215996746466913
173 -0.085111670743456366 0.0250541567417874 -0.0046353731732268729
174 -0.085111670743456366 0.027340592440042492 -0.0028593739494619254
175 -0.085111670743456366 0.028507701071419037 -0.00096631162024383283
176 -0.08157426470620259 0.030790234269691956 0
177 -0.08157426470620259 0.030233814624852171 0.001942353336504773
178 -0.08157426470620259 0.028584666146034568 0.0038145049626760073
179 -0.08157426470620259 0.025902393356078062 0.0055487904409003896
180 -0.08157426470620259 0.022283940582205276 0.0070825281753581519
181 -0.08157426470620259 0.017860088135450716 0.0083602848882113005
182 -0.08157426470620259 0.012790725569475213 0.0093358791226946809
183 -0.08157426470620259 0.0072590728555084636 0.0099740503612880758
184 -0.08157426470620259 0.0014650583352137914 0.010251733432689781
185 -0.08157426470620259 -0.0043819072104877687 0.010158892147203148
186 -0.08157426470620259 -0.010070499212654422 0.0096988820307812758
187 -0.08157426470620259 -0.015395117134845973 0.0088883290475763183
188 -0.08157426470620259 -0.020163315412197742 0.0077565286942765013
189 -0.08157426470620259 -0.024202758935546787 0.0063443871845271426
190 -0.08157426470620259 -0.027367451691291848 0.0047029429917893918
191 -0.08157426470620259 -0.029543013437713733 0.0028915221859299282
192 -0.08157426470620259 -0.030650813704925926 0.00097559423448338181
193 -0.08157426470620259 -0.030650813704925926 -0.0009755942344833792
194 -0.08157426470620259 -0.02954301343771374 -0.0028915221859299213
195 -0.08157426470620259 -0.027367451691291851 -0.0047029429917893892
196 -0.08157426470620259 -0.024202758935546801 -0.0063443871845271366
197 -0.08157426470620259 -0.020163315412197746 -0.0077565286942765004
198 -0.08157426470620259 -0.015395117134845992 -0.0088883290475763148
199 -0.08157426470620259 -0.010070499212654434 -0.009698882030781274
200 -0.08157426470620259 -0.0043819072104877748 -0.010158892147203146
201 -0.08157426470620259 0.0014650583352137907 -0.010251733432689781
202 -0.08157426470620259 0.0072590728555084428 -0.0099740503612880792
203 -0.08157426470620259 0.012790725569475201 -0.0093358791226946826
204 -0.08157426470620259 0.017860088135450706 -0.0083602848882113022
205 -0.08157426470620259 0.022283940582205272 -0.0070825281753581527
206 -0.08157426470620259 0.025902393356078048 -0.0055487904409003965
207 -0.08157426470620259 0.028584666146034558 -0.0038145049626760129
208 -0.08157426470620259 0.030233814624852168 -0.0019423533365047776
209 -0.077930876035160371 0.032627163911884811 0.00097882757098937062
210 -0.077930876035160371 0.031578500018036942 0.0029050223894545057
211 -0.077930876035160371 0.029514877150733011 0.004737847398062189
212 -0.077930876035160371 0.026502621846882707 0.0064183940929823293
213 -0.077930876035160371 0.022638550470443702 0.007892648320681768
214 -0.077930876035160371 0.018046857454823262 0.0091132263372618229
215 -0.077930876035160371 0.012875123591601031 0.010040897760974677
216 -0.077930876035160371 0.0072895726624577642 0.01064584646897161
217 -0.077930876035160371 0.0014697288700627391 0.010908628912024142
218 -0.077930876035160371 -0.0043973532175130446 0.010820799046194454
219 -0.077930876035160371 -0.010123100754523679 0.010385179795636962
220 -0.077930876035160371 -0.015523483503968878 0.0096157723214933006
221 -0.077930876035160371 -0.020424928720831747 0.0085373060130530254
222 -0.077930876035160371 -0.024669899922919753 0.0071844436648344397
223 -0.077930876035160371 -0.028121960243023849 0.0056006673858481374
224 -0.077930876035160371 -0.030670157622091195 0.0038368810488362015
225 -0.077930876035160371 -0.032232590899694782 0.0019497741979184276
226 -0.077930876035160371 -0.032759042184718049 1.3372682882022937e-18
227 -0.077930876035160371 -0.032232590899694782 -0.0019497741979184247
228 -0.077930876035160371 -0.030670157622091195 -0.0038368810488361993
229 -0.077930876035160371 -0.028121960243023852 -0.0056006673858481357
230 -0.077930876035160371 -0.02466989992291976 -0.0071844436648344379
231 -0.077930876035160371 -0.02042492872083175 -0.0085373060130530237
232 -0.077930876035160371 -0.015523483503968887 -0.0096157723214932989
233 -0.077930876035160371 -0.010123100754523688 -0.01038517979563696
234 -0.077930876035160371 -0.0043973532175130533 -0.010820799046194452
235 -0.077930876035160371 0.0014697288700627311 -0.010908628912024142
236 -0.077930876035160371 0.0072895726624577564 -0.01064584646897161
237 -0.077930876035160371 0.012875123591601024 -0.010040897760974679
238 -0.077930876035160371 0.018046857454823255 -0.0091132263372618247
239 -0.077930876035160371 0.022638550470443698 -0.007892648320681768
240 -0.077930876035160371 0.026502621846882703 -0.0064183940929823319
241 -0.077930876035160371 0.029514877150733008 -0.0047378473980621916
242 -0.077930876035160371 0.031578500018036942 -0.0029050223894545083
243 -0.077930876035160371 0.032627163911884811 -0.00097882757098937344
244 -0.074199702299352785 0.034574004006486442 0
245 -0.074199702299352785 0.034076688433218455 0.0019476682720866562
246 -0.074199702299352785 0.032599048576997226 0.0038393056740960757
247 -0.074199702299352785 0.030183593446154126 0.0056204932420679974
248 -0.074199702299352785 0.02689981128699543 0.0072399894526719065
249 -0.074199702299352785 0.022842170533473 0.0086512043485380621
250 -0.074199702299352785 0.018127402122337752 0.0098135398465048866
251 -0.074199702299352785 0.012891141356620813 0.010693557670554786
252 -0.074199702299352785 0.0072840259249158839 0.011265941310134267
253 -0.074199702299352785 0.0014673623293437422 0.011514224330068894
254 -0.074199702299352785 -0.004391514608823751 0.01143126407992291
255 -0.074199702299352785 -0.010124055667305914 0.01101944717504766
256 -0.074199702299352785 -0.01556534607706144 0.010290620838003259
257 -0.074199702299352785 -0.020558849819934166 0.0092657520755357013
258 -0.074199702299352785 -0.02496091288489103 0.0079743244959673207
259 -0.074199702299352785 -0.028644895932369272 0.0064534901194660205
260 -0.074199702299352785 -0.031504817477503992 0.0047470005820675698
261 -0.074199702299352785 -0.033458402784487716 0.0029039484807652379
262 -0.074199702299352785 -0.034449450760922339 0.00097735506887698079
263 -0.074199702299352785 -0.034449450760922339 -0.00097735506887697298
264 -0.074199702299352785 -0.033458402784487723 -0.0029039484807652301
265 -0.074199702299352785 -0.031504817477503992 -0.0047470005820675672
266 -0.074199702299352785 -0.028644895932369276 -0.0064534901194660196
267 -0.074199702299352785 -0.024960912884891037 -0.0079743244959673172
268 -0.074199702299352785 -0.020558849819934159 -0.0092657520755357013
269 -0.074199702299352785 -0.015565346077061447 -0.010290620838003257
270 -0.074199702299352785 -0.010124055667305914 -0.01101944717504766
271 -0.074199702299352785 -0.0043915146088237744 -0.011431264079922909
272 -0.074199702299352785 0.0014673623293437338 -0.011514224330068896
273 -0.074199702299352785 0.0072840259249158604 -0.011265941310134269
274 -0.074199702299352785 0.012891141356620806 -0.010693557670554788
275 -0.074199702299352785 0.018127402122337731 -0.0098135398465048918
276 -0.074199702299352785 0.022842170533472986 -0.0086512043485380656
277 -0.074199702299352785 0.02689981128699543 -0.0072399894526719065
278 -0.074199702299352785 0.030183593446154119 -0.0056204932420680018
279 -0.074199702299352785 0.032599048576997226 -0.003839305674096077
280 -0.074199702299352785 0.034076688433218448 -0.0019476682720866632
281 -0.070395151152043534 0.036128836018024857 0.0009722020279483933
282 -0.070395151152043534 0.035193118142762186 0.0028914265619955394
283 -0.070395151152043534 0.033345916993696163 0.0047357646668834755
284 -0.070395151152043534 0.030635074110297499 0.0064574489544818262
285 -0.070395151152043534 0.027130798899305978 0.0080118887061009295
286 -0.070395151152043534 0.022923850247975226 0.0093588247486834728
287 -0.070395151152043534 0.018123185916566281 0.010463372146239514
288 -0.070395151152043534 0.012853140589589713 0.011296923701364396
289 -0.070395151152043534 0.0072502056727868159 0.011837890866624862
290 -0.070395151152043534 0.0014594942374165109 0.012072262876597647
291 -0.070395151152043534 -0.0043690173320658403 0.011993969619334403
292 -0.070395151152043534 -0.010084373647586882 0.011605038849072696
293 -0.070395151152043534 -0.015538549982713101 0.010915543668466369
294 -0.070395151152043534 -0.020590286035311742 0.0099433416405179734
295 -0.070395151152043534 -0.025108744495175302 0.0087136122870771545
296 -0.070395151152043534 -0.02897689966163031 0.0072582049524509305
297 -0.070395151152043534 -0.032094568347714 0.0056148139221158227
298 -0.070395151152043534 -0.03438100457209279 0.0038260021605239338
299 -0.070395151152043534 -0.035776990837564936 0.0019380989526809245
300 -0.070395151152043534 -0.036246371833132555 1.4796257882487352e-18
301 -0.070395151152043534 -0.035776990837564943 -0.001938098952680916
302 -0.070395151152043534 -0.03438100457209279 -0.0038260021605239307
303 -0.070395151152043534 -0.032094568347714007 -0.0056148139221158201
304 -0.070395151152043534 -0.028976899661630327 -0.0072582049524509236
305 -0.070395151152043534 -0.025108744495175309 -0.0087136122870771545
306 -0.070395151152043534 -0.020590286035311774 -0.0099433416405179664
307 -0.070395151152043534 -0.015538549982713139 -0.010915543668466362
308 -0.070395151152043534 -0.010084373647586907 -0.011605038849072692
309 -0.070395151152043534 -0.0043690173320658655 -0.011993969619334403
310 -0.070395151152043534 0.0014594942374164942 -0.012072262876597649
311 -0.070395151152043534 0.0072502056727867751 -0.011837890866624866
312 -0.070395151152043534 0.012853140589589682 -0.011296923701364399
313 -0.070395151152043534 0.018123185916566253 -0.010463372146239519
314 -0.070395151152043534 0.022923850247975202 -0.0093588247486834798
315 -0.070395151152043534 0.027130798899305961 -0.0080118887061009347
316 -0.070395151152043534 0.030635074110297471 -0.0064574489544818392
317 -0.070395151152043534 0.033345916993696149 -0.0047357646668834885
318 -0.070395151152043534 0.035193118142762173 -0.0028914265619955502
319 -0.070395151152043534 0.036128836018024857 -0.00097220202794840252
320 -0.066528768955907938 0.037785931808373953 0
321 -0.066528768955907938 0.037343096700515159 0.0019226552031936179
322 -0.066528768955907938 0.036024971056537361 0.0038002449979913618
323 -0.066528768955907938 0.033862450624343912 0.0055887602709744875
324 -0.066528768955907938 0.030906223049998089 0.0072462797400195218
325 -0.066528768955907938 0.027225579802260268 0.0087339525536204062
326 -0.066528768955907938 0.022906792039288856 0.010016908921919343
327 -0.066528768955907938 0.01805108848581314 0.011065077435026799
328 -0.066528768955907938 0.012772282717623113 0.011853889911381969
329 -0.066528768955907938 0.0071941054678168418 0.012364857255105543
330 -0.066528768955907938 0.0014473044832859804 0.012586002824736476
331 -0.066528768955907938 -0.0043334200916547074 0.012512143155556913
332 -0.066528768955907938 -0.010012572972483555 0.012145009455611873
333 -0.066528768955907938 -0.015457039629100717 0.011493207027659968
334 -0.066528768955907938 -0.020539206377591053 0.010572013568170273
335 -0.066528768955907938 -0.025139951536814715 0.0094030210710658573
336 -0.066528768955907938 -0.029151437539650289 0.0080136297296867515
337 -0.066528768955907938 -0.032479638554169181 0.0064364056994813878
338 -0.066528768955907938 -0.035046544369443447 0.0047083177749246826
339 -0.066528768955907938 -0.036791988888771533 0.0028698708723088329
340 -0.066528768955907938 -0.03767506037199056 0.00096415662883582583
341 -0.066528768955907938 -0.03767506037199056 -0.00096415662883582833
342 -0.066528768955907938 -0.036791988888771526 -0.0028698708723088407
343 -0.066528768955907938 -0.03504654436944344 -0.0047083177749246852
344 -0.066528768955907938 -0.032479638554169181 -0.0064364056994813904
345 -0.066528768955907938 -0.029151437539650285 -0.0080136297296867533
346 -0.066528768955907938 -0.025139951536814708 -0.009403021071065859
347 -0.066528768955907938 -0.020539206377591032 -0.010572013568170278
348 -0.066528768955907938 -0.015457039629100692 -0.011493207027659972
349 -0.066528768955907938 -0.010012572972483546 -0.012145009455611873
350 -0.066528768955907938 -0.0043334200916546831 -0.012512143155556914
351 -0.066528768955907938 0.0014473044832859795 -0.012586002824736476
352 -0.066528768955907938 0.0071941054678168496 -0.012364857255105543
353 -0.066528768955907938 0.012772282717623136 -0.011853889911381966
354 -0.066528768955907938 0.01805108848581315 -0.011065077435026797
355 -0.066528768955907938 0.02290679203928887 -0.010016908921919339
356 -0.066528768955907938 0.027225579802260265 -0.0087339525536204079
357 -0.066528768955907938 0.030906223049998093 -0.0072462797400195192
358 -0.066528768955907938 0.033862450624343919 -0.0055887602709744815
359 -0.066528768955907938 0.036024971056537361 -0.0038002449979913618
360 -0.066528768955907938 0.037343096700515159 -0.001922655203193614
361 -0.062609925653179591 0.039091557327344165 0.00097649736041564145
362 -0.062609925653179591 0.038218316533505249 0.0029076787438285529
363 -0.062609925653179591 0.036491341702174808 0.0047739073888988228
364 -0.062609925653179591 0.033949210597344764 0.0065334948315455841
365 -0.062609925653179591 0.030648710227151814 0.008147134795930832
366 -0.062609925653179591 0.026663568315953387 0.0095787812317099739
367 -0.062609925653179591 0.022082806348796884 0.010796453523232222
368 -0.062609925653179591 0.017008750978547274 0.011772950883647866
369 -0.062609925653179591 0.011554748217551857 0.012486459975538529
370 -0.062609925653179591 0.0058426314750229958 0.012921042184829656
371 -0.062609925653179591 -6.3040292191961223e-18 0.01306698966309117
372 -0.062609925653179591 -0.0058426314750229993 0.012921042184829656
373 -0.062609925653179591 -0.011554748217551862 0.012486459975538527
374 -0.062609925653179591 -0.017008750978547277 0.011772950883647864
375 -0.062609925653179591 -0.022082806348796884 0.010796453523232224
376 -0.062609925653179591 -0.026663568315953384 0.0095787812317099756
377 -0.062609925653179591 -0.03064871022715181 0.0081471347959308337
378 -0.062609925653179591 -0.033949210597344764 0.0065334948315455841
379 -0.062609925653179591 -0.036491341702174808 0.0047739073888988263
380 -0.062609925653179591 -0.038218316533505249 0.0029076787438285547
381 -0.062609925653179591 -0.039091557327344165 0.00097649736041564112
382 -0.062609925653179591 -0.039091557327344165 -0.00097649736041563787
383 -0.062609925653179591 -0.038218316533505249 -0.0029076787438285516
384 -0.062609925653179591 -0.036491341702174808 -0.0047739073888988228
385 -0.062609925653179591 -0.033949210597344771 -0.0065334948315455823
386 -0.062609925653179591 -0.030648710227151821 -0.0081471347959308302
387 -0.062609925653179591 -0.026663568315953387 -0.0095787812317099739
388 -0.062609925653179591 -0.02208280634879688 -0.010796453523232224
389 -0.062609925653179591 -0.017008750978547257 -0.011772950883647869
390 -0.062609925653179591 -0.011554748217551846 -0.012486459975538529
391 -0.062609925653179591 -0.0058426314750229915 -0.012921042184829656
392 -0.062609925653179591 2.7616496352371224e-17 -0.01306698966309117
393 -0.062609925653179591 0.0058426314750230123 -0.012921042184829656
394 -0.062609925653179591 0.011554748217551866 -0.012486459975538527
395 -0.062609925653179591 0.017008750978547305 -0.011772950883647861
396 -0.062609925653179591 0.022082806348796898 -0.010796453523232221
397 -0.062609925653179591 0.026663568315953391 -0.0095787812317099721
398 -0.062609925653179591 0.030648710227151831 -0.0081471347959308268
399 -0.062609925653179591 0.033949210597344771 -0.0065334948315455806
400 -0.062609925653179591 0.036491341702174808 -0.004773907388898822
401 -0.062609925653179591 0.038218316533505256 -0.0029076787438285451
402 -0.062609925653179591 0.039091557327344165 -0.0009764973604156369
403 -0.05864631939200167 0.040499446765323237 0
404 -0.05864631939200167 0.040067859067983519 0.001965578747027504
405 -0.05864631939200167 0.038782294518432084 0.0038892645956020923
406 -0.05864631939200167 0.036670152693109442 0.0057300575216690059
407 -0.05864631939200167 0.033776450228026854 0.007448724219902174
408 -0.05864631939200167 0.030162861367325385 0.0090086342934923257
409 -0.05864631939200167 0.02590640348383778 0.010376540967459099
410 -0.05864631939200167 0.021097795587500294 0.011523289685938371
411 -0.05864631939200167 0.015839524807157696 0.012424439490923794
412 -0.05864631939200167 0.010243662055345017 0.013060783938853538
413 -0.05864631939200167 0.0044294734313587948 0.013418760452609532
414 -0.05864631939200167 -0.0014791217285855664 0.013490739384302071
415 -0.05864631939200167 -0.0073561919768626322 0.013275186627968366
416 -0.05864631939200167 -0.013076477764607203 0.012776696316377706
417 -0.05864631939200167 -0.018518061131528922 0.012005892905067581
418 -0.05864631939200167 -0.023564964175568026 0.010979204730519552
419 -0.05864631939200167 -0.028109620920522632 0.0097185138686892124
420 -0.05864631939200167 -0.032055169898080854 0.0082506897565477605
421 -0.05864631939200167 -0.035317518581851774 0.0066070165166823265
422 -0.05864631939200167 -0.037827135673568185 0.0048225261905369956
423 -0.05864631939200167 -0.039530533041992437 0.0029352520912702719
424 -0.05864631939200167 -0.040391405729570264 0.00098541818971669315
425 -0.05864631939200167 -0.040391405729570264 -0.00098541818971669575
426 -0.05864631939200167 -0.039530533041992437 -0.0029352520912702745
427 -0.05864631939200167 -0.037827135673568192 -0.004822526190536993
428 -0.05864631939200167 -0.035317518581851774 -0.0066070165166823291
429 -0.05864631939200167 -0.032055169898080854 -0.0082506897565477588
430 -0.05864631939200167 -0.028109620920522625 -0.0097185138686892159
431 -0.05864631939200167 -0.023564964175568023 -0.010979204730519552
432 -0.05864631939200167 -0.018518061131528932 -0.012005892905067579
433 -0.05864631939200167 -0.013076477764607186 -0.012776696316377708
434 -0.05864631939200167 -0.0073561919768626244 -0.013275186627968366
435 -0.05864631939200167 -0.0014791217285855581 -0.013490739384302071
436 -0.05864631939200167 0.0044294734313587948 -0.013418760452609532
437 -0.05864631939200167 0.010243662055345009 -0.013060783938853538
438 -0.05864631939200167 0.015839524807157713 -0.012424439490923792
439 -0.05864631939200167 0.021097795587500301 -0.011523289685938369
440 -0.05864631939200167 0.02590640348383778 -0.010376540967459099
441 -0.05864631939200167 0.030162861367325378 -0.0090086342934923257
442 -0.05864631939200167 0.033776450228026868 -0.007448724219902168
443 -0.05864631939200167 0.036670152693109449 -0.0057300575216690025
444 -0.05864631939200167 0.038782294518432084 -0.0038892645956020901
445 -0.05864631939200167 0.040067859067983519 -0.0019655787470275049
446 -0.05464434297783767 0.041585584644750005 0.00096931077196047214
447 -0.05464434297783767 0.040776168542541381 0.0028890657842798669
448 -0.05464434297783767 0.039173090701856435 0.0047525884173718752
449 -0.05464434297783767 0.036807553209390095 0.0065236073229089407
450 -0.05464434297783767 0.033725598561674203 0.0081676516323989281
451 -0.05464434297783767 0.029987213500255089 0.0096527218934303015
452 -0.05464434297783767 0.025665161438003306 0.01094991290261447
453 -0.05464434297783767 0.020843566202049219 0.012033976312490565
454 -0.05464434297783767 0.015616274659177394 0.0128838120618892
455 -0.05464434297783767 0.010085030093313827 0.01348287906462217
456 -0.05464434297783767 0.0043574918882356107 0.013819517162909892
457 -0.05464434297783767 -0.0014548599398735544 0.013887174079089359
458 -0.05464434297783767 -0.0072388945741317431 0.013684532948245736
459 -0.05464434297783767 -0.012882032359624982 0.013215537949490028
460 -0.05464434297783767 -0.018274436038332748 0.012489317536999106
461 -0.05464434297783767 -0.023311148606417257 0.011520006765038636
462 -0.05464434297783767 -0.027894136182916401 0.010326472165210161
463 -0.05464434297783767 -0.031934196127724697 0.0089319445308738595
464 -0.05464434297783767 -0.035352693269516539 0.0073635667561804197
465 -0.05464434297783767 -0.038083090449909811 0.0056518655305109623
466 -0.05464434297783767 -0.040072243593568917 0.0038301571711918691
467 -0.05464434297783767 -0.041281436097180706 0.0019338991592747292
468 -0.05464434297783767 -0.041687132404098444 1.7017249733906072e-18
469 -0.05464434297783767 -0.041281436097180699 -0.0019338991592747318
470 -0.05464434297783767 -0.040072243593568917 -0.0038301571711918721
471 -0.05464434297783767 -0.038083090449909811 -0.0056518655305109649
472 -0.05464434297783767 -0.035352693269516532 -0.0073635667561804214
473 -0.05464434297783767 -0.031934196127724697 -0.0089319445308738595
474 -0.05464434297783767 -0.027894136182916394 -0.010326472165210163
475 -0.05464434297783767 -0.023311148606417254 -0.011520006765038638
476 -0.05464434297783767 -0.018274436038332759 -0.012489317536999105
477 -0.05464434297783767 -0.012882032359624982 -0.013215537949490028
478 -0.05464434297783767 -0.0072388945741317353 -0.013684532948245736
479 -0.05464434297783767 -0.0014548599398735464 -0.013887174079089359
480 -0.05464434297783767 0.0043574918882356281 -0.013819517162909892
481 -0.05464434297783767 0.010085030093313819 -0.013482879064622172
482 -0.05464434297783767 0.015616274659177394 -0.0128838120618892
483 -0.05464434297783767 0.020843566202049225 -0.012033976312490563
484 -0.05464434297783767 0.025665161438003313 -0.010949912902614467
485 -0.05464434297783767 0.029987213500255076 -0.009652721893430305
486 -0.05464434297783767 0.033725598561674196 -0.0081676516323989316
487 -0.05464434297783767 0.036807553209390095 -0.0065236073229089407
488 -0.05464434297783767 0.039173090701856435 -0.0047525884173718743
489 -0.05464434297783767 0.040776168542541381 -0.0028890657842798621
490 -0.05464434297783767 0.041585584644750005 -0.0009693107719604768
491 -0.050609375081495274 0.04276975288198686 0
492 -0.050609375081495274 0.042371393095631239 0.0019412612697957455
493 -0.050609375081495274 0.041183734425658508 0.0038463605151425736
494 -0.050609375081495274 0.039228900705953772 0.0056798093416858724
495 -0.050609375081495274 0.036543306790027673 0.0074074540668055411
496 -0.050609375081495274 0.033176980211195112 0.0089971119381019541
497 -0.050609375081495274 0.029192629264285223 0.010419170637181058
498 -0.050609375081495274 0.024664474868757447 0.011647139901117397
499 -0.050609375081495274 0.019676867973403341 0.012658144985930911
500 -0.050609375081495274 0.014322718257768681 0.013433352779786604
501 -0.050609375081495274 0.0087017634006154483 0.013958322628234422
502 -0.050609375081495274 0.0029187111556773764 0.014223275336278877
503 -0.050609375081495274 -0.0029187111556773708 0.014223275336278877
504 -0.050609375081495274 -0.0087017634006154344 0.013958322628234423
505 -0.050609375081495274 -0.014322718257768678 0.013433352779786606
506 -0.050609375081495274 -0.019676867973403334 0.012658144985930911
507 -0.050609375081495274 -0.024664474868757447 0.011647139901117399
508 -0.050609375081495274 -0.029192629264285216 0.010419170637181062
509 -0.050609375081495274 -0.033176980211195098 0.0089971119381019576
510 -0.050609375081495274 -0.036543306790027666 0.0074074540668055463
511 -0.050609375081495274 -0.039228900705953758 0.0056798093416858776
512 -0.050609375081495274 -0.041183734425658508 0.0038463605151425736
513 -0.050609375081495274 -0.042371393095631239 0.0019412612697957462
514 -0.050609375081495274 -0.04276975288198686 1.7459190015638105e-18
515 -0.050609375081495274 -0.042371393095631239 -0.0019412612697957427
516 -0.050609375081495274 -0.041183734425658508 -0.0038463605151425706
517 -0.050609375081495274 -0.039228900705953772 -0.005679809341685868
518 -0.050609375081495274 -0.036543306790027687 -0.0074074540668055367
519 -0.050609375081495274 -0.033176980211195105 -0.0089971119381019541
520 -0.050609375081495274 -0.029192629264285223 -0.010419170637181058
521 -0.050609375081495274 -0.02466447486875745 -0.011647139901117397
522 -0.050609375081495274 -0.019676867973403362 -0.012658144985930908
523 -0.050609375081495274 -0.014322718257768687 -0.013433352779786604
524 -0.050609375081495274 -0.0087017634006154344 -0.013958322628234423
525 -0.050609375081495274 -0.0029187111556773912 -0.014223275336278877
526 -0.050609375081495274 0.0029187111556773756 -0.014223275336278877
527 -0.050609375081495274 0.0087017634006154188 -0.013958322628234425
528 -0.050609375081495274 0.014322718257768673 -0.013433352779786606
529 -0.050609375081495274 0.019676867973403313 -0.012658144985930916
530 -0.050609375081495274 0.024664474868757443 -0.0116471399011174
531 -0.050609375081495274 0.029192629264285199 -0.010419170637181065
532 -0.050609375081495274 0.033176980211195098 -0.0089971119381019593
533 -0.050609375081495274 0.036543306790027673 -0.0074074540668055411
534 -0.050609375081495274 0.039228900705953758 -0.0056798093416858784
535 -0.050609375081495274 0.041183734425658508 -0.0038463605151425754
536 -0.050609375081495274 0.042371393095631232 -0.0019412612697957542
537 -0.04654598427051055 0.043654392542578017 0.00097410087574021438
538 -0.04654598427051055 0.04287537887346396 0.0029049197740161807
539 -0.04654598427051055 0.041331253052616347 0.0047839003101060023
540 -0.04654598427051055 0.039049570041889234 0.0065775120318292777
541 -0.04654598427051055 0.036071046528663123 0.0082537478955204101
542 -0.04654598427051055 0.032448834335594055 0.0097826954324810606
543 -0.04654598427051055 0.028247571925079165 0.01113707053769273
544 -0.04654598427051055 0.023542230924363829 0.012292704355317171
545 -0.04654598427051055 0.018416778255077419 0.013228974572501408
546 -0.04654598427051055 0.012962677741527571 0.013929173425039132
547 -0.04654598427051055 0.0072772579365886275 0.014380805847818786
548 -0.04654598427051055 0.0014619752913698277 0.014575812449556498
549 -0.04654598427051055 -0.0043793963375583136 0.014510713332824469
550 -0.04654598427051055 -0.0101426175350929 0.014186670192903006
551 -0.04654598427051055 -0.015724843482430674 0.013609465587300733
552 -0.04654598427051055 -0.021026459225296029 0.012789399745878853
553 -0.04654598427051055 -0.025952857305159904 0.011741106763005259
554 -0.04654598427051055 -0.030416126031578599 0.010483293451793855
555 -0.04654598427051055 -0.03433661826839237 0.0090384055205813552
556 -0.04654598427051055 -0.037644372738757086 0.0074322270287302782
557 -0.04654598427051055 -0.040280362485786939 0.0056934202694787833
558 -0.04654598427051055 -0.042197548209998416 0.0038530142906388161
559 -0.04654598427051055 -0.043361717686724005 0.0019438511805027899
560 -0.04654598427051055 -0.04375209628407184 1.7860195842464698e-18
561 -0.04654598427051055 -0.043361717686724012 -0.0019438511805027862
562 -0.04654598427051055 -0.042197548209998423 -0.0038530142906388126
563 -0.04654598427051055 -0.040280362485786939 -0.0056934202694787868
564 -0.04654598427051055 -0.037644372738757079 -0.0074322270287302816
565 -0.04654598427051055 -0.034336618268392377 -0.0090384055205813517
566 -0.04654598427051055 -0.030416126031578603 -0.010483293451793852
567 -0.04654598427051055 -0.025952857305159928 -0.011741106763005254
568 -0.04654598427051055 -0.021026459225296053 -0.012789399745878848
569 -0.04654598427051055 -0.015724843482430705 -0.01360946558730073
570 -0.04654598427051055 -0.010142617535092921 -0.014186670192903005
571 -0.04654598427051055 -0.0043793963375583335 -0.014510713332824469
572 -0.04654598427051055 0.0014619752913698073 -0.014575812449556498
573 -0.04654598427051055 0.0072772579365886162 -0.014380805847818786
574 -0.04654598427051055 0.01296267774152756 -0.013929173425039132
575 -0.04654598427051055 0.018416778255077409 -0.01322897457250141
576 -0.04654598427051055 0.023542230924363822 -0.012292704355317173
577 -0.04654598427051055 0.028247571925079162 -0.01113707053769273
578 -0.04654598427051055 0.032448834335594035 -0.0097826954324810693
579 -0.04654598427051055 0.036071046528663095 -0.0082537478955204205
580 -0.04654598427051055 0.039049570041889213 -0.0065775120318292898
581 -0.04654598427051055 0.041331253052616333 -0.0047839003101060127
582 -0.04654598427051055 0.042875378873463946 -0.0029049197740161916
583 -0.04654598427051055 0.043654392542578017 -0.0009741008757402249
584 -0.042458097751925689 0.044638307833422521 0
585 -0.042458097751925689 0.044256420921869065 0.0019421460705619769
586 -0.042458097751925689 0.04311729437814444 0.0038510614833920198
587 -0.042458097751925689 0.041240418973237304 0.005694084166525267
588 -0.042458097751925689 0.038657908565693809 0.0074396794908708833
589 -0.042458097751925689 0.035413950624594168 0.0090579798364588595
590 -0.042458097751925689 0.031564050169705649 0.010521295635698567
591 -0.042458097751925689 0.027174080065205462 0.011804589149557223
592 -0.042458097751925689 0.022319153916711264 0.012885902870216528
593 -0.042458097751925689 0.017082340856663606 0.0137467352201192
594 -0.042458097751925689 0.011553244208438798 0.014372357119090585
595 -0.042458097751925689 0.0058264683486431478 0.014752064002984127
596 -0.042458097751925689 2.7333080403777556e-18 0.014879358981741768
597 -0.042458097751925689 -0.005826468348643133 0.014752064002984129
598 -0.042458097751925689 -0.011553244208438783 0.014372357119090587
599 -0.042458097751925689 -0.017082340856663592 0.013746735220119202
600 -0.042458097751925689 -0.022319153916711253 0.01288590287021653
601 -0.042458097751925689 -0.027174080065205448 0.011804589149557227
602 -0.042458097751925689 -0.031564050169705649 0.010521295635698568
603 -0.042458097751925689 -0.035413950624594161 0.0090579798364588647
604 -0.042458097751925689 -0.038657908565693802 0.0074396794908708893
605 -0.042458097751925689 -0.041240418973237304 0.0056940841665252687
606 -0.042458097751925689 -0.043117294378144433 0.0038510614833920237
607 -0.042458097751925689 -0.044256420921869065 0.0019421460705619832
608 -0.042458097751925689 -0.044638307833422521 1.8221959350354477e-18
609 -0.042458097751925689 -0.044256420921869072 -0.0019421460705619732
610 -0.042458097751925689 -0.043117294378144447 -0.0038510614833920142
611 -0.042458097751925689 -0.041240418973237318 -0.0056940841665252592
612 -0.042458097751925689 -0.038657908565693816 -0.0074396794908708807
613 -0.042458097751925689 -0.035413950624594175 -0.009057979836458856
614 -0.042458097751925689 -0.031564050169705662 -0.010521295635698561
615 -0.042458097751925689 -0.027174080065205473 -0.01180458914955722
616 -0.042458097751925689 -0.022319153916711281 -0.012885902870216525
617 -0.042458097751925689 -0.01708234085666363 -0.013746735220119197
618 -0.042458097751925689 -0.011553244208438822 -0.014372357119090585
619 -0.042458097751925689 -0.0058264683486431825 -0.014752064002984126
620 -0.042458097751925689 -8.1999241211332663e-18 -0.014879358981741768
621 -0.042458097751925689 0.0058264683486431278 -0.014752064002984129
622 -0.042458097751925689 0.011553244208438769 -0.014372357119090589
623 -0.042458097751925689 0.017082340856663578 -0.013746735220119204
624 -0.042458097751925689 0.022319153916711229 -0.012885902870216535
625 -0.042458097751925689 0.027174080065205428 -0.011804589149557232
626 -0.042458097751925689 0.031564050169705642 -0.01052129563569857
627 -0.042458097751925689 0.035413950624594154 -0.0090579798364588647
628 -0.042458097751925689 0.038657908565693795 -0.0074396794908708911
629 -0.042458097751925689 0.041240418973237297 -0.0056940841665252765
630 -0.042458097751925689 0.043117294378144426 -0.0038510614833920324
631 -0.042458097751925689 0.044256420921869058 -0.0019421460705619919
632 -0.038349128323256473 0.045338624596979231 0.00097027374026426396
633 -0.038349128323256473 0.044594165634550764 0.0028948893528023185
634 -0.038349128323256473 0.043117471705275225 0.0047719709622008949
635 -0.038349128323256473 0.040932790082645915 0.0065706969403283907
636 -0.038349128323256473 0.038075993178507621 0.0082615322563524152
637 -0.038349128323256473 0.034593989519045888 0.0098167134411295213
638 -0.038349128323256473 0.030543953508083876 0.011210704462600973
639 -0.038349128323256473 0.025992386624952294 0.01242061602673317
640 -0.038349128323256473 0.021014025472037325 0.013426581419092871
641 -0.038349128323256473 0.015690614601835587 0.014212082715748947
642 -0.038349128323256473 0.010109564273662166 0.014764222007126661
643 -0.038349128323256473 0.0043625151796091929 0.015073933181326304
644 -0.038349128323256473 -0.0014561662930847122 0.015136130789429944
645 -0.038349128323256473 -0.0072509375555040558 0.014949793548432067
646 -0.038349128323256473 -0.012926648623725022 0.014517981110678285
647 -0.038349128323256473 -0.018390104478920904 0.013847783824458421
648 -0.038349128323256473 -0.023551595326994794 0.012950206310683592
649 -0.038349128323256473 -0.028326369630918419 0.011839986767315121
650 -0.038349128323256473 -0.032636025728627116 0.010535354968561436
651 -0.038349128323256473 -0.036409799186143392 0.0090577329324895827
652 -0.038349128323256473 -0.039585724747626422 0.0074313831720807929
653 -0.038349128323256473 -0.042111653803159871 0.0056830103054381085
654 -0.038349128323256473 -0.043946110667484932 0.0038413225666954352
655 -0.038349128323256473 -0.045058973609605694 0.0019365604176067185
656 -0.038349128323256473 -0.045431969450779298 1.8545942727667528e-18
657 -0.038349128323256473 -0.045058973609605694 -0.0019365604176067152
658 -0.038349128323256473 -0.043946110667484932 -0.0038413225666954322
659 -0.038349128323256473 -0.042111653803159871 -0.005683010305438105
660 -0.038349128323256473 -0.039585724747626429 -0.0074313831720807895
661 -0.038349128323256473 -0.036409799186143399 -0.009057732932489581
662 -0.038349128323256473 -0.03263602572862713 -0.010535354968561434
663 -0.038349128323256473 -0.028326369630918422 -0.011839986767315118
664 -0.038349128323256473 -0.023551595326994818 -0.012950206310683587
665 -0.038349128323256473 -0.018390104478920925 -0.013847783824458417
666 -0.038349128323256473 -0.012926648623725062 -0.01451798111067828
667 -0.038349128323256473 -0.007250937555504087 -0.014949793548432065
668 -0.038349128323256473 -0.0014561662930847635 -0.015136130789429943
669 -0.038349128323256473 0.0043625151796091608 -0.015073933181326304
670 -0.038349128323256473 0.010109564273662105 -0.014764222007126664
671 -0.038349128323256473 0.015690614601835549 -0.014212082715748952
672 -0.038349128323256473 0.021014025472037269 -0.013426581419092882
673 -0.038349128323256473 0.025992386624952266 -0.012420616026733179
674 -0.038349128323256473 0.030543953508083855 -0.011210704462600979
675 -0.038349128323256473 0.034593989519045854 -0.0098167134411295352
676 -0.038349128323256473 0.038075993178507607 -0.0082615322563524239
677 -0.038349128323256473 0.040932790082645894 -0.0065706969403284063
678 -0.038349128323256473 0.043117471705275211 -0.0047719709622009053
679 -0.038349128323256473 0.04459416563455075 -0.0028948893528023376
680 -0.038349128323256473 0.045338624596979231 -0.00097027374026427741
681 -0.034222073969532467 0.046136166019097126 0
682 -0.034222073969532467 0.045757388733831922 0.0019665771484881785
683 -0.034222073969532467 0.044627276390588479 0.0039008631545671404
684 -0.034222073969532467 0.042764385402799227 0.0057710970954932932
685 -0.034222073969532467 0.040199304388981262 0.0075465697816620375
686 -0.034222073969532467 0.03697415190846598 0.009198128000652072
687 -0.034222073969532467 0.033141884875819289 0.010698653212167376
688 -0.034222073969532467 0.028765429009768504 0.012023506833719125
689 -0.034222073969532467 0.023916645594640535 0.013150934805468991
690 -0.034222073969532467 0.018675151520059927 0.014062424791290275
691 -0.034222073969532467 0.013127011973822364 0.01474301015081529
692 -0.034222073969532467 0.0073633272538904627 0.015181515691256435
693 -0.034222073969532467 0.0014787369040198603 0.015370741163762802
694 -0.034222073969532467 -0.00443013426493286 0.01530757949130726
695 -0.034222073969532467 -0.010266262751733065 0.014993067786805332
696 -0.034222073969532467 -0.015933819487975957 0.014432370323749791
697 -0.034222073969532467 -0.0213397433487405 0.013634693738982693
698 -0.034222073969532467 -0.026395269213687775 0.012613135859972953
699 -0.034222073969532467 -0.031017385487882899 0.01138447063885142
700 -0.034222073969532467 -0.035130197149888895 0.0099688727245806283
701 -0.034222073969532467 -0.038666171945920431 0.0083895861957765817
702 -0.034222073969532467 -0.04156724926758399 0.00667254289358051
703 -0.034222073969532467 -0.043785793505462446 0.0048459366215442556
704 -0.034222073969532467 -0.045285376224504813 0.002939760204155394
705 -0.034222073969532467 -0.046041374317922601 0.00098531300548835828
706 -0.034222073969532467 -0.046041374317922601 -0.00098531300548834787
707 -0.034222073969532467 -0.045285376224504813 -0.0029397602041553836
708 -0.034222073969532467 -0.04378579350546246 -0.0048459366215442452
709 -0.034222073969532467 -0.041567249267583997 -0.0066725428935805065
710 -0.034222073969532467 -0.038666171945920452 -0.0083895861957765747
711 -0.034222073969532467 -0.035130197149888916 -0.0099688727245806196
712 -0.034222073969532467 -0.03101738548788292 -0.011384470638851413
713 -0.034222073969532467 -0.026395269213687799 -0.012613135859972948
714 -0.034222073969532467 -0.02133974334874051 -0.013634693738982691
715 -0.034222073969532467 -0.015933819487975988 -0.014432370323749787
716 -0.034222073969532467 -0.010266262751733077 -0.014993067786805332
717 -0.034222073969532467 -0.0044301342649329016 -0.015307579491307259
718 -0.034222073969532467 0.0014787369040198386 -0.015370741163762802
719 -0.034222073969532467 0.0073633272538904211 -0.015181515691256437
720 -0.034222073969532467 0.013127011973822333 -0.014743010150815293
721 -0.034222073969532467 0.018675151520059878 -0.014062424791290282
722 -0.034222073969532467 0.023916645594640507 -0.013150934805468997
723 -0.034222073969532467 0.028765429009768494 -0.012023506833719126
724 -0.034222073969532467 0.033141884875819261 -0.010698653212167385
725 -0.034222073969532467 0.036974151908465966 -0.0091981280006520772
726 -0.034222073969532467 0.040199304388981241 -0.0075465697816620497
727 -0.034222073969532467 0.042764385402799213 -0.005771097095493301
728 -0.034222073969532467 0.044627276390588465 -0.003900863154567156
729 -0.034222073969532467 0.045757388733831915 -0.0019665771484881881
730 -0.030079596314671782 0.046661282972604579 0.00097855463575886783
731 -0.030079596314671782 0.04592540666602727 0.0029202315161104813
732 -0.030079596314671782 0.04446525926181856 0.0048158546009912815
733 -0.030079596314671782 0.042303868156792615 0.0066355287819623594
734 -0.030079596314671782 0.039475319779828148 0.0083505567101691304
735 -0.030079596314671782 0.03602422202852279 0.009933891370675749
736 -0.030079596314671782 0.032005000776000492 0.011360562630047755
737 -0.030079596314671782 0.027481041542379927 0.012608071030272741
738 -0.030079596314671782 0.022523689867257543 0.013656742618653768
739 -0.030079596314671782 0.017211126147928375 0.014490039217796026
740 -0.030079596314671782 0.011627132687817976 0.015094819242543777
741 -0.030079596314671782 0.0058597723995082816 0.015461544950628682
742 -0.030079596314671782 -7.5185427277471098e-18 0.015584432858562916
743 -0.030079596314671782 -0.0058597723995082972 0.015461544950628681
744 -0.030079596314671782 -0.011627132687817992 0.015094819242543777
745 -0.030079596314671782 -0.017211126147928392 0.014490039217796024
746 -0.030079596314671782 -0.022523689867257557 0.013656742618653765
747 -0.030079596314671782 -0.027481041542379948 0.012608071030272738
748 -0.030079596314671782 -0.032005000776000499 0.011360562630047753
749 -0.030079596314671782 -0.036024222028522797 0.0099338913706757473
750 -0.030079596314671782 -0.039475319779828148 0.0083505567101691304
751 -0.030079596314671782 -0.042303868156792615 0.0066355287819623559
752 -0.030079596314671782 -0.044465259261818567 0.0048158546009912772
753 -0.030079596314671782 -0.04592540666602727 0.0029202315161104804
754 -0.030079596314671782 -0.046661282972604579 0.00097855463575886414
755 -0.030079596314671782 -0.046661282972604579 -0.00097855463575887433
756 -0.030079596314671782 -0.045925406666027263 -0.0029202315161104835
757 -0.030079596314671782 -0.04446525926181856 -0.0048158546009912867
758 -0.030079596314671782 -0.042303868156792608 -0.0066355287819623654
759 -0.030079596314671782 -0.039475319779828141 -0.0083505567101691321
760 -0.030079596314671782 -0.036024222028522783 -0.0099338913706757542
761 -0.030079596314671782 -0.032005000776000492 -0.011360562630047756
762 -0.030079596314671782 -0.027481041542379937 -0.012608071030272739
763 -0.030079596314671782 -0.02252368986725755 -0.013656742618653767
764 -0.030079596314671782 -0.017211126147928375 -0.014490039217796026
765 -0.030079596314671782 -0.011627132687818002 -0.015094819242543776
766 -0.030079596314671782 -0.0058597723995083076 -0.015461544950628681
767 -0.030079596314671782 -8.5884860408249101e-18 -0.015584432858562916
768 -0.030079596314671782 0.0058597723995082902 -0.015461544950628682
769 -0.030079596314671782 0.011627132687817985 -0.015094819242543777
770 -0.030079596314671782 0.017211126147928354 -0.014490039217796027
771 -0.030079596314671782 0.022523689867257533 -0.01365674261865377
772 -0.030079596314671782 0.02748104154237992 -0.012608071030272743
773 -0.030079596314671782 0.032005000776000492 -0.011360562630047755
774 -0.030079596314671782 0.03602422202852279 -0.009933891370675749
775 -0.030079596314671782 0.039475319779828162 -0.0083505567101691252
776 -0.030079596314671782 0.042303868156792608 -0.0066355287819623637
777 -0.030079596314671782 0.04446525926181856 -0.0048158546009912859
778 -0.030079596314671782 0.04592540666602727 -0.0029202315161104822
779 -0.030079596314671782 0.046661282972604579 -0.00097855463575886609
780 -0.025924088965537714 0.047286338140105369 0
781 -0.025924088965537714 0.046927931797522866 0.0019369690697357796
782 -0.025924088965537714 0.045858145844589596 0.0038445756628119158
783 -0.025924088965537714 0.044093197145872273 0.0056939024077844631
784 -0.025924088965537714 0.041659840524553814 0.0074569153962995233
785 -0.025924088965537714 0.038594963186586249 0.0091068891485676928
786 -0.025924088965537714 0.034945025548249221 0.010618811744395216
787 -0.025924088965537714 0.030765356943598381 0.011969763978398383
788 -0.025924088965537714 0.026119316888160635 0.013139266791794587
789 -0.025924088965537714 0.021077334613263981 0.014109591714058265
790 -0.025924088965537714 0.015715841430682102 0.014866029608462662
791 -0.025924088965537714 0.01011611211185774 0.01539711364759894
792 -0.025924088965537714 0.0043630328452144906 0.015694793138791054
793 -0.025924088965537714 -0.0014561855519314092 0.015754555564390298
794 -0.025924088965537714 -0.0072533296604638565 0.015575494986943045
795 -0.025924088965537714 -0.0129405206849808 0.015160325782279101
796 -0.025924088965537714 -0.018431546606753897 0.014515341492340978
797 -0.025924088965537714 -0.023643169070052678 0.013650319421503361
798 -0.025924088965537714 -0.028496385190768959 0.0125783724226052
799 -0.025924088965537714 -0.032917625159608783 0.011315750119467184
800 -0.025924088965537714 -0.036839867485408413 0.009881592579158582
801 -0.025924088965537714 -0.040203654972622391 0.0082976401680907776
802 -0.025924088965537714 -0.042957996031800734 0.006587903990223366
803 -0.025924088965537714 -0.045061137660106956 0.0047783019032037258
804 -0.025924088965537714 -0.046481198374280483 0.0028962656300642784
805 -0.025924088965537714 -0.047196651501424616 0.00097032492226367651
806 -0.025924088965537714 -0.047196651501424616 -0.00097032492226367261
807 -0.025924088965537714 -0.046481198374280483 -0.0028962656300642741
808 -0.025924088965537714 -0.045061137660106963 -0.0047783019032037214
809 -0.025924088965537714 -0.042957996031800734 -0.0065879039902233625
810 -0.025924088965537714 -0.040203654972622405 -0.008297640168090769
811 -0.025924088965537714 -0.03683986748540842 -0.0098815925791585785
812 -0.025924088965537714 -0.032917625159608797 -0.01131575011946718
813 -0.025924088965537714 -0.028496385190768969 -0.012578372422605196
814 -0.025924088965537714 -0.023643169070052705 -0.013650319421503356
815 -0.025924088965537714 -0.018431546606753897 -0.014515341492340978
816 -0.025924088965537714 -0.012940520684980821 -0.0151603257822791
817 -0.025924088965537714 -0.0072533296604638895 -0.015575494986943043
818 -0.025924088965537714 -0.001456185551931421 -0.015754555564390298
819 -0.025924088965537714 0.0043630328452144681 -0.015694793138791057
820 -0.025924088965537714 0.01011611211185774 -0.01539711364759894
821 -0.025924088965537714 0.015715841430682092 -0.014866029608462663
822 -0.025924088965537714 0.02107733461326395 -0.014109591714058269
823 -0.025924088965537714 0.026119316888160635 -0.013139266791794587
824 -0.025924088965537714 0.030765356943598367 -0.011969763978398388
825 -0.025924088965537714 0.034945025548249228 -0.010618811744395214
826 -0.025924088965537714 0.038594963186586236 -0.0091068891485676963
827 -0.025924088965537714 0.0416598405245538 -0.007456915396299532
828 -0.025924088965537714 0.044093197145872273 -0.0056939024077844649
829 -0.025924088965537714 0.045858145844589589 -0.0038445756628119224
830 -0.025924088965537714 0.046927931797522866 -0.0019369690697357781
831 -0.021757726176168366 0.047645904917932226 0.00097956120858022416
832 -0.021757726176168366 0.046923641566937555 0.0029238344763283116
833 -0.021757726176168366 0.045490063641114568 0.0048237853938080163
834 -0.021757726176168366 0.043366902720509873 0.0066506126418136692
835 -0.021757726176168366 0.04058634376044877 0.0083766233814306645
836 -0.021757726176168366 0.03719053720042003 0.0099756530492448835
837 -0.021757726176168366 0.033230960006379102 0.011423461985453347
838 -0.021757726176168366 0.028767635332416899 0.012698102882398303
839 -0.021757726176168366 0.023868222630928033 0.013780253483379454
840 -0.021757726176168366 0.018606992004280749 0.01465350948836951
841 -0.021757726176168366 0.013063698345771837 0.015304633226480976
842 -0.021757726176168366 0.0073223723367418824 0.015723754325563076
843 -0.021757726176168366 0.0014700466271022766 0.01590451933698225
844 -0.021757726176168366 -0.0044045634909211685 0.015844188047427089
845 -0.021757726176168366 -0.010212404916187062 0.015543675017748917
846 -0.021757726176168366 -0.01586543669287591 0.015007535719151545
847 -0.021757726176168366 -0.021277964621636433 0.014243897476891393
848 -0.021757726176168366 -0.026367940296295769 0.013264336268311172
849 -0.021757726176168366 -0.031058204874061624 0.012083701242823234
850 -0.021757726176168366 -0.035277658724927496 0.010719889623940906
851 -0.021757726176168366 -0.038962339229588694 0.009193575405613422
852 -0.021757726176168366 -0.042056390387551032 0.0075278959555515916
853 -0.021757726176168366 -0.044512909537161909 0.0057481012763182012
854 -0.021757726176168366 -0.046294658352150943 0.0038811712410276363
855 -0.021757726176168366 -0.047374627336697644 0.001955406605971211
856 -0.021757726176168366 -0.047736445261856053 1.948666083709986e-18
857 -0.021757726176168366 -0.047374627336697651 -0.0019554066059712001
858 -0.021757726176168366 -0.04629465835215095 -0.0038811712410276259
859 -0.021757726176168366 -0.044512909537161915 -0.0057481012763181917
860 -0.021757726176168366 -0.042056390387551046 -0.007527895955551582
861 -0.021757726176168366 -0.038962339229588715 -0.0091935754056134134
862 -0.021757726176168366 -0.035277658724927517 -0.010719889623940897
863 -0.021757726176168366 -0.031058204874061631 -0.012083701242823231
864 -0.021757726176168366 -0.026367940296295793 -0.013264336268311165
865 -0.021757726176168366 -0.021277964621636468 -0.014243897476891388
866 -0.021757726176168366 -0.01586543669287592 -0.015007535719151543
867 -0.021757726176168366 -0.010212404916187082 -0.015543675017748915
868 -0.021757726176168366 -0.0044045634909212119 -0.015844188047427089
869 -0.021757726176168366 0.0014700466271022651 -0.01590451933698225
870 -0.021757726176168366 0.0073223723367418494 -0.015723754325563079
871 -0.021757726176168366 0.013063698345771837 -0.015304633226480976
872 -0.021757726176168366 0.018606992004280728 -0.014653509488369514
873 -0.021757726176168366 0.023868222630927995 -0.013780253483379461
874 -0.021757726176168366 0.028767635332416889 -0.012698102882398307
875 -0.021757726176168366 0.033230960006379089 -0.011423461985453354
876 -0.021757726176168366 0.03719053720042003 -0.0099756530492448835
877 -0.021757726176168366 0.04058634376044875 -0.0083766233814306715
878 -0.021757726176168366 0.043366902720509859 -0.0066506126418136805
879 -0.021757726176168366 0.045490063641114561 -0.0048237853938080198
880 -0.021757726176168366 0.046923641566937548 -0.0029238344763283207
881 -0.021757726176168366 0.047645904917932226 -0.00097956120858022524
882 -0.017582508595654873 0.048105418254877928 0
883 -0.017582508595654873 0.047740803702487594 0.0019705206812657174
884 -0.017582508595654873 0.046652487230263232 0.0039111702776416261
885 -0.017582508595654873 0.04485696660655502 0.005792530519435941
886 -0.017582508595654873 0.042381460093765436 0.0075860819031360934
887 -0.017582508595654873 0.039263493847235986 0.0092646360180107992
888 -0.017582508595654873 0.035550333056984268 0.010802747694702406
889 -0.017582508595654873 0.031298265455602797 0.012177100728056984
890 -0.017582508595654873 0.02657174805360947 0.01336686132702722
891 -0.017582508595654873 0.021442430036871959 0.014353993933707896
892 -0.017582508595654873 0.015988066637985111 0.015123534624009309
893 -0.017582508595654873 0.010291340446204165 0.015663817945493076
894 -0.017582508595654873 0.0044386080236735676 0.015966653753739995
895 -0.017582508595654873 -0.0014814091720280248 0.016027451366590867
896 -0.017582508595654873 -0.0073789697147470428 0.015845289154208551
897 -0.017582508595654873 -0.013164672598298044 0.015422928510046823
898 -0.017582508595654873 -0.01875081246458719 0.014766771990940442
899 -0.017582508595654873 -0.024052709127438957 0.013886766260869937
900 -0.017582508595654873 -0.028989991237900397 0.012796251309674727
901 -0.017582508595654873 -0.033487814631965172 0.011511758232405196
902 -0.017582508595654873 -0.037477996891807974 0.010052758634772608
903 -0.017582508595654873 -0.040900050921737395 0.0084413694634547787
904 -0.017582508595654873 -0.043702101870909553 0.0067020177357291991
905 -0.017582508595654873 -0.045841673503188421 0.0048610702507906707
906 -0.017582508595654873 -0.047286332093587909 0.0029464338959523245
907 -0.017582508595654873 -0.048014178090481426 0.00098713260668067591
908 -0.017582508595654873 -0.048014178090481426 -0.00098713260668067179
909 -0.017582508595654873 -0.047286332093587909 -0.0029464338959523206
910 -0.017582508595654873 -0.045841673503188428 -0.0048610702507906663
911 -0.017582508595654873 -0.04370210187090956 -0.0067020177357291957
912 -0.017582508595654873 -0.040900050921737416 -0.00844136946345477
913 -0.017582508595654873 -0.037477996891807981 -0.010052758634772604
914 -0.017582508595654873 -0.033487814631965179 -0.011511758232405193
915 -0.017582508595654873 -0.028989991237900407 -0.012796251309674723
916 -0.017582508595654873 -0.024052709127438985 -0.013886766260869932
917 -0.017582508595654873 -0.01875081246458719 -0.014766771990940442
918 -0.017582508595654873 -0.013164672598298064 -0.015422928510046821
919 -0.017582508595654873 -0.0073789697147470766 -0.015845289154208547
920 -0.017582508595654873 -0.0014814091720280367 -0.016027451366590867
921 -0.017582508595654873 0.004438608023673545 -0.015966653753739995
922 -0.017582508595654873 0.010291340446204165 -0.015663817945493076
923 -0.017582508595654873 0.015988066637985101 -0.01512353462400931
924 -0.017582508595654873 0.021442430036871928 -0.0143539939337079
925 -0.017582508595654873 0.02657174805360947 -0.01336686132702722
926 -0.017582508595654873 0.031298265455602783 -0.012177100728056991
927 -0.017582508595654873 0.035550333056984268 -0.010802747694702405
928 -0.017582508595654873 0.039263493847235979 -0.0092646360180108026
929 -0.017582508595654873 0.042381460093765429 -0.0075860819031361021
930 -0.017582508595654873 0.04485696660655502 -0.0057925305194359428
931 -0.017582508595654873 0.046652487230263225 -0.003911170277641633
932 -0.017582508595654873 0.047740803702487594 -0.0019705206812657156
933 -0.013400300022675133 0.048306215224054733 0.00097399086191610781
934 -0.013400300022675133 0.047601801829964568 0.0029077696057451729
935 -0.013400300022675133 0.046203246975270881 0.0047991465209955581
936 -0.013400300022675133 0.044130944739026394 0.006620541073233014
937 -0.013400300022675133 0.041415113954253777 0.0083453932284625765
938 -0.013400300022675133 0.038095357549313355 0.0099485507582322014
939 -0.013400300022675133 0.034220085048029543 0.011406636015761485
940 -0.013400300022675133 0.029845806649824759 0.01269838683467359
941 -0.013400300022675133 0.025036309183761953 0.013804966579259259
942 -0.013400300022675133 0.019861725952941448 0.014710238825041855
943 -0.013400300022675133 0.014397514033015254 0.015401002664182302
944 -0.013400300022675133 0.0087233539381095515 0.01586718520444123
945 -0.013400300022675133 0.0029219876995038732 0.016101988454630008
946 -0.013400300022675133 -0.0029219876995038563 0.016101988454630008
947 -0.013400300022675133 -0.0087233539381095359 0.01586718520444123
948 -0.013400300022675133 -0.014397514033015238 0.015401002664182303
949 -0.013400300022675133 -0.019861725952941434 0.014710238825041856
950 -0.013400300022675133 -0.02503630918376196 0.013804966579259257
951 -0.013400300022675133 -0.029845806649824756 0.012698386834673591
952 -0.013400300022675133 -0.034220085048029529 0.011406636015761487
953 -0.013400300022675133 -0.038095357549313341 0.0099485507582322049
954 -0.013400300022675133 -0.041415113954253784 0.0083453932284625748
955 -0.013400300022675133 -0.044130944739026394 0.006620541073233014
956 -0.013400300022675133 -0.046203246975270881 0.0047991465209955599
957 -0.013400300022675133 -0.047601801829964561 0.002907769605745176
958 -0.013400300022675133 -0.048306215224054733 0.00097399086191611258
959 -0.013400300022675133 -0.048306215224054733 -0.00097399086191610857
960 -0.013400300022675133 -0.047601801829964568 -0.0029077696057451721
961 -0.013400300022675133 -0.046203246975270888 -0.0047991465209955564
962 -0.013400300022675133 -0.044130944739026401 -0.0066205410732330106
963 -0.013400300022675133 -0.041415113954253777 -0.0083453932284625765
964 -0.013400300022675133 -0.038095357549313348 -0.0099485507582322014
965 -0.013400300022675133 -0.034220085048029543 -0.011406636015761485
966 -0.013400300022675133 -0.029845806649824783 -0.012698386834673584
967 -0.013400300022675133 -0.025036309183761971 -0.013804966579259255
968 -0.013400300022675133 -0.019861725952941483 -0.01471023882504185
969 -0.013400300022675133 -0.014397514033015269 -0.0154010026641823
970 -0.013400300022675133 -0.0087233539381095567 -0.01586718520444123
971 -0.013400300022675133 -0.0029219876995039006 -0.016101988454630005
972 -0.013400300022675133 0.0029219876995038399 -0.016101988454630008
973 -0.013400300022675133 0.0087233539381094977 -0.015867185204441234
974 -0.013400300022675133 0.014397514033015211 -0.015401002664182305
975 -0.013400300022675133 0.019861725952941427 -0.014710238825041856
976 -0.013400300022675133 0.025036309183761919 -0.013804966579259266
977 -0.013400300022675133 0.029845806649824735 -0.012698386834673597
978 -0.013400300022675133 0.034220085048029501 -0.011406636015761499
979 -0.013400300022675133 0.038095357549313327 -0.0099485507582322118
980 -0.013400300022675133 0.041415113954253763 -0.0083453932284625817
981 -0.013400300022675133 0.04413094473902638 -0.0066205410732330288
982 -0.013400300022675133 0.046203246975270874 -0.0047991465209955685
983 -0.013400300022675133 0.047601801829964555 -0.0029077696057451924
984 -0.013400300022675133 0.048306215224054726 -0.00097399086191612169
985 -0.0092128590208482384 0.048604680741669133 0
986 -0.0092128590208482384 0.04825029789495773 0.0019528721860241826
987 -0.0092128590208482384 0.04719231705472926 0.0038772670980909436
988 -0.0092128590208482384 0.045446165963999613 0.0057451227250223964
989 -0.0092128590208482384 0.043037307437661459 0.0075292015257333112
990 -0.0092128590208482384 0.040000868057305815 0.0092034876139137339
991 -0.0092128590208482384 0.036381125946564279 0.010743566128234067
992 -0.0092128590208482384 0.032230865096360826 0.012126979256000724
993 -0.0092128590208482384 0.027610605655464963 0.013333553718635803
994 -0.0092128590208482384 0.022587721410443153 0.014345694943505015
995 -0.0092128590208482384 0.017235457324138097 0.015148643632406216
996 -0.0092128590208482384 0.011631861459177217 0.015730690985372248
997 -0.0092128590208482384 0.0058586468614706391 0.016083349441340364
998 -0.0092128590208482384 2.9761783346932052e-18 0.016201476445904868
999 -0.0092128590208482384 -0.0058586468614706217 0.016083349441340364
1000 -0.0092128590208482384 -0.011631861459177212 0.015730690985372248
1001 -0.0092128590208482384 -0.01723545732413808 0.015148643632406218
1002 -0.0092128590208482384 -0.022587721410443146 0.014345694943505016
1003 -0.0092128590208482384 -0.027610605655464956 0.013333553718635805
1004 -0.0092128590208482384 -0.032230865096360813 0.012126979256000729
1005 -0.0092128590208482384 -0.036381125946564258 0.010743566128234072
1006 -0.0092128590208482384 -0.040000868057305815 0.0092034876139137356
1007 -0.0092128590208482384 -0.043037307437661459 0.0075292015257333138
1008 -0.0092128590208482384 -0.045446165963999606 0.0057451227250224007
1009 -0.0092128590208482384 -0.047192317054729253 0.0038772670980909492
1010 -0.0092128590208482384 -0.04825029789495773 0.0019528721860241902
1011 -0.0092128590208482384 -0.048604680741669133 1.9841086270938633e-18
1012 -0.0092128590208482384 -0.04825029789495773 -0.0019528721860241792
1013 -0.0092128590208482384 -0.04719231705472926 -0.0038772670980909384
1014 -0.0092128590208482384 -0.04544616596399962 -0.0057451227250223912
1015 -0.0092128590208482384 -0.043037307437661459 -0.0075292015257333103
1016 -0.0092128590208482384 -0.040000868057305815 -0.0092034876139137321
1017 -0.0092128590208482384 -0.036381125946564279 -0.010743566128234064
1018 -0.0092128590208482384 -0.032230865096360833 -0.012126979256000718
1019 -0.0092128590208482384 -0.027610605655464967 -0.013333553718635803
1020 -0.0092128590208482384 -0.022587721410443178 -0.014345694943505011
1021 -0.0092128590208482384 -0.017235457324138104 -0.015148643632406216
1022 -0.0092128590208482384 -0.011631861459177214 -0.015730690985372248
1023 -0.0092128590208482384 -0.0058586468614706556 -0.016083349441340364
1024 -0.0092128590208482384 -8.9285350040796155e-18 -0.016201476445904868
1025 -0.0092128590208482384 0.0058586468614705949 -0.016083349441340364
1026 -0.0092128590208482384 0.011631861459177195 -0.015730690985372248
1027 -0.0092128590208482384 0.017235457324138087 -0.015148643632406218
1028 -0.0092128590208482384 0.022587721410443122 -0.01434569494350502
1029 -0.0092128590208482384 0.027610605655464953 -0.013333553718635807
1030 -0.0092128590208482384 0.032230865096360792 -0.012126979256000734
1031 -0.0092128590208482384 0.036381125946564258 -0.010743566128234074
1032 -0.0092128590208482384 0.040000868057305815 -0.0092034876139137373
1033 -0.0092128590208482384 0.043037307437661446 -0.0075292015257333216
1034 -0.0092128590208482384 0.045446165963999606 -0.0057451227250224024
1035 -0.0092128590208482384 0.047192317054729246 -0.0038772670980909583
1036 -0.0092128590208482384 0.04825029789495773 -0.0019528721860241922
1037 -0.005021867929625422 0.04864771129955521 0.00098087639528639877
1038 -0.005021867929625422 0.047938318123702056 0.0029283257992746359
1039 -0.005021867929625422 0.046529876321913993 0.0048330736190940167
1040 -0.005021867929625422 0.044442924147195834 0.0066673443424130219
1041 -0.005021867929625422 0.041707894061661983 0.0084043901716677055
1042 -0.005021867929625422 0.038364668962710936 0.010018881067180973
1043 -0.005021867929625422 0.034462000600572675 0.011487274116179365
1044 -0.005021867929625422 0.030056798668010982 0.012788156841475296
1045 -0.005021867929625422 0.02521330092885346 0.013902559443601172
1046 -0.005021867929625422 0.020002136486744107 0.014814231423201877
1047 -0.005021867929625422 0.014499295853769231 0.015509878549908322
1048 -0.005021867929625422 0.0087850228376755574 0.01597935672215222
1049 -0.005021867929625422 0.0029426444064599663 0.016215819891009484
1050 -0.005021867929625422 -0.0029426444064599494 0.016215819891009484
1051 -0.005021867929625422 -0.0087850228376755417 0.015979356722152224
1052 -0.005021867929625422 -0.014499295853769216 0.015509878549908323
1053 -0.005021867929625422 -0.02000213648674409 0.014814231423201879
1054 -0.005021867929625422 -0.025213300928853467 0.01390255944360117
1055 -0.005021867929625422 -0.030056798668010976 0.012788156841475298
1056 -0.005021867929625422 -0.034462000600572668 0.011487274116179367
1057 -0.005021867929625422 -0.038364668962710929 0.010018881067180978
1058 -0.005021867929625422 -0.04170789406166199 0.0084043901716677038
1059 -0.005021867929625422 -0.044442924147195834 0.0066673443424130219
1060 -0.005021867929625422 -0.046529876321913993 0.0048330736190940185
1061 -0.005021867929625422 -0.047938318123702049 0.0029283257992746394
1062 -0.005021867929625422 -0.04864771129955521 0.00098087639528640354
1063 -0.005021867929625422 -0.04864771129955521 -0.00098087639528639963
1064 -0.005021867929625422 -0.047938318123702056 -0.002928325799274635
1065 -0.005021867929625422 -0.046529876321914 -0.004833073619094015
1066 -0.005021867929625422 -0.044442924147195834 -0.0066673443424130185
1067 -0.005021867929625422 -0.041707894061661983 -0.0084043901716677055
1068 -0.005021867929625422 -0.038364668962710936 -0.010018881067180973
1069 -0.005021867929625422 -0.034462000600572675 -0.011487274116179365
1070 -0.005021867929625422 -0.030056798668011003 -0.012788156841475291
1071 -0.005021867929625422 -0.025213300928853478 -0.013902559443601168
1072 -0.005021867929625422 -0.020002136486744142 -0.014814231423201872
1073 -0.005021867929625422 -0.014499295853769247 -0.01550987854990832
1074 -0.005021867929625422 -0.0087850228376755626 -0.01597935672215222
1075 -0.005021867929625422 -0.0029426444064599936 -0.016215819891009481
1076 -0.005021867929625422 0.0029426444064599325 -0.016215819891009484
1077 -0.005021867929625422 0.0087850228376755036 -0.015979356722152224
1078 -0.005021867929625422 0.014499295853769188 -0.015509878549908325
1079 -0.005021867929625422 0.020002136486744086 -0.014814231423201879
1080 -0.005021867929625422 0.025213300928853422 -0.013902559443601178
1081 -0.005021867929625422 0.030056798668010955 -0.012788156841475303
1082 -0.005021867929625422 0.034462000600572633 -0.011487274116179379
1083 -0.005021867929625422 0.038364668962710909 -0.010018881067180985
1084 -0.005021867929625422 0.041707894061661976 -0.0084043901716677107
1085 -0.005021867929625422 0.044442924147195813 -0.0066673443424130376
1086 -0.005021867929625422 0.046529876321913986 -0.004833073619094028
1087 -0.005021867929625422 0.047938318123702049 -0.0029283257992746554
1088 -0.005021867929625422 0.04864771129955521 -0.00098087639528641286
1089 -0.00082895757983150764 0.04879078378917396 0
1090 -0.00082895757983150764 0.048435044041712463 0.0019603495618583777
1091 -0.00082895757983150764 0.04737301228590212 0.0038921128127820865
1092 -0.00082895757983150764 0.045620175336229883 0.0057671202946206531
1093 -0.00082895757983150764 0.043202093502467037 0.0075580301761397255
1094 -0.00082895757983150764 0.040154027862795927 0.0092387269584889124
1095 -0.00082895757983150764 0.036520426077889037 0.010784702297982013
1096 -0.00082895757983150764 0.032354274243928942 0.012173412392935923
1097 -0.00082895757983150764 0.027716324236011686 0.013384606723063424
1098 -0.00082895757983150764 0.022674207809006607 0.014400623347659146
1099 -0.00082895757983150764 0.017301450374276817 0.015206646456466296
1100 -0.00082895757983150764 0.011676398833616774 0.015790922417552495
1101 -0.00082895757983150764 0.005881079105002269 0.016144931171730218
1102 -0.00082895757983150764 2.987573859765123e-18 0.016263510474205267
1103 -0.00082895757983150764 -0.0058810791050022525 0.016144931171730218
1104 -0.00082895757983150764 -0.011676398833616769 0.015790922417552495
1105 -0.00082895757983150764 -0.017301450374276803 0.015206646456466298
1106 -0.00082895757983150764 -0.022674207809006603 0.014400623347659148
1107 -0.00082895757983150764 -0.027716324236011683 0.013384606723063425
1108 -0.00082895757983150764 -0.032354274243928928 0.012173412392935927
1109 -0.00082895757983150764 -0.036520426077889023 0.010784702297982018
1110 -0.00082895757983150764 -0.040154027862795927 0.0092387269584889142
1111 -0.00082895757983150764 -0.04320209350246703 0.0075580301761397281
1112 -0.00082895757983150764 -0.045620175336229876 0.0057671202946206574
1113 -0.00082895757983150764 -0.047373012285902114 0.0038921128127820926
1114 -0.00082895757983150764 -0.048435044041712463 0.001960349561858385
1115 -0.00082895757983150764 -0.04879078378917396 1.9917056045134935e-18
1116 -0.00082895757983150764 -0.048435044041712463 -0.0019603495618583742
1117 -0.00082895757983150764 -0.047373012285902127 -0.0038921128127820817
1118 -0.00082895757983150764 -0.04562017533622989 -0.005767120294620647
1119 -0.00082895757983150764 -0.043202093502467037 -0.0075580301761397246
1120 -0.00082895757983150764 -0.040154027862795927 -0.0092387269584889107
1121 -0.00082895757983150764 -0.036520426077889044 -0.010784702297982009
1122 -0.00082895757983150764 -0.032354274243928949 -0.012173412392935918
1123 -0.00082895757983150764 -0.027716324236011693 -0.013384606723063424
1124 -0.00082895757983150764 -0.022674207809006631 -0.014400623347659142
1125 -0.00082895757983150764 -0.017301450374276824 -0.015206646456466296
1126 -0.00082895757983150764 -0.01167639883361677 -0.015790922417552495
1127 -0.00082895757983150764 -0.0058810791050022864 -0.016144931171730218
1128 -0.00082895757983150764 -8.962721579295368e-18 -0.016263510474205267
1129 -0.00082895757983150764 0.0058810791050022257 -0.016144931171730222
1130 -0.00082895757983150764 0.011676398833616751 -0.015790922417552498
1131 -0.00082895757983150764 0.017301450374276807 -0.015206646456466298
1132 -0.00082895757983150764 0.022674207809006579 -0.014400623347659151
1133 -0.00082895757983150764 0.027716324236011676 -0.013384606723063427
1134 -0.00082895757983150764 0.032354274243928907 -0.012173412392935932
1135 -0.00082895757983150764 0.036520426077889016 -0.010784702297982019
1136 -0.00082895757983150764 0.040154027862795927 -0.0092387269584889159
1137 -0.00082895757983150764 0.043202093502467016 -0.0075580301761397359
1138 -0.00082895757983150764 0.045620175336229876 -0.0057671202946206592
1139 -0.00082895757983150764 0.047373012285902107 -0.0038921128127821017
1140 -0.00082895757983150764 0.048435044041712463 -0.0019603495618583872
1141 0.0033642540569119978 0.048679614894520697 0.00098152473947454226
1142 0.0033642540569119978 0.047969756492412301 0.0029302613775208596
1143 0.0033642540569119978 0.046560391022160162 0.0048362682063089477
1144 0.0033642540569119978 0.044472070205935223 0.0066717513543214819
1145 0.0033642540569119978 0.041735246463726963 0.0084099453441123431
1146 0.0033642540569119978 0.038389828848487156 0.010025503393238388
1147 0.0033642540569119978 0.034484601082270382 0.011494867027423458
1148 0.0033642540569119978 0.030076510179715171 0.012796609616162382
1149 0.0033642540569119978 0.025229836032337031 0.013911748821242322
1150 0.0033642540569119978 0.020015254062964453 0.014824023401978408
1151 0.0033642540569119978 0.014508804618926854 0.015520130340720056
1152 0.0033642540569119978 0.0087907841325625836 0.015989918830804101
1153 0.0033642540569119978 0.0029445742184236378 0.016226538298173564
1154 0.0033642540569119978 -0.0029445742184236209 0.016226538298173564
1155 0.0033642540569119978 -0.008790784132562568 0.015989918830804101
1156 0.0033642540569119978 -0.014508804618926839 0.015520130340720058
1157 0.0033642540569119978 -0.020015254062964435 0.014824023401978409
1158 0.0033642540569119978 -0.025229836032337034 0.01391174882124232
1159 0.0033642540569119978 -0.030076510179715167 0.012796609616162384
1160 0.0033642540569119978 -0.034484601082270368 0.01149486702742346
1161 0.0033642540569119978 -0.038389828848487142 0.010025503393238391
1162 0.0033642540569119978 -0.04173524646372697 0.0084099453441123413
1163 0.0033642540569119978 -0.044472070205935223 0.0066717513543214819
1164 0.0033642540569119978 -0.046560391022160162 0.0048362682063089494
1165 0.0033642540569119978 -0.047969756492412294 0.0029302613775208626
1166 0.0033642540569119978 -0.048679614894520697 0.00098152473947454703
1167 0.0033642540569119978 -0.048679614894520697 -0.00098152473947454313
1168 0.0033642540569119978 -0.047969756492412301 -0.0029302613775208583
1169 0.0033642540569119978 -0.046560391022160169 -0.004836268206308946
1170 0.0033642540569119978 -0.04447207020593523 -0.0066717513543214785
1171 0.0033642540569119978 -0.041735246463726963 -0.0084099453441123431
1172 0.0033642540569119978 -0.038389828848487149 -0.010025503393238388
1173 0.0033642540569119978 -0.034484601082270382 -0.011494867027423458
1174 0.0033642540569119978 -0.030076510179715195 -0.012796609616162377
1175 0.0033642540569119978 -0.025229836032337045 -0.013911748821242319
1176 0.0033642540569119978 -0.020015254062964487 -0.014824023401978402
1177 0.0033642540569119978 -0.014508804618926872 -0.015520130340720055
1178 0.0033642540569119978 -0.0087907841325625905 -0.015989918830804101
1179 0.0033642540569119978 -0.0029445742184236656 -0.016226538298173564
1180 0.0033642540569119978 0.002944574218423604 -0.016226538298173564
1181 0.0033642540569119978 0.0087907841325625298 -0.015989918830804105
1182 0.0033642540569119978 0.014508804618926811 -0.01552013034072006
1183 0.0033642540569119978 0.020015254062964432 -0.014824023401978409
1184 0.0033642540569119978 0.025229836032336993 -0.013911748821242329
1185 0.0033642540569119978 0.030076510179715143 -0.012796609616162389
1186 0.0033642540569119978 0.03448460108227034 -0.011494867027423472
1187 0.0033642540569119978 0.038389828848487129 -0.010025503393238398
1188 0.0033642540569119978 0.041735246463726956 -0.00840994534411235
1189 0.0033642540569119978 0.044472070205935202 -0.0066717513543214976
1190 0.0033642540569119978 0.046560391022160162 -0.0048362682063089581
1191 0.0033642540569119978 0.047969756492412294 -0.0029302613775208787
1192 0.0033642540569119978 0.04867961489452069 -0.00098152473947455614
1193 0.0075562014586237573 0.04866758599976221 0
1194 0.0075562014586237573 0.048312744502894155 0.0019554097508172586
1195 0.0075562014586237573 0.047253394400347808 0.0038823052242683135
1196 0.0075562014586237573 0.045504983402066962 0.0057525879453595224
1197 0.0075562014586237573 0.043093007277485246 0.0075389849805074663
1198 0.0075562014586237573 0.040052638069796295 0.0092154466383238889
1199 0.0075562014586237573 0.036428211208363419 0.010757526332774945
1200 0.0075562014586237573 0.032272578998324829 0.012142737069454474
1201 0.0075562014586237573 0.027646339914971663 0.013350879356598766
1202 0.0075562014586237573 0.0226169549415224 0.01436433575916175
1203 0.0075562014586237573 0.017257763836078573 0.015168327800688988
1204 0.0075562014586237573 0.011646915672804943 0.015751131466782604
1205 0.0075562014586237573 0.0058662292524517832 0.016104248167631389
1206 0.0075562014586237573 2.9800301708418667e-18 0.016222528666587407
1207 0.0075562014586237573 -0.0058662292524517658 0.016104248167631389
1208 0.0075562014586237573 -0.011646915672804938 0.015751131466782604
1209 0.0075562014586237573 -0.017257763836078559 0.01516832780068899
1210 0.0075562014586237573 -0.022616954941522393 0.014364335759161751
1211 0.0075562014586237573 -0.02764633991497166 0.013350879356598767
1212 0.0075562014586237573 -0.032272578998324822 0.012142737069454478
1213 0.0075562014586237573 -0.036428211208363405 0.01075752633277495
1214 0.0075562014586237573 -0.040052638069796288 0.0092154466383238907
1215 0.0075562014586237573 -0.043093007277485239 0.0075389849805074689
1216 0.0075562014586237573 -0.045504983402066955 0.0057525879453595267
1217 0.0075562014586237573 -0.047253394400347801 0.0038823052242683196
1218 0.0075562014586237573 -0.048312744502894155 0.001955409750817266
1219 0.0075562014586237573 -0.04866758599976221 1.9866867805612448e-18
1220 0.0075562014586237573 -0.048312744502894155 -0.0019554097508172547
1221 0.0075562014586237573 -0.047253394400347808 -0.0038823052242683087
1222 0.0075562014586237573 -0.045504983402066962 -0.0057525879453595172
1223 0.0075562014586237573 -0.043093007277485246 -0.0075389849805074655
1224 0.0075562014586237573 -0.040052638069796295 -0.0092154466383238872
1225 0.0075562014586237573 -0.036428211208363426 -0.010757526332774939
1226 0.0075562014586237573 -0.032272578998324843 -0.012142737069454469
1227 0.0075562014586237573 -0.02764633991497167 -0.013350879356598766
1228 0.0075562014586237573 -0.022616954941522424 -0.014364335759161746
1229 0.0075562014586237573 -0.01725776383607858 -0.015168327800688988
1230 0.0075562014586237573 -0.011646915672804938 -0.015751131466782604
1231 0.0075562014586237573 -0.0058662292524517996 -0.016104248167631389
1232 0.0075562014586237573 -8.9400905125255996e-18 -0.016222528666587407
1233 0.0075562014586237573 0.0058662292524517389 -0.016104248167631389
1234 0.0075562014586237573 0.01164691567280492 -0.015751131466782607
1235 0.0075562014586237573 0.017257763836078563 -0.01516832780068899
1236 0.0075562014586237573 0.022616954941522369 -0.014364335759161755
1237 0.0075562014586237573 0.027646339914971653 -0.013350879356598769
1238 0.0075562014586237573 0.032272578998324801 -0.012142737069454484
1239 0.0075562014586237573 0.036428211208363398 -0.010757526332774952
1240 0.0075562014586237573 0.040052638069796288 -0.0092154466383238924
1241 0.0075562014586237573 0.043093007277485232 -0.0075389849805074767
1242 0.0075562014586237573 0.045504983402066955 -0.0057525879453595285
1243 0.0075562014586237573 0.047253394400347794 -0.0038823052242683283
1244 0.0075562014586237573 0.048312744502894155 -0.0019554097508172677
1245 0.011745281115503546 0.048400700214317131 0.00097590099615990004
1246 0.011745281115503546 0.047694909016307269 0.0029134721544180273
1247 0.011745281115503546 0.04629361864525789 0.0048085583280968024
1248 0.011745281115503546 0.044217263070210018 0.0066335248934215694
1249 0.011745281115503546 0.041496120230993402 0.0083617597284030773
1250 0.011745281115503546 0.038169870517683877 0.0099680612775013659
1251 0.011745281115503546 0.034287018141163521 0.011429006047054505
1252 0.011745281115503546 0.029904183832504101 0.01272329017256129
1253 0.011745281115503546 0.025085279185209228 0.013832040076997804
1254 0.011745281115503546 0.019900574680264713 0.014739087690070009
1255 0.011745281115503546 0.014425674984290419 0.015431206215085968
1256 0.011745281115503546 0.008740416463254087 0.015898303005435759
1257 0.011745281115503546 0.0029277029884797108 0.016133566738105714
1258 0.011745281115503546 -0.0029277029884796943 0.016133566738105714
1259 0.011745281115503546 -0.0087404164632540714 0.015898303005435762
1260 0.011745281115503546 -0.014425674984290402 0.015431206215085969
1261 0.011745281115503546 -0.019900574680264696 0.014739087690070011
1262 0.011745281115503546 -0.025085279185209232 0.013832040076997803
1263 0.011745281115503546 -0.029904183832504094 0.012723290172561293
1264 0.011745281115503546 -0.034287018141163507 0.011429006047054506
1265 0.011745281115503546 -0.038169870517683863 0.0099680612775013694
1266 0.011745281115503546 -0.041496120230993409 0.0083617597284030756
1267 0.011745281115503546 -0.044217263070210018 0.0066335248934215694
1268 0.011745281115503546 -0.04629361864525789 0.0048085583280968042
1269 0.011745281115503546 -0.047694909016307269 0.0029134721544180303
1270 0.011745281115503546 -0.048400700214317131 0.0009759009961599047
1271 0.011745281115503546 -0.048400700214317131 -0.0009759009961599008
1272 0.011745281115503546 -0.047694909016307269 -0.0029134721544180264
1273 0.011745281115503546 -0.046293618645257897 -0.0048085583280968007
1274 0.011745281115503546 -0.044217263070210025 -0.0066335248934215659
1275 0.011745281115503546 -0.041496120230993402 -0.0083617597284030773
1276 0.011745281115503546 -0.03816987051768387 -0.0099680612775013659
1277 0.011745281115503546 -0.034287018141163521 -0.011429006047054505
1278 0.011745281115503546 -0.029904183832504122 -0.012723290172561285
1279 0.011745281115503546 -0.025085279185209242 -0.013832040076997801
1280 0.011745281115503546 -0.019900574680264748 -0.014739087690070004
1281 0.011745281115503546 -0.014425674984290435 -0.015431206215085966
1282 0.011745281115503546 -0.0087404164632540922 -0.015898303005435759
1283 0.011745281115503546 -0.0029277029884797381 -0.016133566738105714
1284 0.011745281115503546 0.0029277029884796774 -0.016133566738105714
1285 0.011745281115503546 0.0087404164632540332 -0.015898303005435762
1286 0.011745281115503546 0.014425674984290376 -0.015431206215085971
1287 0.011745281115503546 0.019900574680264693 -0.014739087690070011
1288 0.011745281115503546 0.02508527918520919 -0.013832040076997811
1289 0.011745281115503546 0.029904183832504073 -0.012723290172561299
1290 0.011745281115503546 0.034287018141163479 -0.01142900604705452
1291 0.011745281115503546 0.038169870517683849 -0.0099680612775013763
1292 0.011745281115503546 0.041496120230993395 -0.0083617597284030825
1293 0.011745281115503546 0.044217263070210004 -0.006633524893421585
1294 0.011745281115503546 0.04629361864525789 -0.0048085583280968137
1295 0.011745281115503546 0.047694909016307262 -0.0029134721544180468
1296 0.011745281115503546 0.048400700214317131 -0.00097590099615991392
1297 0.015929916434802922 0.048233566740795104 0
1298 0.015929916434802922 0.047881889732988049 0.0019379713372696681
1299 0.015929916434802922 0.046831986952248376 0.003847682688510544
1300 0.015929916434802922 0.045099168345294427 0.0057012861619260835
1301 0.015929916434802922 0.042708702309383284 0.0074717520449223722
1302 0.015929916434802922 0.039695447222179249 0.0091332629581833552
1303 0.015929916434802922 0.036103343128113287 0.010661590331196954
1304 0.015929916434802922 0.031984770993590865 0.012034447709371095
1305 0.015929916434802922 0.027399788874550073 0.013231815740726415
1306 0.015929916434802922 0.022415256134767119 0.01423623410312776
1307 0.015929916434802922 0.017103858485778257 0.015033056115098142
1308 0.015929916434802922 0.011543048065531636 0.015610662317416125
1309 0.015929916434802922 0.005813914011809012 0.015960629910996019
1310 0.015929916434802922 2.9534541560287478e-18 0.016077855580265036
1311 0.015929916434802922 -0.0058139140118089955 0.015960629910996019
1312 0.015929916434802922 -0.011543048065531631 0.015610662317416125
1313 0.015929916434802922 -0.017103858485778244 0.015033056115098144
1314 0.015929916434802922 -0.022415256134767116 0.014236234103127762
1315 0.015929916434802922 -0.027399788874550066 0.013231815740726417
1316 0.015929916434802922 -0.031984770993590851 0.012034447709371099
1317 0.015929916434802922 -0.036103343128113273 0.010661590331196959
1318 0.015929916434802922 -0.039695447222179242 0.0091332629581833569
1319 0.015929916434802922 -0.042708702309383277 0.0074717520449223748
1320 0.015929916434802922 -0.04509916834529442 0.0057012861619260878
1321 0.015929916434802922 -0.046831986952248369 0.0038476826885105501
1322 0.015929916434802922 -0.047881889732988049 0.0019379713372696754
1323 0.015929916434802922 -0.048233566740795104 1.9689694373524987e-18
1324 0.015929916434802922 -0.047881889732988049 -0.0019379713372696644
1325 0.015929916434802922 -0.046831986952248383 -0.0038476826885105392
1326 0.015929916434802922 -0.045099168345294434 -0.0057012861619260774
1327 0.015929916434802922 -0.042708702309383284 -0.0074717520449223713
1328 0.015929916434802922 -0.039695447222179249 -0.0091332629581833535
1329 0.015929916434802922 -0.036103343128113294 -0.01066159033119695
1330 0.015929916434802922 -0.031984770993590872 -0.01203444770937109
1331 0.015929916434802922 -0.027399788874550076 -0.013231815740726415
1332 0.015929916434802922 -0.022415256134767143 -0.014236234103127757
1333 0.015929916434802922 -0.017103858485778264 -0.015033056115098142
1334 0.015929916434802922 -0.011543048065531632 -0.015610662317416125
1335 0.015929916434802922 -0.0058139140118090293 -0.015960629910996019
1336 0.015929916434802922 -8.8603624680862439e-18 -0.016077855580265036
1337 0.015929916434802922 0.0058139140118089686 -0.015960629910996019
1338 0.015929916434802922 0.011543048065531615 -0.015610662317416127
1339 0.015929916434802922 0.017103858485778247 -0.015033056115098144
1340 0.015929916434802922 0.022415256134767091 -0.014236234103127765
1341 0.015929916434802922 0.027399788874550062 -0.013231815740726419
1342 0.015929916434802922 0.03198477099359083 -0.012034447709371104
1343 0.015929916434802922 0.036103343128113266 -0.010661590331196961
1344 0.015929916434802922 0.039695447222179242 -0.0091332629581833604
1345 0.015929916434802922 0.042708702309383263 -0.0074717520449223826
1346 0.015929916434802922 0.04509916834529442 -0.0057012861619260896
1347 0.015929916434802922 0.046831986952248363 -0.0038476826885105587
1348 0.015929916434802922 0.047881889732988049 -0.0019379713372696774
1349 0.020108548952863927 0.047810271540050867 0.0009829455373922861
1350 0.020108548952863927 0.047085516558610985 0.0029339361597895013
1351 0.020108548952863927 0.045646993142475306 0.0048404513006941518
1352 0.020108548952863927 0.043516507840282409 0.0066735901339646467
1353 0.020108548952863927 0.040726356637516413 0.0084055641434874415
1354 0.020108548952863927 0.037318835382287703 0.010010118368755266
1355 0.020108548952863927 0.033345598623389663 0.01146292940330557
1356 0.020108548952863927 0.028866876579992633 0.012741974112768598
1357 0.020108548952863927 0.02395056211291665 0.013827863483135278
1358 0.020108548952863927 0.018671181538067547 0.014704136538445524
1359 0.020108548952863927 0.013108764883455819 0.015357509872404404
1360 0.020108548952863927 0.0073476327155500582 0.015778079011281202
1361 0.020108548952863927 0.001475117925440925 0.015959468555635122
1362 0.020108548952863927 -0.0044197581487654646 0.01589892882487208
1363 0.020108548952863927 -0.010247635194689962 0.015597377539599635
1364 0.020108548952863927 -0.015920168536927081 0.015059385909918071
1365 0.020108548952863927 -0.021351368352270628 0.014293109340534882
1366 0.020108548952863927 -0.026458903187780217 0.013310163803142599
1367 0.020108548952863927 -0.031165348021683886 0.012125449750128572
1368 0.020108548952863927 -0.035399357947785336 0.010756926238905489
1369 0.020108548952863927 -0.039096749691516934 0.009225338690907435
1370 0.020108548952863927 -0.042201474562957322 0.0075539044121476877
1371 0.020108548952863927 -0.04466646809783776 0.0057679606425259447
1372 0.020108548952863927 -0.046454363506845481 0.00389458046909884
1373 0.020108548952863927 -0.047538058118060181 0.0019621624256769303
1374 0.020108548952863927 -0.047901124225833286 1.9553986152908827e-18
1375 0.020108548952863927 -0.047538058118060181 -0.0019621624256769194
1376 0.020108548952863927 -0.046454363506845495 -0.0038945804690988296
1377 0.020108548952863927 -0.044666468097837767 -0.0057679606425259343
1378 0.020108548952863927 -0.042201474562957336 -0.0075539044121476781
1379 0.020108548952863927 -0.039096749691516955 -0.0092253386909074264
1380 0.020108548952863927 -0.035399357947785356 -0.010756926238905479
1381 0.020108548952863927 -0.031165348021683893 -0.012125449750128569
1382 0.020108548952863927 -0.026458903187780242 -0.013310163803142592
1383 0.020108548952863927 -0.021351368352270663 -0.014293109340534876
1384 0.020108548952863927 -0.015920168536927091 -0.015059385909918069
1385 0.020108548952863927 -0.010247635194689983 -0.015597377539599633
1386 0.020108548952863927 -0.0044197581487655071 -0.015898928824872077
1387 0.020108548952863927 0.0014751179254409133 -0.015959468555635122
1388 0.020108548952863927 0.0073476327155500244 -0.015778079011281202
1389 0.020108548952863927 0.013108764883455819 -0.015357509872404404
1390 0.020108548952863927 0.018671181538067527 -0.014704136538445527
1391 0.020108548952863927 0.023950562112916612 -0.013827863483135285
1392 0.020108548952863927 0.028866876579992623 -0.012741974112768601
1393 0.020108548952863927 0.033345598623389643 -0.011462929403305577
1394 0.020108548952863927 0.037318835382287703 -0.010010118368755266
1395 0.020108548952863927 0.040726356637516392 -0.0084055641434874484
1396 0.020108548952863927 0.043516507840282395 -0.006673590133964658
1397 0.020108548952863927 0.045646993142475299 -0.0048404513006941553
1398 0.020108548952863927 0.047085516558610978 -0.0029339361597895105
1399 0.020108548952863927 0.047810271540050867 -0.00098294553739228718
1400 0.02427964466820055 0.047492272555360093 0
1401 0.02427964466820055 0.047132305334868951 0.0019454147313703054
1402 0.02427964466820055 0.046057860409527793 0.0038613389584596209
1403 0.02427964466820055 0.044285225269175929 0.0057187292229708914
1404 0.02427964466820055 0.04184127125561634 0.0074894293818135102
1405 0.02427964466820055 0.038763046220465038 0.0091465974255317776
1406 0.02427964466820055 0.035097212917485084 0.010665112375807015
1407 0.02427964466820055 0.030899341642804966 0.012021955093881955
1408 0.02427964466820055 0.026233067845874449 0.013196557227239895
1409 0.02427964466820055 0.021169127480917423 0.014171113004862613
1410 0.02427964466820055 0.015784284721970045 0.014930849154568807
1411 0.02427964466820055 0.01016016829625151 0.015464248850761319
1412 0.02427964466820055 0.0043820340758670782 0.015763226297763586
1413 0.02427964466820055 -0.0014625273143079093 0.015823249302239877
1414 0.02427964466820055 -0.007284918281216253 0.015643407976626417
1415 0.02427964466820055 -0.012996877312818154 0.015226428532099349
1416 0.02427964466820055 -0.018511816932644979 0.014578631951992264
1417 0.02427964466820055 -0.02374613627768004 0.013709838172132114
1418 0.02427964466820055 -0.028620488402223962 0.01263321722062196
1419 0.02427964466820055 -0.033060983096709622 0.011365089573639728
1420 0.02427964466820055 -0.037000306987959676 0.0099246787536555227
1421 0.02427964466820055 -0.040378743941308415 0.0083338199204263698
1422 0.02427964466820055 -0.043145080296332107 0.0066166288722318113
1423 0.02427964466820055 -0.04525738121373659 0.0047991364749543084
1424 0.02427964466820055 -0.046683626364775008 0.0029088940606868518
1425 0.02427964466820055 -0.047402195326791872 0.00097455577762271665
1426 0.02427964466820055 -0.047402195326791872 -0.00097455577762271264
1427 0.02427964466820055 -0.046683626364775008 -0.0029088940606868479
1428 0.02427964466820055 -0.045257381213736597 -0.004799136474954304
1429 0.02427964466820055 -0.043145080296332114 -0.0066166288722318079
1430 0.02427964466820055 -0.040378743941308429 -0.0083338199204263611
1431 0.02427964466820055 -0.037000306987959676 -0.0099246787536555192
1432 0.02427964466820055 -0.033060983096709635 -0.011365089573639724
1433 0.02427964466820055 -0.028620488402223972 -0.012633217220621957
1434 0.02427964466820055 -0.023746136277680067 -0.013709838172132109
1435 0.02427964466820055 -0.018511816932644979 -0.014578631951992264
1436 0.02427964466820055 -0.012996877312818175 -0.015226428532099347
1437 0.02427964466820055 -0.007284918281216286 -0.015643407976626413
1438 0.02427964466820055 -0.001462527314307921 -0.015823249302239877
1439 0.02427964466820055 0.0043820340758670556 -0.015763226297763586
1440 0.02427964466820055 0.01016016829625151 -0.015464248850761319
1441 0.02427964466820055 0.015784284721970035 -0.014930849154568809
1442 0.02427964466820055 0.021169127480917396 -0.014171113004862616
1443 0.02427964466820055 0.026233067845874449 -0.013196557227239895
1444 0.02427964466820055 0.030899341642804948 -0.01202195509388196
1445 0.02427964466820055 0.035097212917485091 -0.010665112375807013
1446 0.02427964466820055 0.038763046220465024 -0.0091465974255317811
1447 0.02427964466820055 0.041841271255616326 -0.0074894293818135189
1448 0.02427964466820055 0.044285225269175929 -0.0057187292229708931
1449 0.02427964466820055 0.046057860409527786 -0.0038613389584596274
1450 0.02427964466820055 0.047132305334868951 -0.0019454147313703039
1451 0.028441700030844494 0.046914781876991815 0.00098387596368949945
1452 0.028441700030844494 0.046174907741259409 0.002936111579382103
1453 0.028441700030844494 0.04470682772689448 0.0048420429615198095
1454 0.028441700030844494 0.042533694332712056 0.0066716124336580898
1455 0.028441700030844494 0.039689779170505368 0.0083959665922894947
1456 0.028441700030844494 0.036219932481254977 0.0099879113422531602
1457 0.028441700030844494 0.032178875820036291 0.011422340763860468
1458 0.028441700030844494 0.027630339064406987 0.012676633048246063
1459 0.028441700030844494 0.022646055356167479 0.013731007256807296
1460 0.028441700030844494 0.017304629826863475 0.014568835278422532
1461 0.028441700030844494 0.011690299947905046 0.015176904064696697
1462 0.028441700030844494 0.0058916070553214532 0.01554562400762757
1463 0.028441700030844494 -7.5593890616379172e-18 0.015669180173452504
1464 0.028441700030844494 -0.0058916070553214689 0.015545624007627568
1465 0.028441700030844494 -0.011690299947905061 0.015176904064696697
1466 0.028441700030844494 -0.017304629826863493 0.01456883527842253
1467 0.028441700030844494 -0.022646055356167493 0.013731007256807292
1468 0.028441700030844494 -0.027630339064407008 0.01267663304824606
1469 0.028441700030844494 -0.032178875820036298 0.011422340763860466
1470 0.028441700030844494 -0.036219932481254977 0.0099879113422531585
1471 0.028441700030844494 -0.039689779170505368 0.0083959665922894947
1472 0.028441700030844494 -0.042533694332712063 0.0066716124336580864
1473 0.028441700030844494 -0.044706827726894487 0.0048420429615198051
1474 0.028441700030844494 -0.046174907741259409 0.0029361115793821021
1475 0.028441700030844494 -0.046914781876991815 0.00098387596368949555
1476 0.028441700030844494 -0.046914781876991815 -0.00098387596368950596
1477 0.028441700030844494 -0.046174907741259402 -0.0029361115793821052
1478 0.028441700030844494 -0.04470682772689448 -0.0048420429615198147
1479 0.028441700030844494 -0.042533694332712056 -0.0066716124336580959
1480 0.028441700030844494 -0.039689779170505361 -0.0083959665922894965
1481 0.028441700030844494 -0.036219932481254963 -0.0099879113422531654
1482 0.028441700030844494 -0.032178875820036291 -0.011422340763860469
1483 0.028441700030844494 -0.027630339064406997 -0.012676633048246061
1484 0.028441700030844494 -0.022646055356167486 -0.013731007256807294
1485 0.028441700030844494 -0.017304629826863475 -0.014568835278422532
1486 0.028441700030844494 -0.011690299947905072 -0.015176904064696696
1487 0.028441700030844494 -0.0058916070553214793 -0.015545624007627568
1488 0.028441700030844494 -8.6351451051067985e-18 -0.015669180173452504
1489 0.028441700030844494 0.0058916070553214628 -0.01554562400762757
1490 0.028441700030844494 0.011690299947905054 -0.015176904064696697
1491 0.028441700030844494 0.017304629826863455 -0.014568835278422534
1492 0.028441700030844494 0.022646055356167469 -0.013731007256807298
1493 0.028441700030844494 0.02763033906440698 -0.012676633048246065
1494 0.028441700030844494 0.032178875820036291 -0.011422340763860468
1495 0.028441700030844494 0.036219932481254977 -0.0099879113422531602
1496 0.028441700030844494 0.039689779170505382 -0.0083959665922894895
1497 0.028441700030844494 0.042533694332712056 -0.0066716124336580942
1498 0.028441700030844494 0.04470682772689448 -0.0048420429615198138
1499 0.028441700030844494 0.046174907741259409 -0.0029361115793821039
1500 0.028441700030844494 0.046914781876991815 -0.00098387596368949772
1501 0.032593247636800916 0.046447547982520099 0
1502 0.032593247636800916 0.046081295193467806 0.0019404737932608072
1503 0.032593247636800916 0.044988312851583091 0.0038503451556190348
1504 0.032593247636800916 0.043185837941313476 0.005699494274788444
1505 0.032593247636800916 0.040702296568740241 0.007458758964531592
1506 0.032593247636800916 0.037576855664904561 0.0091003945697574438
1507 0.032593247636800916 0.033858805299907827 0.010598511516306015
1508 0.032593247636800916 0.02960678134906166 0.011929483604998545
1509 0.032593247636800916 0.024887840770106903 0.01307232061091217
1510 0.032593247636800916 0.019776404074932127 0.014008999311765894
1511 0.032593247636800916 0.014353081673644515 0.01472474772490252
1512 0.032593247636800916 0.0087034026002481332 0.01520827807027951
1513 0.032593247636800916 0.002916465668685145 0.015451964785503236
1514 0.032593247636800916 -0.0029164656686851494 0.015451964785503236
1515 0.032593247636800916 -0.008703402600248147 0.015208278070279508
1516 0.032593247636800916 -0.014353081673644521 0.01472474772490252
1517 0.032593247636800916 -0.019776404074932131 0.014008999311765892
1518 0.032593247636800916 -0.024887840770106917 0.013072320610912168
1519 0.032593247636800916 -0.029606781349061667 0.011929483604998545
1520 0.032593247636800916 -0.033858805299907833 0.010598511516306012
1521 0.032593247636800916 -0.037576855664904561 0.0091003945697574456
1522 0.032593247636800916 -0.040702296568740241 0.0074587589645315902
1523 0.032593247636800916 -0.043185837941313483 0.0056994942747884405
1524 0.032593247636800916 -0.044988312851583091 0.0038503451556190353
1525 0.032593247636800916 -0.046081295193467806 0.0019404737932608046
1526 0.032593247636800916 -0.046447547982520099 -4.9795569288421967e-18
1527 0.032593247636800916 -0.046081295193467806 -0.0019404737932608076
1528 0.032593247636800916 -0.044988312851583091 -0.0038503451556190383
1529 0.032593247636800916 -0.043185837941313469 -0.0056994942747884492
1530 0.032593247636800916 -0.040702296568740234 -0.0074587589645315928
1531 0.032593247636800916 -0.037576855664904554 -0.0091003945697574473
1532 0.032593247636800916 -0.033858805299907827 -0.010598511516306015
1533 0.032593247636800916 -0.029606781349061657 -0.011929483604998547
1534 0.032593247636800916 -0.024887840770106893 -0.013072320610912173
1535 0.032593247636800916 -0.019776404074932103 -0.014008999311765897
1536 0.032593247636800916 -0.014353081673644521 -0.01472474772490252
1537 0.032593247636800916 -0.0087034026002481384 -0.01520827807027951
1538 0.032593247636800916 -0.0029164656686851407 -0.015451964785503236
1539 0.032593247636800916 0.0029164656686851646 -0.015451964785503236
1540 0.032593247636800916 0.0087034026002481609 -0.015208278070279508
1541 0.032593247636800916 0.014353081673644505 -0.014724747724902522
1542 0.032593247636800916 0.019776404074932124 -0.014008999311765894
1543 0.032593247636800916 0.024887840770106914 -0.013072320610912168
1544 0.032593247636800916 0.029606781349061678 -0.011929483604998542
1545 0.032593247636800916 0.033858805299907847 -0.010598511516306008
1546 0.032593247636800916 0.037576855664904582 -0.0091003945697574352
1547 0.032593247636800916 0.040702296568740241 -0.007458758964531592
1548 0.032593247636800916 0.043185837941313483 -0.0056994942747884423
1549 0.032593247636800916 0.044988312851583091 -0.0038503451556190301
1550 0.032593247636800916 0.046081295193467806 -0.0019404737932608
1551 0.036732861581719935 0.045718873884743202 0.00097841636370938961
1552 0.036732861581719935 0.044968171239522209 0.0029191835214858412
1553 0.036732861581719935 0.043479092465760455 0.0048120177665446793
1554 0.036732861581719935 0.041276088195755317 0.0066258388129122664
1555 0.036732861581719935 0.038395331698714917 0.0083308637691530338
1556 0.036732861581719935 0.034884124916677861 0.0098990961726234689
1557 0.036732861581719935 0.030800121767932644 0.011304785690614714
1558 0.036732861581719935 0.026210381471273293 0.012524850940103735
1559 0.036732861581719935 0.021190267435480754 0.013539258483424445
1560 0.036732861581719935 0.015822209794234179 0.014331351776760331
1561 0.036732861581719935 0.010194351905594879 0.014888124670133417
1562 0.036732861581719935 0.0043991030405037736 0.015200434968027336
1563 0.036732861581719935 -0.001468378974892626 0.015263154543984952
1564 0.036732861581719935 -0.0073117502481168167 0.01507525354430302
1565 0.036732861581719935 -0.013035062784411185 0.014639817298201512
1566 0.036732861581719935 -0.018544339950159274 0.013963995656803129
1567 0.036732861581719935 -0.023749119566611708 0.013058885592775536
1568 0.036732861581719935 -0.028563939296360218 0.011939348988346948
1569 0.036732861581719935 -0.032909739932555221 0.010623768603610823
1570 0.036732861581719935 -0.036715163548896528 0.009133746232113344
1571 0.036732861581719935 -0.039917725194810447 0.0074937480000006086
1572 0.036732861581719935 -0.042464838896610659 0.0057307026329037024
1573 0.036732861581719935 -0.04431468111773236 0.0038735592870083493
1574 0.036732861581719935 -0.04543687750004638 0.0019528122047106464
1575 0.036732861581719935 -0.04581300160997992 1.870158192699815e-18
1576 0.036732861581719935 -0.045436877500046387 -0.0019528122047106429
1577 0.036732861581719935 -0.04431468111773236 -0.0038735592870083459
1578 0.036732861581719935 -0.042464838896610665 -0.0057307026329036989
1579 0.036732861581719935 -0.039917725194810454 -0.0074937480000006051
1580 0.036732861581719935 -0.036715163548896534 -0.0091337462321133423
1581 0.036732861581719935 -0.032909739932555228 -0.010623768603610821
1582 0.036732861581719935 -0.028563939296360225 -0.011939348988346945
1583 0.036732861581719935 -0.023749119566611736 -0.013058885592775531
1584 0.036732861581719935 -0.018544339950159295 -0.013963995656803126
1585 0.036732861581719935 -0.013035062784411227 -0.014639817298201506
1586 0.036732861581719935 -0.0073117502481168479 -0.015075253544303018
1587 0.036732861581719935 -0.0014683789748926779 -0.01526315454398495
1588 0.036732861581719935 0.0043991030405037424 -0.015200434968027336
1589 0.036732861581719935 0.010194351905594819 -0.01488812467013342
1590 0.036732861581719935 0.015822209794234141 -0.014331351776760336
1591 0.036732861581719935 0.021190267435480695 -0.013539258483424455
1592 0.036732861581719935 0.026210381471273261 -0.012524850940103744
1593 0.036732861581719935 0.030800121767932623 -0.011304785690614719
1594 0.036732861581719935 0.034884124916677826 -0.0098990961726234828
1595 0.036732861581719935 0.038395331698714903 -0.0083308637691530425
1596 0.036732861581719935 0.041276088195755296 -0.006625838812912282
1597 0.036732861581719935 0.043479092465760448 -0.0048120177665446906
1598 0.036732861581719935 0.044968171239522202 -0.0029191835214858602
1599 0.036732861581719935 0.045718873884743202 -0.00097841636370940305
1600 0.040859161389828008 0.045104690282195221 0
1601 0.040859161389828008 0.044718813404139697 0.0019624478245999022
1602 0.040859161389828008 0.043567785230341931 0.0038913176228275717
1603 0.040859161389828008 0.041671300171980896 0.005753605897651593
1604 0.040859161389828008 0.039061807614210166 0.0075174483803658702
1605 0.040859161389828008 0.035783956698181199 0.0091526652370616385
1606 0.040859161389828008 0.031893832361859213 0.010631277453953071
1607 0.040859161389828008 0.027457995711184919 0.011927985566060399
1608 0.040859161389828008 0.022552345141097614 0.013020602538070055
1609 0.040859161389828008 0.017260817692954782 0.013890433390660302
1610 0.040859161389828008 0.011673952868482725 0.014522595076780644
1611 0.040859161389828008 0.0058873434737997119 0.014906271134713232
1612 0.040859161389828008 2.7618657290311551e-18 0.015034896760731742
1613 0.040859161389828008 -0.0058873434737996971 0.014906271134713234
1614 0.040859161389828008 -0.011673952868482709 0.014522595076780645
1615 0.040859161389828008 -0.017260817692954764 0.013890433390660303
1616 0.040859161389828008 -0.022552345141097604 0.013020602538070056
1617 0.040859161389828008 -0.027457995711184905 0.011927985566060402
1618 0.040859161389828008 -0.031893832361859213 0.010631277453953073
1619 0.040859161389828008 -0.035783956698181185 0.0091526652370616437
1620 0.040859161389828008 -0.039061807614210152 0.0075174483803658763
1621 0.040859161389828008 -0.041671300171980896 0.0057536058976515947
1622 0.040859161389828008 -0.043567785230341924 0.003891317622827576
1623 0.040859161389828008 -0.044718813404139697 0.0019624478245999083
1624 0.040859161389828008 -0.045104690282195221 1.8412438193541036e-18
1625 0.040859161389828008 -0.044718813404139697 -0.0019624478245998983
1626 0.040859161389828008 -0.043567785230341931 -0.003891317622827566
1627 0.040859161389828008 -0.04167130017198091 -0.0057536058976515852
1628 0.040859161389828008 -0.039061807614210173 -0.0075174483803658676
1629 0.040859161389828008 -0.035783956698181206 -0.009152665237061635
1630 0.040859161389828008 -0.031893832361859227 -0.010631277453953066
1631 0.040859161389828008 -0.027457995711184929 -0.011927985566060395
1632 0.040859161389828008 -0.022552345141097632 -0.013020602538070051
1633 0.040859161389828008 -0.017260817692954802 -0.013890433390660298
1634 0.040859161389828008 -0.011673952868482749 -0.014522595076780642
1635 0.040859161389828008 -0.0058873434737997474 -0.014906271134713231
1636 0.040859161389828008 -8.285597187093466e-18 -0.015034896760731742
1637 0.040859161389828008 0.0058873434737996919 -0.014906271134713234
1638 0.040859161389828008 0.011673952868482693 -0.014522595076780647
1639 0.040859161389828008 0.01726081769295475 -0.013890433390660305
1640 0.040859161389828008 0.022552345141097579 -0.013020602538070062
1641 0.040859161389828008 0.027457995711184884 -0.011927985566060407
1642 0.040859161389828008 0.031893832361859206 -0.010631277453953075
1643 0.040859161389828008 0.035783956698181185 -0.0091526652370616437
1644 0.040859161389828008 0.039061807614210152 -0.007517448380365878
1645 0.040859161389828008 0.041671300171980889 -0.0057536058976516025
1646 0.040859161389828008 0.043567785230341917 -0.0038913176228275843
1647 0.040859161389828008 0.04471881340413969 -0.001962447824599917
1648 0.04497081685542581 0.04422450017626945 0.00098682731946055351
1649 0.04497081685542581 0.043435312922926066 0.0029428720014875137
1650 0.04497081685542581 0.041871021481471392 0.0048464010629299982
1651 0.04497081685542581 0.039559540669736958 0.0066634459825911218
1652 0.04497081685542581 0.036542118917568138 0.0083615815508329434
1653 0.04497081685542581 0.032872602187616451 0.009910504498210607
1654 0.04497081685542581 0.028616473092860355 0.01128257425803349
1655 0.04497081685542581 0.023849682357825325 0.012453306212932619
1656 0.04497081685542581 0.018657293476105438 0.013401808623437666
1657 0.04497081685542581 0.013131964750304958 0.014111155441562728
1658 0.04497081685542581 0.0073722958024332666 0.014568688356533622
1659 0.04497081685542581 0.0014810680613142329 0.014766242682643541
1660 0.04497081685542581 -0.0044365893744461168 0.014700293058262901
1661 0.04497081685542581 -0.010275075767714721 0.014372016356001154
1662 0.04497081685542581 -0.015930203190487383 0.013787270681387177
1663 0.04497081685542581 -0.021301055759932287 0.012956490834837339
1664 0.04497081685542581 -0.02629179048470982 0.011894502102394863
1665 0.04497081685542581 -0.030813347585423628 0.010620255698149166
1666 0.04497081685542581 -0.034785039768493793 0.0091564905793714655
1667 0.04497081685542581 -0.038135992092822292 0.0075293276692835927
1668 0.04497081685542581 -0.040806406734795957 0.0057678037285642716
1669 0.04497081685542581 -0.042748630081865455 0.0039033531936669198
1670 0.04497081685542581 -0.043928003112390229 0.001969247228556422
1671 0.04497081685542581 -0.044323479886700684 1.8093535923440026e-18
1672 0.04497081685542581 -0.043928003112390236 -0.0019692472285564185
1673 0.04497081685542581 -0.042748630081865462 -0.0039033531936669163
1674 0.04497081685542581 -0.040806406734795957 -0.005767803728564275
1675 0.04497081685542581 -0.038135992092822285 -0.0075293276692835961
1676 0.04497081685542581 -0.0347850397684938 -0.009156490579371462
1677 0.04497081685542581 -0.030813347585423631 -0.010620255698149162
1678 0.04497081685542581 -0.026291790484709844 -0.011894502102394856
1679 0.04497081685542581 -0.021301055759932314 -0.012956490834837336
1680 0.04497081685542581 -0.015930203190487411 -0.013787270681387173
1681 0.04497081685542581 -0.010275075767714741 -0.014372016356001152
1682 0.04497081685542581 -0.0044365893744461368 -0.014700293058262901
1683 0.04497081685542581 0.0014810680613142123 -0.014766242682643541
1684 0.04497081685542581 0.0073722958024332553 -0.014568688356533622
1685 0.04497081685542581 0.013131964750304948 -0.014111155441562729
1686 0.04497081685542581 0.018657293476105428 -0.013401808623437667
1687 0.04497081685542581 0.023849682357825315 -0.01245330621293262
1688 0.04497081685542581 0.028616473092860348 -0.01128257425803349
1689 0.04497081685542581 0.03287260218761643 -0.0099105044982106157
1690 0.04497081685542581 0.036542118917568117 -0.0083615815508329555
1691 0.04497081685542581 0.039559540669736937 -0.0066634459825911339
1692 0.04497081685542581 0.041871021481471385 -0.0048464010629300086
1693 0.04497081685542581 0.043435312922926059 -0.002942872001487525
1694 0.04497081685542581 0.04422450017626945 -0.00098682731946056414
1695 0.049066550907314176 0.043470308024187942 0
1696 0.049066550907314176 0.043082443685926772 0.0019313416685681198
1697 0.049066550907314176 0.041925772119448194 0.0038282184993063077
1698 0.049066550907314176 0.040020934156258084 0.0056567806802321954
1699 0.049066550907314176 0.037401921674936014 0.0073843974759077169
1700 0.049066550907314176 0.034115471015256735 0.0089802395236860434
1701 0.049066550907314176 0.030220228967099697 0.010415828984418367
1702 0.049066550907314176 0.025785706217094251 0.011665547730168173
1703 0.049066550907314176 0.020891036928770024 0.012707094500311173
1704 0.049066550907314176 0.015623566591534049 0.013521882868059464
1705 0.049066550907314176 0.010077293338342985 0.014095372915687882
1706 0.049066550907314176 0.004351190546793688 0.014417330699710264
1707 0.049066550907314176 -0.0014525593431447693 0.014482010875843413
1708 0.049066550907314176 -0.0072303882771930384 0.014288259224811931
1709 0.049066550907314176 -0.012879190761143713 0.013839533249418532
1710 0.049066550907314176 -0.01829816378084809 0.013143840475324632
1711 0.049066550907314176 -0.023390605634391687 0.012213595556565201
1712 0.049066550907314176 -0.02806564157625583 0.011065398735753415
1713 0.049066550907314176 -0.032239845479304294 0.0097197396123579454
1714 0.049066550907314176 -0.035838728575998458 0.0082006315053150414
1715 0.049066550907314176 -0.038798068712218678 0.0065351829347832235
1716 0.049066550907314176 -0.041065056393126041 0.0047531138699588478
1717 0.049066550907314176 -0.042599237169848835 0.0028862253755216919
1718 0.049066550907314176 -0.043373233550081013 0.00096783212088240366
1719 0.049066550907314176 -0.043373233550081013 -0.00096783212088240008
1720 0.049066550907314176 -0.042599237169848841 -0.0028862253755216889
1721 0.049066550907314176 -0.041065056393126048 -0.0047531138699588443
1722 0.049066550907314176 -0.038798068712218678 -0.0065351829347832261
1723 0.049066550907314176 -0.035838728575998458 -0.008200631505315038
1724 0.049066550907314176 -0.032239845479304301 -0.0097197396123579419
1725 0.049066550907314176 -0.028065641576255837 -0.011065398735753412
1726 0.049066550907314176 -0.023390605634391697 -0.012213595556565199
1727 0.049066550907314176 -0.018298163780848101 -0.013143840475324631
1728 0.049066550907314176 -0.012879190761143721 -0.013839533249418532
1729 0.049066550907314176 -0.0072303882771930401 -0.014288259224811931
1730 0.049066550907314176 -0.0014525593431447704 -0.014482010875843413
1731 0.049066550907314176 0.004351190546793688 -0.014417330699710264
1732 0.049066550907314176 0.010077293338342994 -0.014095372915687882
1733 0.049066550907314176 0.01562356659153406 -0.013521882868059464
1734 0.049066550907314176 0.020891036928770035 -0.012707094500311171
1735 0.049066550907314176 0.025785706217094254 -0.011665547730168171
1736 0.049066550907314176 0.03022022896709968 -0.01041582898441837
1737 0.049066550907314176 0.034115471015256728 -0.0089802395236860469
1738 0.049066550907314176 0.037401921674936008 -0.007384397475907723
1739 0.049066550907314176 0.040020934156258077 -0.0056567806802322014
1740 0.049066550907314176 0.041925772119448187 -0.0038282184993063133
1741 0.049066550907314176 0.043082443685926765 -0.0019313416685681241
1742 0.053145143938140509 0.042446993108020463 0.00096781795696084091
1743 0.053145143938140509 0.041656285939213271 0.00288542525352624
1744 0.053145143938140509 0.040089600980078334 0.0047492825370526832
1745 0.053145143938140509 0.037776122607122563 0.0065246696729014874
1746 0.053145143938140509 0.03475894654516494 0.0081785145578932485
1747 0.053145143938140509 0.031094277075523397 0.0096800091910152642
1748 0.053145143938140509 0.026850380056596439 0.011001183568189422
1749 0.053145143938140509 0.022106311260085141 0.012117426710526883
1750 0.053145143938140509 0.016950443711545644 0.013007945120299033
1751 0.053145143938140509 0.011478821468131199 0.013656150124457358
1752 0.053145143938140509 0.0057933704995297552 0.014049966890225356
1753 0.053145143938140509 2.6052020394175117e-18 0.014182059356386702
1754 0.053145143938140509 -0.0057933704995297396 0.014049966890225356
1755 0.053145143938140509 -0.011478821468131185 0.01365615012445736
1756 0.053145143938140509 -0.016950443711545641 0.013007945120299035
1757 0.053145143938140509 -0.022106311260085144 0.012117426710526881
1758 0.053145143938140509 -0.026850380056596439 0.011001183568189422
1759 0.053145143938140509 -0.031094277075523397 0.0096800091910152659
1760 0.053145143938140509 -0.03475894654516494 0.0081785145578932485
1761 0.053145143938140509 -0.037776122607122563 0.0065246696729014892
1762 0.053145143938140509 -0.040089600980078327 0.0047492825370526867
1763 0.053145143938140509 -0.041656285939213271 0.0028854252535262374
1764 0.053145143938140509 -0.04244699310802047 0.00096781795696083918
1765 0.053145143938140509 -0.042446993108020463 -0.00096781795696084189
1766 0.053145143938140509 -0.041656285939213271 -0.00288542525352624
1767 0.053145143938140509 -0.040089600980078334 -0.0047492825370526832
1768 0.053145143938140509 -0.037776122607122563 -0.0065246696729014857
1769 0.053145143938140509 -0.03475894654516494 -0.0081785145578932468
1770 0.053145143938140509 -0.03109427707552339 -0.0096800091910152677
1771 0.053145143938140509 -0.026850380056596443 -0.011001183568189419
1772 0.053145143938140509 -0.022106311260085141 -0.012117426710526883
1773 0.053145143938140509 -0.016950443711545655 -0.013007945120299031
1774 0.053145143938140509 -0.011478821468131194 -0.013656150124457358
1775 0.053145143938140509 -0.0057933704995297318 -0.014049966890225356
1776 0.053145143938140509 -7.8156061182525335e-18 -0.014182059356386702
1777 0.053145143938140509 0.0057933704995297534 -0.014049966890225356
1778 0.053145143938140509 0.01147882146813118 -0.01365615012445736
1779 0.053145143938140509 0.016950443711545641 -0.013007945120299033
1780 0.053145143938140509 0.022106311260085127 -0.012117426710526886
1781 0.053145143938140509 0.026850380056596436 -0.011001183568189422
1782 0.053145143938140509 0.031094277075523379 -0.0096800091910152711
1783 0.053145143938140509 0.034758946545164933 -0.0081785145578932503
1784 0.053145143938140509 0.037776122607122563 -0.0065246696729014848
1785 0.053145143938140509 0.040089600980078327 -0.0047492825370526884
1786 0.053145143938140509 0.041656285939213271 -0.0028854252535262391
1787 0.053145143938140509 0.042446993108020463 -0.00096781795696084698
1788 0.057205435537316461 0.041552153435321905 0
1789 0.057205435537316461 0.041147770734449633 0.0019276473483873953
1790 0.057205435537316461 0.03994249348112678 0.0038177752338047896
1791 0.057205435537316461 0.037959781026106719 0.0056335944669511379
1792 0.057205435537316461 0.035238224612024437 0.007339762191917008
1793 0.057205435537316461 0.031830796238755496 0.0089030697946729642
1794 0.057205435537316461 0.027803817623693262 0.010293089270967403
1795 0.057205435537316461 0.023235669324959622 0.011482765472817971
1796 0.057205435537316461 0.018215265152997769 0.012448942706192269
1797 0.057205435537316461 0.012840321564389823 0.013172815430252983
1798 0.057205435537316461 0.0072154557221803311 0.013640294285819289
1799 0.057205435537316461 0.0014501492417978358 0.013842280328716908
1800 0.057205435537316461 -0.0043433827440559503 0.013774842130376551
1801 0.057205435537316461 -0.010052375725321323 0.013439292298619104
1802 0.057205435537316461 -0.015565710647501226 0.012842161929237449
1803 0.057205435537316461 -0.020776076717660946 0.011995073485645869
1804 0.057205435537316461 -0.025582060086948404 0.010914514580850054
1805 0.057205435537316461 -0.029890117755805464 0.0096215170648143115
1806 0.057205435537316461 -0.03361639828205077 0.0081412476634254161
1807 0.057205435537316461 -0.036688373853822273 0.0065025181367998975
1808 0.057205435537316461 -0.039046251960935821 0.0047372244911463275
1809 0.057205435537316461 -0.04064413918808308 0.0028797261592855812
1810 0.057205435537316461 -0.041450934477957391 0.00096617723337430266
1811 0.057205435537316461 -0.041450934477957391 -0.00096617723337429919
1812 0.057205435537316461 -0.04064413918808308 -0.0028797261592855843
1813 0.057205435537316461 -0.039046251960935828 -0.0047372244911463249
1814 0.057205435537316461 -0.036688373853822266 -0.0065025181367999001
1815 0.057205435537316461 -0.033616398282050777 -0.0081412476634254126
1816 0.057205435537316461 -0.029890117755805454 -0.0096215170648143149
1817 0.057205435537316461 -0.025582060086948397 -0.010914514580850056
1818 0.057205435537316461 -0.02077607671766097 -0.011995073485645864
1819 0.057205435537316461 -0.015565710647501237 -0.012842161929237447
1820 0.057205435537316461 -0.010052375725321323 -0.013439292298619104
1821 0.057205435537316461 -0.0043433827440559425 -0.013774842130376552
1822 0.057205435537316461 0.0014501492417978441 -0.013842280328716908
1823 0.057205435537316461 0.0072154557221803129 -0.013640294285819291
1824 0.057205435537316461 0.012840321564389813 -0.013172815430252985
1825 0.057205435537316461 0.018215265152997765 -0.012448942706192271
1826 0.057205435537316461 0.023235669324959633 -0.011482765472817969
1827 0.057205435537316461 0.027803817623693241 -0.010293089270967407
1828 0.057205435537316461 0.031830796238755489 -0.0089030697946729676
1829 0.057205435537316461 0.03523822461202443 -0.0073397621919170089
1830 0.057205435537316461 0.037959781026106719 -0.0056335944669511371
1831 0.057205435537316461 0.03994249348112678 -0.0038177752338047865
1832 0.057205435537316461 0.041147770734449626 -0.0019276473483874014
1833 0.061246326280080594 0.040381337555388183 0.00098517765495238145
1834 0.061246326280080594 0.039520679453463187 0.002934535613558237
1835 0.061246326280080594 0.037817706682823957 0.0048213490403557517
1836 0.061246326280080594 0.035308715151460127 0.0066054037829442807
1837 0.061246326280080594 0.032047179657876519 0.008248675811872587
1838 0.061246326280080594 0.028102614168603299 0.0097161416368111587
1839 0.061246326280080594 0.023559090248686087 0.010976524771442543
1840 0.061246326280080594 0.018513445222237853 0.012002962337466531
1841 0.061246326280080594 0.013073218252999626 0.012773577600213129
1842 0.061246326280080594 0.0073543583337694583 0.013271946233260749
1843 0.061246326280080594 0.0014787530349258367 0.013487446374438794
1844 0.061246326280080594 -0.0044283693175198209 0.013415485012378672
1845 0.061246326280080594 -0.0102411086662769 0.013057595878576959
1846 0.061246326280080594 -0.015835576563915366 0.012421406758571342
1847 0.061246326280080594 -0.021092536640033719 0.011520476918934857
1848 0.061246326280080594 -0.025899945917481893 0.010374008115049816
1849 0.061246326280080594 -0.030155342813895741 0.0090064353390289665
1850 0.061246326280080594 -0.033768030932436473 0.0074469060302814142
1851 0.061246326280080594 -0.036661012098026677 0.0057286588484459543
1852 0.061246326280080594 -0.038772627439771667 0.0038883152490681969
1853 0.061246326280080594 -0.040057871542743616 0.0019650989608559211
1854 0.061246326280080594 -0.040489351660264475 1.6528384970098155e-18
1855 0.061246326280080594 -0.040057871542743609 -0.0019650989608559241
1856 0.061246326280080594 -0.038772627439771674 -0.0038883152490681938
1857 0.061246326280080594 -0.036661012098026684 -0.0057286588484459508
1858 0.061246326280080594 -0.03376803093243648 -0.0074469060302814107
1859 0.061246326280080594 -0.030155342813895748 -0.009006435339028963
1860 0.061246326280080594 -0.025899945917481869 -0.010374008115049821
1861 0.061246326280080594 -0.021092536640033712 -0.011520476918934859
1862 0.061246326280080594 -0.01583557656391537 -0.012421406758571342
1863 0.061246326280080594 -0.010241108666276876 -0.013057595878576961
1864 0.061246326280080594 -0.0044283693175197949 -0.013415485012378672
1865 0.061246326280080594 0.0014787530349258536 -0.013487446374438794
1866 0.061246326280080594 0.0073543583337694661 -0.013271946233260749
1867 0.061246326280080594 0.013073218252999622 -0.012773577600213129
1868 0.061246326280080594 0.018513445222237881 -0.012002962337466528
1869 0.061246326280080594 0.023559090248686104 -0.01097652477144254
1870 0.061246326280080594 0.028102614168603313 -0.0097161416368111552
1871 0.061246326280080594 0.032047179657876526 -0.0082486758118725852
1872 0.061246326280080594 0.035308715151460147 -0.0066054037829442712
1873 0.061246326280080594 0.037817706682823964 -0.0048213490403557421
1874 0.061246326280080594 0.039520679453463187 -0.0029345356135582305
1875 0.061246326280080594 0.040381337555388183 -0.00098517765495237755
1876 0.065266779588586343 0.039358938301571784 0
1877 0.065266779588586343 0.038919331480087083 0.0019553817862514966
1878 0.065266779588586343 0.037610331105596549 0.0038670835745692701
1879 0.065266779588586343 0.035461178083408297 0.0056924011059944135
1880 0.065266779588586343 0.032519880940669536 0.007390559803121313
1881 0.065266779588586343 0.028852143395201844 0.0089236256067789285
1882 0.065266779588586343 0.024539896643017114 0.01025735236022853
1883 0.065266779588586343 0.019679469150785889 0.011361946811715174
1884 0.065266779588586343 0.014379434837069974 0.012212734146480027
1885 0.065266779588586343 0.0087581877103947107 0.012790709181348199
1886 0.065266779588586343 0.0029412971427387542 0.013082960909115727
1887 0.065266779588586343 -0.0029412971427387581 0.013082960909115727
1888 0.065266779588586343 -0.0087581877103947055 0.012790709181348199
1889 0.065266779588586343 -0.014379434837069979 0.012212734146480027
1890 0.065266779588586343 -0.019679469150785903 0.011361946811715172
1891 0.065266779588586343 -0.024539896643017107 0.010257352360228532
1892 0.065266779588586343 -0.028852143395201844 0.0089236256067789285
1893 0.065266779588586343 -0.032519880940669543 0.0073905598031213104
1894 0.065266779588586343 -0.03546117808340829 0.0056924011059944152
1895 0.065266779588586343 -0.037610331105596556 0.0038670835745692701
1896 0.065266779588586343 -0.038919331480087083 0.0019553817862514944
1897 0.065266779588586343 -0.039358938301571784 1.6066932602952686e-18
1898 0.065266779588586343 -0.038919331480087083 -0.001955381786251497
1899 0.065266779588586343 -0.037610331105596549 -0.0038670835745692723
1900 0.065266779588586343 -0.035461178083408297 -0.0056924011059944117
1901 0.065266779588586343 -0.032519880940669536 -0.007390559803121313
1902 0.065266779588586343 -0.028852143395201837 -0.0089236256067789285
1903 0.065266779588586343 -0.024539896643017114 -0.010257352360228528
1904 0.065266779588586343 -0.019679469150785878 -0.011361946811715174
1905 0.065266779588586343 -0.014379434837069971 -0.012212734146480027
1906 0.065266779588586343 -0.0087581877103947159 -0.012790709181348199
1907 0.065266779588586343 -0.0029412971427387412 -0.013082960909115727
1908 0.065266779588586343 0.0029412971427387621 -0.013082960909115727
1909 0.065266779588586343 0.008758187710394702 -0.012790709181348199
1910 0.065266779588586343 0.01437943483706999 -0.012212734146480025
1911 0.065266779588586343 0.019679469150785896 -0.011361946811715172
1912 0.065266779588586343 0.024539896643017103 -0.010257352360228532
1913 0.065266779588586343 0.028852143395201851 -0.008923625606778925
1914 0.065266779588586343 0.032519880940669536 -0.0073905598031213113
1915 0.065266779588586343 0.03546117808340829 -0.0056924011059944161
1916 0.065266779588586343 0.037610331105596556 -0.0038670835745692658
1917 0.065266779588586343 0.038919331480087083 -0.0019553817862514957
1918 0.069265823388442296 0.038050145474856925 0.00097376060936741411
1919 0.069265823388442296 0.037158282314734108 0.0028984577047398911
1920 0.069265823388442296 0.035395460511053571 0.0047552174081320975
1921 0.069265823388442296 0.032802999112795127 0.00650051884581307
1922 0.069265823388442296 0.029441663217865562 0.0080934536313324659
1923 0.069265823388442296 0.025390239690705814 0.0094966847234266311
1924 0.069265823388442296 0.020743690464965187 0.0106773215746204
1925 0.069265823388442296 0.015610926716262517 0.011607691057783184
1926 0.069265823388442296 0.01011225607653859 0.012265986100774253
1927 0.069265823388442296 0.0043765627251314086 0.012636776825730903
1928 0.069265823388442296 -0.0014617135471503085 0.012711372212327796
1929 0.069265823388442296 -0.0072657284927777743 0.012488023807927219
1930 0.069265823388442296 -0.012899440920680428 0.011971966709826991
1931 0.069265823388442296 -0.018230801386461479 0.011175296859016868
1932 0.069265823388442296 -0.023134847319454609 0.010116687521573782
1933 0.069265823388442296 -0.027496632039467027 0.0088209516031317377
1934 0.069265823388442296 -0.03121391900953896 0.0073184600554041732
1935 0.069265823388442296 -0.034199578173718256 0.0056444300068170432
1936 0.069265823388442296 -0.036383628211723903 0.0038380993028671526
1937 0.069265823388442296 -0.03771487684178005 0.001941806804280171
1938 0.069265823388442296 -0.03816212072431216 -4.0912913797640382e-18
1939 0.069265823388442296 -0.037714876841780043 -0.001941806804280179
1940 0.069265823388442296 -0.036383628211723897 -0.0038380993028671604
1941 0.069265823388442296 -0.034199578173718242 -0.005644430006817051
1942 0.069265823388442296 -0.031213919009538942 -0.0073184600554041801
1943 0.069265823388442296 -0.02749663203946701 -0.008820951603131743
1944 0.069265823388442296 -0.023134847319454584 -0.010116687521573787
1945 0.069265823388442296 -0.018230801386461454 -0.011175296859016871
1946 0.069265823388442296 -0.012899440920680396 -0.011971966709826995
1947 0.069265823388442296 -0.0072657284927777586 -0.012488023807927221
1948 0.069265823388442296 -0.001461713547150284 -0.012711372212327796
1949 0.069265823388442296 0.0043765627251314077 -0.012636776825730903
1950 0.069265823388442296 0.010112256076538605 -0.012265986100774251
1951 0.069265823388442296 0.015610926716262546 -0.011607691057783179
1952 0.069265823388442296 0.020743690464965197 -0.010677321574620398
1953 0.069265823388442296 0.025390239690705838 -0.0094966847234266259
1954 0.069265823388442296 0.029441663217865555 -0.0080934536313324659
1955 0.069265823388442296 0.032802999112795134 -0.0065005188458130657
1956 0.069265823388442296 0.035395460511053585 -0.0047552174081320897
1957 0.069265823388442296 0.037158282314734108 -0.0028984577047398894
1958 0.069265823388442296 0.038050145474856932 -0.00097376060936740815
1959 0.073242548600864932 0.036900142775497823 0
1960 0.073242548600864932 0.036445840785655104 0.0019241513649977142
1961 0.073242548600864932 0.035094121238858737 0.0038009237374969224
1962 0.073242548600864932 0.032878267956450831 0.0055841047530362951
1963 0.073242548600864932 0.029852842600239678 0.0072297865769747564
1964 0.073242548600864932 0.026092341183306302 0.0086974470611021013
1965 0.073242548600864932 0.021689359730924267 0.0099509475334132267
1966 0.073242548600864932 0.016752314259108884 0.010959422652150278
1967 0.073242548600864932 0.011402771212490769 0.011698040412952913
1968 0.073242548600864932 0.0057724540949931442 0.01214861359521837
1969 0.073242548600864932 2.2594820869046869e-18 0.012300047591832609
1970 0.073242548600864932 -0.0057724540949931399 0.01214861359521837
1971 0.073242548600864932 -0.011402771212490764 0.011698040412952915
1972 0.073242548600864932 -0.016752314259108881 0.010959422652150278
1973 0.073242548600864932 -0.021689359730924264 0.0099509475334132267
1974 0.073242548600864932 -0.026092341183306299 0.0086974470611021013
1975 0.073242548600864932 -0.029852842600239675 0.0072297865769747581
1976 0.073242548600864932 -0.032878267956450824 0.005584104753036296
1977 0.073242548600864932 -0.035094121238858737 0.0038009237374969237
1978 0.073242548600864932 -0.036445840785655104 0.0019241513649977155
1979 0.073242548600864932 -0.036900142775497823 1.5063213912697914e-18
1980 0.073242548600864932 -0.036445840785655104 -0.0019241513649977124
1981 0.073242548600864932 -0.035094121238858744 -0.0038009237374969211
1982 0.073242548600864932 -0.032878267956450831 -0.0055841047530362942
1983 0.073242548600864932 -0.029852842600239678 -0.0072297865769747555
1984 0.073242548600864932 -0.026092341183306306 -0.0086974470611021013
1985 0.073242548600864932 -0.021689359730924271 -0.0099509475334132267
1986 0.073242548600864932 -0.016752314259108891 -0.010959422652150276
1987 0.073242548600864932 -0.011402771212490772 -0.011698040412952913
1988 0.073242548600864932 -0.0057724540949931477 -0.012148613595218368
1989 0.073242548600864932 -6.7784462607140602e-18 -0.012300047591832609
1990 0.073242548600864932 0.0057724540949931347 -0.01214861359521837
1991 0.073242548600864932 0.01140277121249076 -0.011698040412952915
1992 0.073242548600864932 0.016752314259108878 -0.010959422652150278
1993 0.073242548600864932 0.02168935973092426 -0.0099509475334132284
1994 0.073242548600864932 0.026092341183306295 -0.0086974470611021031
1995 0.073242548600864932 0.029852842600239675 -0.007229786576974759
1996 0.073242548600864932 0.032878267956450824 -0.0055841047530362977
1997 0.073242548600864932 0.035094121238858737 -0.0038009237374969258
1998 0.073242548600864932 0.036445840785655104 -0.0019241513649977172
1999 0.07719611091407147 0.035452774331514961 0.00097923354551441135
2000 0.07719611091407147 0.034485715066236391 0.002910989698092939
2001 0.07719611091407147 0.032577975391500695 0.0047633416400912855
2002 0.07719611091407147 0.029781593472528487 0.0064857620392528648
2003 0.07719611091407147 0.02617284731844572 0.0080312677571034233
2004 0.07719611091407147 0.021850174117036651 0.0093577014264927174
2005 0.07719611091407147 0.016931485124867682 0.01042888139467432
2006 0.07719611091407147 0.011550949355579924 0.011215588664474009
2007 0.07719611091407147 0.0058553337989496225 0.011696363912364442
2008 0.07719611091407147 2.1782963166020618e-18 0.011858092842870706
2009 0.07719611091407147 -0.0058553337989496182 0.011696363912364444
2010 0.07719611091407147 -0.011550949355579921 0.011215588664474009
2011 0.07719611091407147 -0.016931485124867661 0.010428881394674322
2012 0.07719611091407147 -0.021850174117036637 0.0093577014264927226
2013 0.07719611091407147 -0.026172847318445713 0.0080312677571034285
2014 0.07719611091407147 -0.02978159347252848 0.00648576203925287
2015 0.07719611091407147 -0.032577975391500688 0.0047633416400912907
2016 0.07719611091407147 -0.034485715066236391 0.0029109896980929434
2017 0.07719611091407147 -0.035452774331514961 0.00097923354551441547
2018 0.07719611091407147 -0.035452774331514961 -0.00097923354551440744
2019 0.07719611091407147 -0.034485715066236398 -0.0029109896980929356
2020 0.07719611091407147 -0.032577975391500702 -0.0047633416400912829
2021 0.07719611091407147 -0.029781593472528498 -0.0064857620392528622
2022 0.07719611091407147 -0.026172847318445731 -0.0080312677571034215
2023 0.07719611091407147 -0.021850174117036658 -0.0093577014264927174
2024 0.07719611091407147 -0.016931485124867668 -0.010428881394674322
2025 0.07719611091407147 -0.011550949355579928 -0.011215588664474009
2026 0.07719611091407147 -0.0058553337989496112 -0.011696363912364444
2027 0.07719611091407147 -6.5348889498061855e-18 -0.011858092842870706
2028 0.07719611091407147 0.0058553337989496294 -0.011696363912364442
2029 0.07719611091407147 0.011550949355579918 -0.011215588664474009
2030 0.07719611091407147 0.016931485124867685 -0.010428881394674318
2031 0.07719611091407147 0.021850174117036648 -0.0093577014264927191
2032 0.07719611091407147 0.02617284731844571 -0.0080312677571034285
2033 0.07719611091407147 0.029781593472528487 -0.0064857620392528657
2034 0.07719611091407147 0.032577975391500688 -0.0047633416400912915
2035 0.07719611091407147 0.034485715066236391 -0.0029109896980929399
2036 0.07719611091407147 0.035452774331514961 -0.00097923354551441699
2037 0.081125730829449058 0.034185826499454508 0
2038 0.081125730829449058 0.033694094506248669 0.0019258109072627396
2039 0.081125730829449058 0.032233044760781503 0.0037962197410386228
2040 0.081125730829449058 0.029844709004103524 0.00555741824462471
2041 0.081125730829449058 0.026597795307502389 0.0071587399436788702
2042 0.081125730829449058 0.022585711466388426 0.0085541177284383964
2043 0.081125730829449058 0.017923877828087818 0.0097034091205936944
2044 0.081125730829449058 0.012746406858595346 0.010573551099302027
2045 0.081125730829449058 0.0072022449711056351 0.011139511264099466
2046 0.081125730829449058 0.0014508876088916254 0.011385007971485868
2047 0.081125730829449058 -0.0043422091482057763 0.011302978728164461
2048 0.081125730829449058 -0.0100103884539496 0.010895783366115326
2049 0.081125730829449058 -0.015390587109741675 0.010175136154525893
2050 0.081125730829449058 -0.02032802659595789 0.0091617688015945137
2051 0.081125730829449058 -0.02468066576815325 0.0078848340410317286
2052 0.081125730829449058 -0.028323287122173895 0.0063810669609896615
2053 0.081125730829449058 -0.031151099073768652 0.0046937282024592936
2054 0.081125730829449058 -0.033082750621674407 0.0028713594293935988
2055 0.081125730829449058 -0.034062671667807021 0.00096638687341520351
2056 0.081125730829449058 -0.034062671667807021 -0.00096638687341519581
2057 0.081125730829449058 -0.033082750621674414 -0.002871359429393591
2058 0.081125730829449058 -0.031151099073768656 -0.004693728202459291
2059 0.081125730829449058 -0.028323287122173899 -0.0063810669609896597
2060 0.081125730829449058 -0.024680665768153257 -0.0078848340410317269
2061 0.081125730829449058 -0.020328026595957879 -0.0091617688015945154
2062 0.081125730829449058 -0.015390587109741682 -0.010175136154525892
2063 0.081125730829449058 -0.0100103884539496 -0.010895783366115326
2064 0.081125730829449058 -0.0043422091482057988 -0.011302978728164459
2065 0.081125730829449058 0.0014508876088916171 -0.01138500797148587
2066 0.081125730829449058 0.0072022449711056117 -0.011139511264099469
2067 0.081125730829449058 0.012746406858595337 -0.010573551099302029
2068 0.081125730829449058 0.017923877828087801 -0.0097034091205936996
2069 0.081125730829449058 0.022585711466388412 -0.0085541177284383998
2070 0.081125730829449058 0.026597795307502389 -0.0071587399436788702
2071 0.081125730829449058 0.029844709004103517 -0.0055574182446247143
2072 0.081125730829449058 0.032233044760781503 -0.0037962197410386241
2073 0.081125730829449058 0.033694094506248669 -0.0019258109072627465
2074 0.085030690218691612 0.032604319287786364 0.00097814728279791915
2075 0.085030690218691612 0.031556389638953644 0.0029030033899023677
2076 0.085030690218691612 0.02949421166244107 0.0047345545794562089
2077 0.085030690218691612 0.026484065455179451 0.0064139332892218428
2078 0.085030690218691612 0.022622699593026721 0.0078871629056699987
2079 0.085030690218691612 0.01803422155193489 0.0091068926167506645
2080 0.085030690218691612 0.01286610879155695 0.01003391930595276
2081 0.085030690218691612 0.0072844687083487925 0.010638447572725231
2082 0.085030690218691612 0.0014686998071734886 0.010901047381166491
2083 0.085030690218691612 -0.0043942743142545981 0.010813278557365401
2084 0.085030690218691612 -0.010116012843601592 0.010377962063535352
2085 0.085030690218691612 -0.015512614396672139 0.0096090893299676482
2086 0.085030690218691612 -0.020410627759212003 0.0085313725589497499
2087 0.085030690218691612 -0.024652626751650333 0.0071794504542504814
2088 0.085030690218691612 -0.028102270036041769 0.0055967749046800927
2089 0.085030690218691612 -0.030648683238850012 0.0038342144046315555
2090 0.085030690218691612 -0.032210022544541049 0.0019484190988160394
2091 0.085030690218691612 -0.032736105223155711 1.3363388826029533e-18
2092 0.085030690218691612 -0.032210022544541049 -0.0019484190988160368
2093 0.085030690218691612 -0.030648683238850012 -0.0038342144046315529
2094 0.085030690218691612 -0.028102270036041772 -0.0055967749046800909
2095 0.085030690218691612 -0.02465262675165034 -0.0071794504542504788
2096 0.085030690218691612 -0.020410627759212006 -0.0085313725589497465
2097 0.085030690218691612 -0.015512614396672146 -0.0096090893299676464
2098 0.085030690218691612 -0.010116012843601599 -0.010377962063535352
2099 0.085030690218691612 -0.0043942743142546059 -0.010813278557365399
2100 0.085030690218691612 0.0014686998071734806 -0.010901047381166491
2101 0.085030690218691612 0.0072844687083487847 -0.010638447572725231
2102 0.085030690218691612 0.012866108791556941 -0.010033919305952762
2103 0.085030690218691612 0.018034221551934879 -0.0091068926167506663
2104 0.085030690218691612 0.022622699593026718 -0.0078871629056700004
2105 0.085030690218691612 0.026484065455179447 -0.0064139332892218454
2106 0.085030690218691612 0.029494211662441067 -0.0047345545794562106
2107 0.085030690218691612 0.031556389638953644 -0.0029030033899023703
2108 0.085030690218691612 0.032604319287786364 -0.00097814728279792197
2109 0.088910334690689097 0.031226446927957952 0
2110 0.088910334690689097 0.030694757328889679 0.0019126148553789994
2111 0.088910334690689097 0.029117794583289749 0.0037600979057867447
2112 0.088910334690689097 0.026549260266101219 0.0054795353317532887
2113 0.088910334690689097 0.023076622732878582 0.0070123737539752309
2114 0.088910334690689097 0.018818138489846089 0.0083064141984208525
2115 0.088910334690689097 0.013918825110411313 0.0093175896697850064
2116 0.088910334690689097 0.0085455228356321761 0.010011465800161686
2117 0.088910334690689097 0.0028812130299105472 0.010364413470143607
2118 0.088910334690689097 -0.0028812130299105433 0.010364413470143609
2119 0.088910334690689097 -0.0085455228356321796 0.010011465800161686
2120 0.088910334690689097 -0.01391882511041131 0.0093175896697850064
2121 0.088910334690689097 -0.018818138489846085 0.0083064141984208542
2122 0.088910334690689097 -0.023076622732878579 0.0070123737539752335
2123 0.088910334690689097 -0.026549260266101219 0.0054795353317532887
2124 0.088910334690689097 -0.029117794583289749 0.0037600979057867447
2125 0.088910334690689097 -0.030694757328889679 0.0019126148553789998
2126 0.088910334690689097 -0.031226446927957952 1.274712275968947e-18
2127 0.088910334690689097 -0.030694757328889679 -0.0019126148553789972
2128 0.088910334690689097 -0.029117794583289745 -0.0037600979057867464
2129 0.088910334690689097 -0.026549260266101216 -0.0054795353317532896
2130 0.088910334690689097 -0.023076622732878582 -0.0070123737539752309
2131 0.088910334690689097 -0.018818138489846092 -0.0083064141984208525
2132 0.088910334690689097 -0.013918825110411304 -0.0093175896697850081
2133 0.088910334690689097 -0.0085455228356321866 -0.010011465800161686
2134 0.088910334690689097 -0.0028812130299105442 -0.010364413470143609
2135 0.088910334690689097 0.0028812130299105325 -0.010364413470143609
2136 0.088910334690689097 0.0085455228356321761 -0.010011465800161686
2137 0.088910334690689097 0.01391882511041132 -0.0093175896697850046
2138 0.088910334690689097 0.018818138489846082 -0.0083064141984208559
2139 0.088910334690689097 0.023076622732878586 -0.00701237375397523
2140 0.088910334690689097 0.026549260266101209 -0.005479535331753293
2141 0.088910334690689097 0.029117794583289749 -0.003760097905786746
2142 0.088910334690689097 0.030694757328889679 -0.0019126148553789966
2143 0.092764068001235336 0.029515381992147621 0.00096900379767646467
2144 0.092764068001235336 0.028381122414606302 0.0028697731205082773
2145 0.092764068001235336 0.026156192218988485 0.0046602586717062649
2146 0.092764068001235336 0.02292609422495653 0.0062716530956537534
2147 0.092764068001235336 0.018814959286961256 0.0076420314083188445
2148 0.092764068001235336 0.013980776015118797 0.0087187307396628284
2149 0.092764068001235336 0.0086093193615248299 0.0094603741382021031
2150 0.092764068001235336 0.0029070113930293982 0.0098384606640492082
2151 0.092764068001235336 -0.0029070113930293948 0.0098384606640492082
2152 0.092764068001235336 -0.0086093193615248264 0.0094603741382021031
2153 0.092764068001235336 -0.013980776015118794 0.0087187307396628302
2154 0.092764068001235336 -0.018814959286961253 0.0076420314083188454
2155 0.092764068001235336 -0.02292609422495653 0.0062716530956537534
2156 0.092764068001235336 -0.026156192218988489 0.0046602586717062631
2157 0.092764068001235336 -0.028381122414606302 0.0028697731205082778
2158 0.092764068001235336 -0.029515381992147618 0.00096900379767646684
2159 0.092764068001235336 -0.029515381992147621 -0.00096900379767646456
2160 0.092764068001235336 -0.028381122414606302 -0.0028697731205082795
2161 0.092764068001235336 -0.026156192218988485 -0.0046602586717062649
2162 0.092764068001235336 -0.022926094224956534 -0.0062716530956537508
2163 0.092764068001235336 -0.018814959286961266 -0.0076420314083188411
2164 0.092764068001235336 -0.013980776015118801 -0.0087187307396628284
2165 0.092764068001235336 -0.0086093193615248594 -0.0094603741382020996
2166 0.092764068001235336 -0.0029070113930294151 -0.0098384606640492082
2167 0.092764068001235336 0.0029070113930293783 -0.0098384606640492082
2168 0.092764068001235336 0.0086093193615248229 -0.0094603741382021031
2169 0.092764068001235336 0.01398077601511879 -0.0087187307396628302
2170 0.092764068001235336 0.018814959286961239 -0.0076420314083188489
2171 0.092764068001235336 0.02292609422495652 -0.0062716530956537578
2172 0.092764068001235336 0.026156192218988478 -0.0046602586717062683
2173 0.092764068001235336 0.028381122414606295 -0.0028697731205082873
2174 0.092764068001235336 0.029515381992147618 -0.00096900379767647247
2175 0.096591354799008086 0.028032694294755529 0
2176 0.096591354799008086 0.027420112666519364 0.0019427749563333261
2177 0.096591354799008086 0.025609140538457566 0.003800641324606334
2178 0.096591354799008086 0.022678926082574855 0.0054924014294935519
2179 0.096591354799008086 0.018757533731322273 0.0069441172364457498
2180 0.096591354799008086 0.014016347147377768 0.0080923417985937964
2181 0.096591354799008086 0.0086625789351970905 0.0088868921927790761
2182 0.096591354799008086 0.0029302144558827183 0.0092930427540998863
2183 0.096591354799008086 -0.0029302144558827083 0.0092930427540998863
2184 0.096591354799008086 -0.0086625789351970871 0.0088868921927790761
2185 0.096591354799008086 -0.014016347147377759 0.0080923417985937982
2186 0.096591354799008086 -0.018757533731322263 0.0069441172364457515
2187 0.096591354799008086 -0.022678926082574852 0.0054924014294935528
2188 0.096591354799008086 -0.025609140538457562 0.0038006413246063366
2189 0.096591354799008086 -0.02742011266651936 0.00194277495633333
2190 0.096591354799008086 -0.028032694294755529 1.1443383113182879e-18
2191 0.096591354799008086 -0.027420112666519364 -0.0019427749563333239
2192 0.096591354799008086 -0.025609140538457573 -0.003800641324606331
2193 0.096591354799008086 -0.022678926082574855 -0.005492401429493551
2194 0.096591354799008086 -0.01875753373132228 -0.0069441172364457472
2195 0.096591354799008086 -0.014016347147377777 -0.0080923417985937947
2196 0.096591354799008086 -0.008662578935197094 -0.0088868921927790761
2197 0.096591354799008086 -0.0029302144558827339 -0.0092930427540998863
2198 0.096591354799008086 0.0029302144558826988 -0.0092930427540998863
2199 0.096591354799008086 0.0086625789351970853 -0.0088868921927790761
2200 0.096591354799008086 0.014016347147377746 -0.0080923417985938016
2201 0.096591354799008086 0.01875753373132226 -0.0069441172364457524
2202 0.096591354799008086 0.022678926082574852 -0.0054924014294935536
2203 0.096591354799008086 0.025609140538457559 -0.0038006413246063418
2204 0.096591354799008086 0.02742011266651936 -0.0019427749563333313
2205 0.10039171642179463 0.026185603358012666 0.00098346963780183592
2206 0.10039171642179463 0.024872547864084611 0.0029010936391545518
2207 0.10039171642179463 0.022312278961536307 0.0046732446915279972
2208 0.10039171642179463 0.018633179223893424 0.0062110597412978075
2209 0.10039171642179463 0.014019734074583989 0.0074374263205121017
2210 0.10039171642179463 0.0087032809174636579 0.0082908492880282049
2211 0.10039171642179463 0.0029504089134055086 0.00872853445267089
2212 0.10039171642179463 -0.0029504089134055056 0.00872853445267089
2213 0.10039171642179463 -0.0087032809174636527 0.0082908492880282049
2214 0.10039171642179463 -0.014019734074583986 0.0074374263205121026
2215 0.10039171642179463 -0.018633179223893421 0.0062110597412978084
2216 0.10039171642179463 -0.022312278961536303 0.0046732446915279981
2217 0.10039171642179463 -0.024872547864084611 0.0029010936391545535
2218 0.10039171642179463 -0.026185603358012666 0.00098346963780183701
2219 0.10039171642179463 -0.026185603358012666 -0.00098346963780183484
2220 0.10039171642179463 -0.024872547864084611 -0.0029010936391545509
2221 0.10039171642179463 -0.022312278961536307 -0.0046732446915279955
2222 0.10039171642179463 -0.018633179223893424 -0.0062110597412978075
2223 0.10039171642179463 -0.014019734074583991 -0.0074374263205121017
2224 0.10039171642179463 -0.0087032809174636596 -0.0082908492880282032
2225 0.10039171642179463 -0.0029504089134055121 -0.00872853445267089
2226 0.10039171642179463 0.0029504089134055026 -0.00872853445267089
2227 0.10039171642179463 0.0087032809174636492 -0.0082908492880282049
2228 0.10039171642179463 0.014019734074583982 -0.0074374263205121026
2229 0.10039171642179463 0.018633179223893417 -0.0062110597412978093
2230 0.10039171642179463 0.0223122789615363 -0.0046732446915279989
2231 0.10039171642179463 0.024872547864084608 -0.0029010936391545544
2232 0.10039171642179463 0.026185603358012666 -0.00098346963780183787
2233 0.10416472679599932 0.024615341628724766 0
2234 0.10416472679599932 0.023951831909400638 0.0018922294811103326
2235 0.10416472679599932 0.021997072732140115 0.003682448381108662
2236 0.10416472679599932 0.018856445670159861 0.0052741455357151858
2237 0.10416472679599932 0.014699262741292247 0.0065815121393296167
2238 0.10416472679599932 0.0097496387532792252 0.0075340677199518665
2239 0.10416472679599932 0.0042744092164769864 0.0080804597596707689
2240 0.10416472679599932 -0.0014312548275751135 0.008191232122196768
2241 0.10416472679599932 -0.0070597595534061348 0.0078604130407937314
2242 0.10416472679599932 -0.012307670814362379 0.0071058370577694241
2243 0.10416472679599932 -0.016892072355994502 0.0059681835596833996
2244 0.10416472679599932 -0.020565817904564996 0.0045087837410881073
2245 0.10416472679599932 -0.023130854886636843 0.0028063142239555831
2246 0.10416472679599932 -0.024448901494571473 0.00095255558062225091
2247 0.10416472679599932 -0.024448901494571473 -0.00095255558062224896
2248 0.10416472679599932 -0.023130854886636847 -0.0028063142239555814
2249 0.10416472679599932 -0.020565817904565003 -0.0045087837410881055
2250 0.10416472679599932 -0.016892072355994502 -0.0059681835596833979
2251 0.10416472679599932 -0.012307670814362393 -0.0071058370577694215
2252 0.10416472679599932 -0.0070597595534061461 -0.0078604130407937296
2253 0.10416472679599932 -0.001431254827575125 -0.008191232122196768
2254 0.10416472679599932 0.0042744092164769751 -0.0080804597596707689
2255 0.10416472679599932 0.0097496387532792148 -0.0075340677199518674
2256 0.10416472679599932 0.014699262741292241 -0.0065815121393296185
2257 0.10416472679599932 0.018856445670159854 -0.0052741455357151884
2258 0.10416472679599932 0.021997072732140112 -0.0036824483811086642
2259 0.10416472679599932 0.023951831909400638 -0.001892229481110335
2260 0.10791001574138832 0.02264618159752042 0.00095362601513081615
2261 0.10791001574138832 0.021223238720918303 0.0028009582156706277
2262 0.10791001574138832 0.018466761701868811 0.004472295910316117
2263 0.10791001574138832 0.014549950129092163 0.0058626228049626396
2264 0.10791001574138832 0.0097189116787312346 0.0068845795475549146
2265 0.10791001574138832 0.0042771982639387782 0.0074739528374618792
2266 0.10791001574138832 -0.0014332672482118103 0.0075937101833153456
2267 0.10791001574138832 -0.0070536753079690371 0.0072363267906386279
2268 0.10791001574138832 -0.012230875006523432 0.006424258372357783
2269 0.10791001574138832 -0.016639563846406222 0.0052085301737721246
2270 0.10791001574138832 -0.020002727693784212 0.0036655308687343433
2271 0.10791001574138832 -0.022109046595275236 0.0018922127783344476
2272 0.10791001574138832 -0.022826172787799557 -2.4471523643661981e-18
2273 0.10791001574138832 -0.022109046595275232 -0.0018922127783344523
2274 0.10791001574138832 -0.020002727693784209 -0.0036655308687343477
2275 0.10791001574138832 -0.016639563846406212 -0.005208530173772128
2276 0.10791001574138832 -0.012230875006523418 -0.0064242583723577856
2277 0.10791001574138832 -0.007053675307969018 -0.0072363267906386296
2278 0.10791001574138832 -0.0014332672482118057 -0.0075937101833153456
2279 0.10791001574138832 0.0042771982639387869 -0.0074739528374618792
2280 0.10791001574138832 0.0097189116787312329 -0.0068845795475549146
2281 0.10791001574138832 0.01454995012909217 -0.0058626228049626378
2282 0.10791001574138832 0.018466761701868822 -0.0044722959103161127
2283 0.10791001574138832 0.021223238720918303 -0.0028009582156706269
2284 0.10791001574138832 0.02264618159752042 -0.00095362601513081257
2285 0.11162726122517765 0.020985117397601286 0
2286 0.11162726122517765 0.020206932319173341 0.0018872389720746413
2287 0.11162726122517765 0.01793009151119665 0.0036345100631343255
2288 0.11162726122517765 0.014323457840545221 0.0051122261695885247
2289 0.11162726122517765 0.0096545188273200935 0.0062107918479229014
2290 0.11162726122517765 0.0042695483191574233 0.0068487315073789664
2291 0.11162726122517765 -0.0014320750559532534 0.0069787320817946159
2292 0.11162726122517765 -0.0070274879754713328 0.0065911520232784983
2293 0.11162726122517765 -0.01210170426046701 0.0057147363717099647
2294 0.11162726122517765 -0.016278392502077067 0.0044144848666310297
2295 0.11162726122517765 -0.019247786840498597 0.0027868312139185608
2296 0.11162726122517765 -0.020789660881726093 0.00095249103897423852
2297 0.11162726122517765 -0.020789660881726093 -0.00095249103897423679
2298 0.11162726122517765 -0.019247786840498604 -0.0027868312139185569
2299 0.11162726122517765 -0.01627839250207707 -0.004414484866631028
2300 0.11162726122517765 -0.012101704260467014 -0.0057147363717099638
2301 0.11162726122517765 -0.007027487975471338 -0.0065911520232784975
2302 0.11162726122517765 -0.0014320750559532634 -0.0069787320817946159
2303 0.11162726122517765 0.0042695483191574094 -0.0068487315073789681
2304 0.11162726122517765 0.0096545188273200813 -0.006210791847922904
2305 0.11162726122517765 0.014323457840545209 -0.0051122261695885291
2306 0.11162726122517765 0.01793009151119665 -0.0036345100631343255
2307 0.11162726122517765 0.020206932319173337 -0.001887238972074642
2308 0.1153161880659383 0.018880234026373083 0.00094857913359135322
2309 0.1153161880659383 0.017202642378587502 0.0027614519819835048
2310 0.1153161880659383 0.013996520462911773 0.0043289577033440016
2311 0.1153161880659383 0.0095467462813879737 0.0055118165354444042
2312 0.1153161880659383 0.0042487017975568466 0.00620492628016211
2313 0.1153161880659383 -0.0014268584861079421 0.0063467010950169316
2314 0.1153161880659383 -0.0069756361316167057 0.0059245436655404934
2315 0.1153161880659383 -0.011904597894756381 0.0049759645319491386
2316 0.1153161880659383 -0.015775783892479564 0.0035852491130334259
2317 0.1153161880659383 -0.018245222260468621 0.0018759685768181087
2318 0.1153161880659383 -0.019093492562775944 -2.0469785234421605e-18
2319 0.1153161880659383 -0.018245222260468617 -0.0018759685768181098
2320 0.1153161880659383 -0.015775783892479561 -0.0035852491130334272
2321 0.1153161880659383 -0.011904597894756376 -0.0049759645319491386
2322 0.1153161880659383 -0.0069756361316167057 -0.0059245436655404934
2323 0.1153161880659383 -0.0014268584861079508 -0.0063467010950169316
2324 0.1153161880659383 0.0042487017975568423 -0.00620492628016211
2325 0.1153161880659383 0.0095467462813879737 -0.0055118165354444042
2326 0.1153161880659383 0.013996520462911768 -0.0043289577033440033
2327 0.1153161880659383 0.017202642378587499 -0.0027614519819835065
2328 0.1153161880659383 0.018880234026373083 -0.00094857913359135289
2329 0.11897656976040492 0.017152598535084843 0
2330 0.11897656976040492 0.016223223434452292 0.0018564798799410268
2331 0.11897656976040492 0.013535810345448688 0.0035117813586370951
2332 0.11897656976040492 0.0093815821757780929 0.0047865268362226616
2333 0.11897656976040492 0.0042107140071158617 0.0055425778604872725
2334 0.11897656976040492 -0.0014164503601769916 0.005698004571611493
2335 0.11897656976040492 -0.0068901203524528044 0.0052359640737511051
2336 0.11897656976040492 -0.011617138893307644 0.004206525624146285
2337 0.11897656976040492 -0.015085260176589994 0.0027212448521950535
2338 0.11897656976040492 -0.01691865944780991 0.00094107497604406965
2339 0.11897656976040492 -0.016918659447809913 -0.00094107497604406824
2340 0.11897656976040492 -0.015085260176589996 -0.0027212448521950526
2341 0.11897656976040492 -0.011617138893307653 -0.0042065256241462816
2342 0.11897656976040492 -0.0068901203524528148 -0.0052359640737511034
2343 0.11897656976040492 -0.0014164503601769996 -0.005698004571611493
2344 0.11897656976040492 0.0042107140071158547 -0.0055425778604872734
2345 0.11897656976040492 0.0093815821757780877 -0.0047865268362226633
2346 0.11897656976040492 0.013535810345448684 -0.0035117813586370964
2347 0.11897656976040492 0.016223223434452292 -0.0018564798799410283
2348 0.12260822074598615 0.014905527932041009 0.00092877535549877848
2349 0.12260822074598615 0.012892453790437346 0.0026608898082143163
2350 0.12260822074598615 0.0091381823248824871 0.0040336363478310861
2351 0.12260822074598615 0.0041497486999359625 0.004861617947522677
2352 0.12260822074598615 -0.0013991314814882621 0.0050330111042463125
2353 0.12260822074598615 -0.0067590512034823198 0.0045246682224641972
2354 0.12260822074598615 -0.011206123607250441 0.003405243825186156
2355 0.12260822074598615 -0.014139746922584885 0.0018259223802093039
2356 0.12260822074598615 -0.015163719064981771 6.1900666720332078e-19
2357 0.12260822074598615 -0.014139746922584887 -0.0018259223802093028
2358 0.12260822074598615 -0.011206123607250443 -0.0034052438251861552
2359 0.12260822074598615 -0.0067590512034823172 -0.004524668222464198
2360 0.12260822074598615 -0.0013991314814882625 -0.0050330111042463125
2361 0.12260822074598615 0.004149748699935959 -0.004861617947522677
2362 0.12260822074598615 0.0091381823248824941 -0.0040336363478310844
2363 0.12260822074598615 0.012892453790437349 -0.0026608898082143145
2364 0.12260822074598615 0.014905527932041009 -0.00092877535549877707
2365 0.12621099370299063 0.013128119694071117 0
2366 0.12621099370299063 0.011828027138454707 0.0018986925534821436
2367 0.12621099370299063 0.0081852487468341388 0.0034213257608111205
2368 0.12621099370299063 0.00292128145541499 0.0042663234414046123
2369 0.12621099370299063 -0.0029212814554149887 0.0042663234414046123
2370 0.12621099370299063 -0.0081852487468341371 0.0034213257608111209
2371 0.12621099370299063 -0.011828027138454706 0.001898692553482144
2372 0.12621099370299063 -0.013128119694071117 5.3591032540558419e-19
2373 0.12621099370299063 -0.011828027138454707 -0.0018986925534821431
2374 0.12621099370299063 -0.0081852487468341388 -0.0034213257608111201
2375 0.12621099370299063 -0.0029212814554149917 -0.0042663234414046123
2376 0.12621099370299063 0.0029212814554149874 -0.0042663234414046123
2377 0.12621099370299063 0.0081852487468341371 -0.0034213257608111209
2378 0.12621099370299063 0.011828027138454706 -0.0018986925534821444
2379 0.12978478249538847 0.010670624153264483 0.00095306170820108355
2380 0.12978478249538847 0.0078114390286612321 0.002603813009553744
2381 0.12978478249538847 0.0028591851246032528 0.0035568747177548276
2382 0.12978478249538847 -0.0028591851246032489 0.003556874717754828
2383 0.12978478249538847 -0.0078114390286612313 0.0026038130095537445
2384 0.12978478249538847 -0.010670624153264481 0.00095306170820108464
2385 0.12978478249538847 -0.010670624153264483 -0.00095306170820108377
2386 0.12978478249538847 -0.0078114390286612339 -0.002603813009553744
2387 0.12978478249538847 -0.0028591851246032589 -0.0035568747177548272
2388 0.12978478249538847 0.0028591851246032455 -0.0035568747177548285
2389 0.12978478249538847 0.0078114390286612235 -0.0026038130095537475
2390 0.12978478249538847 0.010670624153264479 -0.0009530617082010867
2391 0.13332951597795567 0.008921709206361152 0
2392 0.13332951597795567 0.0072178143668175966 0.001748016365580357
2393 0.13332951597795567 0.002756959763637021 0.0028283498924000791
2394 0.13332951597795567 -0.0027569597636370202 0.0028283498924000796
2395 0.13332951597795567 -0.0072178143668175957 0.0017480163655803572
2396 0.13332951597795567 -0.008921709206361152 3.6419808741645532e-19
2397 0.13332951597795567 -0.0072178143668175966 -0.0017480163655803566
2398 0.13332951597795567 -0.0027569597636370219 -0.0028283498924000791
2399 0.13332951597795567 0.0027569597636370189 -0.0028283498924000796
2400 0.13332951597795567 0.0072178143668175957 -0.0017480163655803577
2401 0.13684515318029317 0.0062392507522333052 0.00086146076020719037
2402 0.13684515318029317 0.0025843822806215708 0.0020797502507444356
2403 0.13684515318029317 -0.0025843822806215699 0.0020797502507444356
2404 0.13684515318029317 -0.0062392507522333052 0.00086146076020719058
2405 0.13684515318029317 -0.006239250752233306 -0.00086146076020719015
2406 0.13684515318029317 -0.0025843822806215742 -0.0020797502507444352
2407 0.13684515318029317 0.0025843822806215721 -0.0020797502507444352
2408 0.13684515318029317 0.0062392507522333034 -0.00086146076020719177
2409 0.14033168882713146 0.0045430346354967529 0
2410 0.14033168882713146 0.0032124105979251093 0.001070803532641703
2411 0.14033168882713146 2.7818064123883305e-19 0.0015143448784989179
2412 0.14033168882713146 -0.0032124105979251089 0.0010708035326417033
2413 0.14033168882713146 -0.0045430346354967529 1.8545376082588871e-19
2414 0.14033168882713146 -0.0032124105979251098 -0.001070803532641703
2415 0.14033168882713146 -8.3454192371649909e-19 -0.0015143448784989179
2416 0.14033168882713146 0.0032124105979251085 -0.0010708035326417035
2417 0.14378914077005361 0.0021175429078219951 0.00029237166377561036
2418 0.14378914077005361 0.00087711499132683119 0.00070584763594066504
2419 0.14378914077005361 -0.00087711499132683097 0.00070584763594066504
2420 0.14378914077005361 -0.0021175429078219951 0.00029237166377561047
2421 0.14378914077005361 -0.0021175429078219956 -0.00029237166377561031
2422 0.14378914077005361 -0.00087711499132683238 -0.00070584763594066493
2423 0.14378914077005361 0.00087711499132683162 -0.00070584763594066504
2424 0.14378914077005361 0.0021175429078219947 -0.00029237166377561085
2425 0.14721755875200002 0 0
$EndNodes
$Elements
4846
1 2 2 0 1 1 3 2
2 2 2 0 1 1 4 3
3 2 2 0 1 1 5 4
4 2 2 0 1 1 6 5
5 2 2 0 1 1 7 6
6 2 2 0 1 1 8 7
7 2 2 0 1 1 9 8
8 2 2 0 1 1 2 9
9 2 2 0 1 2 11 10
10 2 2 0 1 2 3 11
11 2 2 0 1 3 12 11
12 2 2 0 1 3 4 12
13 2 2 0 1 4 13 12
14 2 2 0 1 4 5 13
15 2 2 0 1 5 14 13
16 2 2 0 1 5 6 14
17 2 2 0 1 6 15 14
18 2 2 0 1 6 7 15
19 2 2 0 1 7 16 15
20 2 2 0 1 7 8 16
21 2 2 0 1 8 17 16
22 2 2 0 1 8 9 17
23 2 2 0 1 9 18 17
24 2 2 0 1 9 2 18
25 2 2 0 1 2 10 18
26 2 2 0 1 10 20 19
27 2 2 0 1 10 11 20
28 2 2 0 1 11 21 20
29 2 2 0 1 11 12 21
30 2 2 0 1 12 22 21
31 2 2 0 1 12 23 22
32 2 2 0 1 12 13 23
33 2 2 0 1 13 24 23
34 2 2 0 1 13 14 24
35 2 2 0 1 14 25 24
36 2 2 0 1 14 26 25
37 2 2 0 1 14 15 26
38 2 2 0 1 15 27 26
39 2 2 0 1 15 16 27
40 2 2 0 1 16 28 27
41 2 2 0 1 16 29 28
42 2 2 0 1 16 17 29
43 2 2 0 1 17 30 29
44 2 2 0 1 17 18 30
45 2 2 0 1 18 31 30
46 2 2 0 1 18 10 31
47 2 2 0 1 10 19 31
48 2 2 0 1 19 33 32
49 2 2 0 1 19 20 33
50 2 2 0 1 20 34 33
51 2 2 0 1 20 21 34
52 2 2 0 1 21 35 34
53 2 2 0 1 21 22 35
54 2 2 0 1 22 36 35
55 2 2 0 1 22 23 36
56 2 2 0 1 23 37 36
57 2 2 0 1 23 38 37
58 2 2 0 1 23 24 38
59 2 2 0 1 24 39 38
60 2 2 0 1 24 25 39
61 2 2 0 1 25 40 39
62 2 2 0 1 25 26 40
63 2 2 0 1 26 41 40
64 2 2 0 1 26 27 41
65 2 2 0 1 27 42 41
66 2 2 0 1 27 43 42
67 2 2 0 1 27 28 43
68 2 2 0 1 28 44 43
69 2 2 0 1 28 29 44
70 2 2 0 1 29 45 44
71 2 2 0 1 29 30 45
72 2 2 0 1 30 46 45
73 2 2 0 1 30 31 46
74 2 2 0 1 31 47 46
75 2 2 0 1 31 19 47
76 2 2 0 1 19 32 47
77 2 2 0 1 32 49 48
78 2 2 0 1 32 33 49
79 2 2 0 1 33 50 49
80 2 2 0 1 33 34 50
81 2 2 0 1 34 51 50
82 2 2 0 1 34 35 51
83 2 2 0 1 35 52 51
84 2 2 0 1 35 36 52
85 2 2 0 1 36 53 52
86 2 2 0 1 36 54 53
87 2 2 0 1 36 37 54
88 2 2 0 1 37 55 54
89 2 2 0 1 37 38 55
90 2 2 0 1 38 56 55
91 2 2 0 1 38 39 56
92 2 2 0 1 39 57 56
93 2 2 0 1 39 40 57
94 2 2 0 1 40 58 57
95 2 2 0 1 40 59 58
96 2 2 0 1 40 41 59
97 2 2 0 1 41 60 59
98 2 2 0 1 41 42 60
99 2 2 0 1 42 61 60
100 2 2 0 1 42 43 61
101 2 2 0 1 43 62 61
102 2 2 0 1 43 44 62
103 2 2 0 1 44 63 62
104 2 2 0 1 44 64 63
105 2 2 0 1 44 45 64
106 2 2 0 1 45 65 64
107 2 2 0 1 45 46 65
108 2 2 0 1 46 66 65
109 2 2 0 1 46 47 66
110 2 2 0 1 47 67 66
111 2 2 0 1 47 32 67
112 2 2 0 1 32 48 67
113 2 2 0 1 48 69 68
114 2 2 0 1 48 49 69
115 2 2 0 1 49 70 69
116 2 2 0 1 49 50 70
117 2 2 0 1 50 71 70
118 2 2 0 1 50 51 71
119 2 2 0 1 51 72 71
120 2 2 0 1 51 52 72
121 2 2 0 1 52 73 72
122 2 2 0 1 52 53 73
123 2 2 0 1 53 74 73
124 2 2 0 1 53 54 74
125 2 2 0 1 54 75 74
126 2 2 0 1 54 76 75
127 2 2 0 1 54 55 76
128 2 2 0 1 55 77 76
129 2 2 0 1 55 56 77
130 2 2 0 1 56 78 77
131 2 2 0 1 56 57 78
132 2 2 0 1 57 79 78
133 2 2 0 1 57 58 79
134 2 2 0 1 58 80 79
135 2 2 0 1 58 59 80
136 2 2 0 1 59 81 80
137 2 2 0 1 59 60 81
138 2 2 0 1 60 82 81
139 2 2 0 1 60 61 82
140 2 2 0 1 61 83 82
141 2 2 0 1 61 84 83
142 2 2 0 1 61 62 84
143 2 2 0 1 62 85 84
144 2 2 0 1 62 63 85
145 2 2 0 1 63 86 85
146 2 2 0 1 63 64 86
147 2 2 0 1 64 87 86
148 2 2 0 1 64 65 87
149 2 2 0 1 65 88 87
150 2 2 0 1 65 66 88
151 2 2 0 1 66 89 88
152 2 2 0 1 66 67 89
153 2 2 0 1 67 90 89
154 2 2 0 1 67 48 90
155 2 2 0 1 48 68 90
156 2 2 0 1 68 92 91
157 2 2 0 1 68 69 92
158 2 2 0 1 69 93 92
159 2 2 0 1 69 70 93
160 2 2 0 1 70 94 93
161 2 2 0 1 70 71 94
162 2 2 0 1 71 95 94
163 2 2 0 1 71 72 95
164 2 2 0 1 72 96 95
165 2 2 0 1 72 73 96
166 2 2 0 1 73 97 96
167 2 2 0 1 73 74 97
168 2 2 0 1 74 98 97
169 2 2 0 1 74 75 98
170 2 2 0 1 75 99 98
171 2 2 0 1 75 100 99
172 2 2 0 1 75 76 100
173 2 2 0 1 76 101 100
174 2 2 0 1 76 77 101
175 2 2 0 1 77 102 101
176 2 2 0 1 77 78 102
177 2 2 0 1 78 103 102
178 2 2 0 1 78 79 103
179 2 2 0 1 79 104 103
180 2 2 0 1 79 80 104
181 2 2 0 1 80 105 104
182 2 2 0 1 80 81 105
183 2 2 0 1 81 106 105
184 2 2 0 1 81 82 106
185 2 2 0 1 82 107 106
186 2 2 0 1 82 83 107
187 2 2 0 1 83 108 107
188 2 2 0 1 83 109 108
189 2 2 0 1 83 84 109
190 2 2 0 1 84 110 109
191 2 2 0 1 84 85 110
192 2 2 0 1 85 111 110
193 2 2 0 1 85 86 111
194 2 2 0 1 86 112 111
195 2 2 0 1 86 87 112
196 2 2 0 1 87 113 112
197 2 2 0 1 87 88 113
198 2 2 0 1 88 114 113
199 2 2 0 1 88 89 114
200 2 2 0 1 89 115 114
201 2 2 0 1 89 90 115
202 2 2 0 1 90 116 115
203 2 2 0 1 90 68 116
204 2 2 0 1 68 91 116
205 2 2 0 1 91 118 117
206 2 2 0 1 91 92 118
207 2 2 0 1 92 119 118
208 2 2 0 1 92 93 119
209 2 2 0 1 93 120 119
210 2 2 0 1 93 94 120
211 2 2 0 1 94 121 120
212 2 2 0 1 94 95 121
213 2 2 0 1 95 122 121
214 2 2 0 1 95 96 122
215 2 2 0 1 96 123 122
216 2 2 0 1 96 97 123
217 2 2 0 1 97 124 123
218 2 2 0 1 97 98 124
219 2 2 0 1 98 125 124
220 2 2 0 1 98 99 125
221 2 2 0 1 99 126 125
222 2 2 0 1 99 100 126
223 2 2 0 1 100 127 126
224 2 2 0 1 100 101 127
225 2 2 0 1 101 128 127
226 2 2 0 1 101 102 128
227 2 2 0 1 102 129 128
228 2 2 0 1 102 103 129
229 2 2 0 1 103 130 129
230 2 2 0 1 103 104 130
231 2 2 0 1 104 131 130
232 2 2 0 1 104 132 131
233 2 2 0 1 104 105 132
234 2 2 0 1 105 133 132
235 2 2 0 1 105 106 133
236 2 2 0 1 106 134 133
237 2 2 0 1 106 107 134
238 2 2 0 1 107 135 134
239 2 2 0 1 107 108 135
240 2 2 0 1 108 136 135
241 2 2 0 1 108 109 136
242 2 2 0 1 109 137 136
243 2 2 0 1 109 110 137
244 2 2 0 1 110 138 137
245 2 2 0 1 110 111 138
246 2 2 0 1 111 139 138
247 2 2 0 1 111 112 139
248 2 2 0 1 112 140 139
249 2 2 0 1 112 113 140
250 2 2 0 1 113 141 140
251 2 2 0 1 113 114 141
252 2 2 0 1 114 142 141
253 2 2 0 1 114 115 142
254 2 2 0 1 115 143 142
255 2 2 0 1 115 116 143
256 2 2 0 1 116 144 143
257 2 2 0 1 116 91 144
258 2 2 0 1 91 117 144
259 2 2 0 1 117 146 145
260 2 2 0 1 117 118 146
261 2 2 0 1 118 147 146
262 2 2 0 1 118 119 147
263 2 2 0 1 119 148 147
264 2 2 0 1 119 120 148
265 2 2 0 1 120 149 148
266 2 2 0 1 120 121 149
267 2 2 0 1 121 150 149
268 2 2 0 1 121 122 150
269 2 2 0 1 122 151 150
270 2 2 0 1 122 123 151
271 2 2 0 1 123 152 151
272 2 2 0 1 123 124 152
273 2 2 0 1 124 153 152
274 2 2 0 1 124 125 153
275 2 2 0 1 125 154 153
276 2 2 0 1 125 126 154
277 2 2 0 1 126 155 154
278 2 2 0 1 126 156 155
279 2 2 0 1 126 127 156
280 2 2 0 1 127 157 156
281 2 2 0 1 127 128 157
282 2 2 0 1 128 158 157
283 2 2 0 1 128 129 158
284 2 2 0 1 129 159 158
285 2 2 0 1 129 130 159
286 2 2 0 1 130 160 159
287 2 2 0 1 130 131 160
288 2 2 0 1 131 161 160
289 2 2 0 1 131 132 161
290 2 2 0 1 132 162 161
291 2 2 0 1 132 133 162
292 2 2 0 1 133 163 162
293 2 2 0 1 133 134 163
294 2 2 0 1 134 164 163
295 2 2 0 1 134 135 164
296 2 2 0 1 135 165 164
297 2 2 0 1 135 166 165
298 2 2 0 1 135 136 166
299 2 2 0 1 136 167 166
300 2 2 0 1 136 137 167
301 2 2 0 1 137 168 167
302 2 2 0 1 137 138 168
303 2 2 0 1 138 169 168
304 2 2 0 1 138 139 169
305 2 2 0 1 139 170 169
306 2 2 0 1 139 140 170
307 2 2 0 1 140 171 170
308 2 2 0 1 140 141 171
309 2 2 0 1 141 172 171
310 2 2 0 1 141 142 172
311 2 2 0 1 142 173 172
312 2 2 0 1 142 143 173
313 2 2 0 1 143 174 173
314 2 2 0 1 143 144 174
315 2 2 0 1 144 175 174
316 2 2 0 1 144 117 175
317 2 2 0 1 117 145 175
318 2 2 0 1 145 177 176
319 2 2 0 1 145 146 177
320 2 2 0 1 146 178 177
321 2 2 0 1 146 147 178
322 2 2 0 1 147 179 178
323 2 2 0 1 147 148 179
324 2 2 0 1 148 180 179
325 2 2 0 1 148 149 180
326 2 2 0 1 149 181 180
327 2 2 0 1 149 150 181
328 2 2 0 1 150 182 181
329 2 2 0 1 150 151 182
330 2 2 0 1 151 183 182
331 2 2 0 1 151 152 183
332 2 2 0 1 152 184 183
333 2 2 0 1 152 153 184
334 2 2 0 1 153 185 184
335 2 2 0 1 153 154 185
336 2 2 0 1 154 186 185
337 2 2 0 1 154 155 186
338 2 2 0 1 155 187 186
339 2 2 0 1 155 156 187
340 2 2 0 1 156 188 187
341 2 2 0 1 156 157 188
342 2 2 0 1 157 189 188
343 2 2 0 1 157 158 189
344 2 2 0 1 158 190 189
345 2 2 0 1 158 159 190
346 2 2 0 1 159 191 190
347 2 2 0 1 159 160 191
348 2 2 0 1 160 192 191
349 2 2 0 1 160 193 192
350 2 2 0 1 160 161 193
351 2 2 0 1 161 194 193
352 2 2 0 1 161 162 194
353 2 2 0 1 162 195 194
354 2 2 0 1 162 163 195
355 2 2 0 1 163 196 195
356 2 2 0 1 163 164 196
357 2 2 0 1 164 197 196
358 2 2 0 1 164 165 197
359 2 2 0 1 165 198 197
360 2 2 0 1 165 166 198
361 2 2 0 1 166 199 198
362 2 2 0 1 166 167 199
363 2 2 0 1 167 200 199
364 2 2 0 1 167 168 200
365 2 2 0 1 168 201 200
366 2 2 0 1 168 169 201
367 2 2 0 1 169 202 201
368 2 2 0 1 169 170 202
369 2 2 0 1 170 203 202
370 2 2 0 1 170 171 203
371 2 2 0 1 171 204 203
372 2 2 0 1 171 172 204
373 2 2 0 1 172 205 204
374 2 2 0 1 172 173 205
375 2 2 0 1 173 206 205
376 2 2 0 1 173 174 206
377 2 2 0 1 174 207 206
378 2 2 0 1 174 175 207
379 2 2 0 1 175 208 207
380 2 2 0 1 175 145 208
381 2 2 0 1 145 176 208
382 2 2 0 1 176 210 209
383 2 2 0 1 176 177 210
384 2 2 0 1 177 211 210
385 2 2 0 1 177 178 211
386 2 2 0 1 178 212 211
387 2 2 0 1 178 179 212
388 2 2 0 1 179 213 212
389 2 2 0 1 179 180 213
390 2 2 0 1 180 214 213
391 2 2 0 1 180 181 214
392 2 2 0 1 181 215 214
393 2 2 0 1 181 182 215
394 2 2 0 1 182 216 215
395 2 2 0 1 182 183 216
396 2 2 0 1 183 217 216
397 2 2 0 1 183 184 217
398 2 2 0 1 184 218 217
399 2 2 0 1 184 185 218
400 2 2 0 1 185 219 218
401 2 2 0 1 185 186 219
402 2 2 0 1 186 220 219
403 2 2 0 1 186 187 220
404 2 2 0 1 187 221 220
405 2 2 0 1 187 188 221
406 2 2 0 1 188 222 221
407 2 2 0 1 188 189 222
408 2 2 0 1 189 223 222
409 2 2 0 1 189 190 223
410 2 2 0 1 190 224 223
411 2 2 0 1 190 191 224
412 2 2 0 1 191 225 224
413 2 2 0 1 191 192 225
414 2 2 0 1 192 226 225
415 2 2 0 1 192 227 226
416 2 2 0 1 192 193 227
417 2 2 0 1 193 228 227
418 2 2 0 1 193 194 228
419 2 2 0 1 194 229 228
420 2 2 0 1 194 195 229
421 2 2 0 1 195 230 229
422 2 2 0 1 195 196 230
423 2 2 0 1 196 231 230
424 2 2 0 1 196 197 231
425 2 2 0 1 197 232 231
426 2 2 0 1 197 198 232
427 2 2 0 1 198 233 232
428 2 2 0 1 198 199 233
429 2 2 0 1 199 234 233
430 2 2 0 1 199 200 234
431 2 2 0 1 200 235 234
432 2 2 0 1 200 201 235
433 2 2 0 1 201 236 235
434 2 2 0 1 201 202 236
435 2 2 0 1 202 237 236
436 2 2 0 1 202 203 237
437 2 2 0 1 203 238 237
438 2 2 0 1 203 204 238
439 2 2 0 1 204 239 238
440 2 2 0 1 204 205 239
441 2 2 0 1 205 240 239
442 2 2 0 1 205 206 240
443 2 2 0 1 206 241 240
444 2 2 0 1 206 207 241
445 2 2 0 1 207 242 241
446 2 2 0 1 207 208 242
447 2 2 0 1 208 243 242
448 2 2 0 1 208 176 243
449 2 2 0 1 176 209 243
450 2 2 0 1 209 245 244
451 2 2 0 1 209 210 245
452 2 2 0 1 210 246 245
453 2 2 0 1 210 211 246
454 2 2 0 1 211 247 246
455 2 2 0 1 211 212 247
456 2 2 0 1 212 248 247
457 2 2 0 1 212 213 248
458 2 2 0 1 213 249 248
459 2 2 0 1 213 214 249
460 2 2 0 1 214 250 249
461 2 2 0 1 214 215 250
462 2 2 0 1 215 251 250
463 2 2 0 1 215 216 251
464 2 2 0 1 216 252 251
465 2 2 0 1 216 217 252
466 2 2 0 1 217 253 252
467 2 2 0 1 217 218 253
468 2 2 0 1 218 254 253
469 2 2 0 1 218 219 254
470 2 2 0 1 219 255 254
471 2 2 0 1 219 220 255
472 2 2 0 1 220 256 255
473 2 2 0 1 220 221 256
474 2 2 0 1 221 257 256
475 2 2 0 1 221 222 257
476 2 2 0 1 222 258 257
477 2 2 0 1 222 223 258
478 2 2 0 1 223 259 258
479 2 2 0 1 223 224 259
480 2 2 0 1 224 260 259
481 2 2 0 1 224 225 260
482 2 2 0 1 225 261 260
483 2 2 0 1 225 226 261
484 2 2 0 1 226 262 261
485 2 2 0 1 226 263 262
486 2 2 0 1 226 227 263
487 2 2 0 1 227 264 263
488 2 2 0 1 227 228 264
489 2 2 0 1 228 265 264
490 2 2 0 1 228 229 265
491 2 2 0 1 229 266 265
492 2 2 0 1 229 230 266
493 2 2 0 1 230 267 266
494 2 2 0 1 230 231 267
495 2 2 0 1 231 268 267
496 2 2 0 1 231 232 268
497 2 2 0 1 232 269 268
498 2 2 0 1 232 233 269
499 2 2 0 1 233 270 269
500 2 2 0 1 233 234 270
501 2 2 0 1 234 271 270
502 2 2 0 1 234 235 271
503 2 2 0 1 235 272 271
504 2 2 0 1 235 236 272
505 2 2 0 1 236 273 272
506 2 2 0 1 236 237 273
507 2 2 0 1 237 274 273
508 2 2 0 1 237 238 274
509 2 2 0 1 238 275 274
510 2 2 0 1 238 239 275
511 2 2 0 1 239 276 275
512 2 2 0 1 239 240 276
513 2 2 0 1 240 277 276
514 2 2 0 1 240 241 277
515 2 2 0 1 241 278 277
516 2 2 0 1 241 242 278
517 2 2 0 1 242 279 278
518 2 2 0 1 242 243 279
519 2 2 0 1 243 280 279
520 2 2 0 1 243 209 280
521 2 2 0 1 209 244 280
522 2 2 0 1 244 282 281
523 2 2 0 1 244 245 282
524 2 2 0 1 245 283 282
525 2 2 0 1 245 246 283
526 2 2 0 1 246 284 283
527 2 2 0 1 246 247 284
528 2 2 0 1 247 285 284
529 2 2 0 1 247 248 285
530 2 2 0 1 248 286 285
531 2 2 0 1 248 249 286
532 2 2 0 1 249 287 286
533 2 2 0 1 249 250 287
534 2 2 0 1 250 288 287
535 2 2 0 1 250 251 288
536 2 2 0 1 251 289 288
537 2 2 0 1 251 252 289
538 2 2 0 1 252 290 289
539 2 2 0 1 252 253 290
540 2 2 0 1 253 291 290
541 2 2 0 1 253 254 291
542 2 2 0 1 254 292 291
543 2 2 0 1 254 255 292
544 2 2 0 1 255 293 292
545 2 2 0 1 255 256 293
546 2 2 0 1 256 294 293
547 2 2 0 1 256 257 294
548 2 2 0 1 257 295 294
549 2 2 0 1 257 258 295
550 2 2 0 1 258 296 295
551 2 2 0 1 258 259 296
552 2 2 0 1 259 297 296
553 2 2 0 1 259 260 297
554 2 2 0 1 260 298 297
555 2 2 0 1 260 261 298
556 2 2 0 1 261 299 298
557 2 2 0 1 261 262 299
558 2 2 0 1 262 300 299
559 2 2 0 1 262 301 300
560 2 2 0 1 262 263 301
561 2 2 0 1 263 302 301
562 2 2 0 1 263 264 302
563 2 2 0 1 264 303 302
564 2 2 0 1 264 265 303
565 2 2 0 1 265 304 303
566 2 2 0 1 265 266 304
567 2 2 0 1 266 305 304
568 2 2 0 1 266 267 305
569 2 2 0 1 267 306 305
570 2 2 0 1 267 268 306
571 2 2 0 1 268 307 306
572 2 2 0 1 268 269 307
573 2 2 0 1 269 308 307
574 2 2 0 1 269 270 308
575 2 2 0 1 270 309 308
576 2 2 0 1 270 271 309
577 2 2 0 1 271 310 309
578 2 2 0 1 271 272 310
579 2 2 0 1 272 311 310
580 2 2 0 1 272 273 311
581 2 2 0 1 273 312 311
582 2 2 0 1 273 274 312
583 2 2 0 1 274 313 312
584 2 2 0 1 274 275 313
585 2 2 0 1 275 314 313
586 2 2 0 1 275 276 314
587 2 2 0 1 276 315 314
588 2 2 0 1 276 277 315
589 2 2 0 1 277 316 315
590 2 2 0 1 277 278 316
591 2 2 0 1 278 317 316
592 2 2 0 1 278 279 317
593 2 2 0 1 279 318 317
594 2 2 0 1 279 280 318
595 2 2 0 1 280 319 318
596 2 2 0 1 280 244 319
597 2 2 0 1 244 281 319
598 2 2 0 1 281 321 320
599 2 2 0 1 281 282 321
600 2 2 0 1 282 322 321
601 2 2 0 1 282 283 322
602 2 2 0 1 283 323 322
603 2 2 0 1 283 284 323
604 2 2 0 1 284 324 323
605 2 2 0 1 284 285 324
606 2 2 0 1 285 325 324
607 2 2 0 1 285 286 325
608 2 2 0 1 286 326 325
609 2 2 0 1 286 287 326
610 2 2 0 1 287 327 326
611 2 2 0 1 287 288 327
612 2 2 0 1 288 328 327
613 2 2 0 1 288 289 328
614 2 2 0 1 289 329 328
615 2 2 0 1 289 290 329
616 2 2 0 1 290 330 329
617 2 2 0 1 290 291 330
618 2 2 0 1 291 331 330
619 2 2 0 1 291 292 331
620 2 2 0 1 292 332 331
621 2 2 0 1 292 293 332
622 2 2 0 1 293 333 332
623 2 2 0 1 293 294 333
624 2 2 0 1 294 334 333
625 2 2 0 1 294 295 334
626 2 2 0 1 295 335 334
627 2 2 0 1 295 296 335
628 2 2 0 1 296 336 335
629 2 2 0 1 296 297 336
630 2 2 0 1 297 337 336
631 2 2 0 1 297 298 337
632 2 2 0 1 298 338 337
633 2 2 0 1 298 299 338
634 2 2 0 1 299 339 338
635 2 2 0 1 299 300 339
636 2 2 0 1 300 340 339
637 2 2 0 1 300 341 340
638 2 2 0 1 300 301 341
639 2 2 0 1 301 342 341
640 2 2 0 1 301 302 342
641 2 2 0 1 302 343 342
642 2 2 0 1 302 303 343
643 2 2 0 1 303 344 343
644 2 2 0 1 303 304 344
645 2 2 0 1 304 345 344
646 2 2 0 1 304 305 345
647 2 2 0 1 305 346 345
648 2 2 0 1 305 306 346
649 2 2 0 1 306 347 346
650 2 2 0 1 306 307 347
651 2 2 0 1 307 348 347
652 2 2 0 1 307 308 348
653 2 2 0 1 308 349 348
654 2 2 0 1 308 309 349
655 2 2 0 1 309 350 349
656 2 2 0 1 309 310 350
657 2 2 0 1 310 351 350
658 2 2 0 1 310 311 351
659 2 2 0 1 311 352 351
660 2 2 0 1 311 312 352
661 2 2 0 1 312 353 352
662 2 2 0 1 312 313 353
663 2 2 0 1 313 354 353
664 2 2 0 1 313 314 354
665 2 2 0 1 314 355 354
666 2 2 0 1 314 315 355
667 2 2 0 1 315 356 355
668 2 2 0 1 315 316 356
669 2 2 0 1 316 357 356
670 2 2 0 1 316 317 357
671 2 2 0 1 317 358 357
672 2 2 0 1 317 318 358
673 2 2 0 1 318 359 358
674 2 2 0 1 318 319 359
675 2 2 0 1 319 360 359
676 2 2 0 1 319 281 360
677 2 2 0 1 281 320 360
678 2 2 0 1 320 362 361
679 2 2 0 1 320 321 362
680 2 2 0 1 321 363 362
681 2 2 0 1 321 322 363
682 2 2 0 1 322 364 363
683 2 2 0 1 322 323 364
684 2 2 0 1 323 365 364
685 2 2 0 1 323 324 365
686 2 2 0 1 324 366 365
687 2 2 0 1 324 325 366
688 2 2 0 1 325 367 366
689 2 2 0 1 325 326 367
690 2 2 0 1 326 368 367
691 2 2 0 1 326 327 368
692 2 2 0 1 327 369 368
693 2 2 0 1 327 328 369
694 2 2 0 1 328 370 369
695 2 2 0 1 328 329 370
696 2 2 0 1 329 371 370
697 2 2 0 1 329 330 371
698 2 2 0 1 330 372 371
699 2 2 0 1 330 331 372
700 2 2 0 1 331 373 372
701 2 2 0 1 331 332 373
702 2 2 0 1 332 374 373
703 2 2 0 1 332 333 374
704 2 2 0 1 333 375 374
705 2 2 0 1 333 334 375
706 2 2 0 1 334 376 375
707 2 2 0 1 334 335 376
708 2 2 0 1 335 377 376
709 2 2 0 1 335 336 377
710 2 2 0 1 336 378 377
711 2 2 0 1 336 337 378
712 2 2 0 1 337 379 378
713 2 2 0 1 337 338 379
714 2 2 0 1 338 380 379
715 2 2 0 1 338 339 380
716 2 2 0 1 339 381 380
717 2 2 0 1 339 340 381
718 2 2 0 1 340 382 381
719 2 2 0 1 340 341 382
720 2 2 0 1 341 383 382
721 2 2 0 1 341 342 383
722 2 2 0 1 342 384 383
723 2 2 0 1 342 343 384
724 2 2 0 1 343 385 384
725 2 2 0 1 343 344 385
726 2 2 0 1 344 386 385
727 2 2 0 1 344 345 386
728 2 2 0 1 345 387 386
729 2 2 0 1 345 346 387
730 2 2 0 1 346 388 387
731 2 2 0 1 346 347 388
732 2 2 0 1 347 389 388
733 2 2 0 1 347 348 389
734 2 2 0 1 348 390 389
735 2 2 0 1 348 349 390
736 2 2 0 1 349 391 390
737 2 2 0 1 349 350 391
738 2 2 0 1 350 392 391
739 2 2 0 1 350 351 392
740 2 2 0 1 351 393 392
741 2 2 0 1 351 352 393
742 2 2 0 1 352 394 393
743 2 2 0 1 352 353 394
744 2 2 0 1 353 395 394
745 2 2 0 1 353 354 395
746 2 2 0 1 354 396 395
747 2 2 0 1 354 355 396
748 2 2 0 1 355 397 396
749 2 2 0 1 355 356 397
750 2 2 0 1 356 398 397
751 2 2 0 1 356 357 398
752 2 2 0 1 357 399 398
753 2 2 0 1 357 358 399
754 2 2 0 1 358 400 399
755 2 2 0 1 358 359 400
756 2 2 0 1 359 401 400
757 2 2 0 1 359 360 401
758 2 2 0 1 360 402 401
759 2 2 0 1 360 320 402
760 2 2 0 1 320 361 402
761 2 2 0 1 361 404 403
762 2 2 0 1 361 362 404
763 2 2 0 1 362 405 404
764 2 2 0 1 362 363 405
765 2 2 0 1 363 406 405
766 2 2 0 1 363 364 406
767 2 2 0 1 364 407 406
768 2 2 0 1 364 365 407
769 2 2 0 1 365 408 407
770 2 2 0 1 365 366 408
771 2 2 0 1 366 409 408
772 2 2 0 1 366 367 409
773 2 2 0 1 367 410 409
774 2 2 0 1 367 368 410
775 2 2 0 1 368 411 410
776 2 2 0 1 368 369 411
777 2 2 0 1 369 412 411
778 2 2 0 1 369 370 412
779 2 2 0 1 370 413 412
780 2 2 0 1 370 371 413
781 2 2 0 1 371 414 413
782 2 2 0 1 371 372 414
783 2 2 0 1 372 415 414
784 2 2 0 1 372 373 415
785 2 2 0 1 373 416 415
786 2 2 0 1 373 374 416
787 2 2 0 1 374 417 416
788 2 2 0 1 374 375 417
789 2 2 0 1 375 418 417
790 2 2 0 1 375 376 418
791 2 2 0 1 376 419 418
792 2 2 0 1 376 377 419
793 2 2 0 1 377 420 419
794 2 2 0 1 377 378 420
795 2 2 0 1 378 421 420
796 2 2 0 1 378 379 421
797 2 2 0 1 379 422 421
798 2 2 0 1 379 380 422
799 2 2 0 1 380 423 422
800 2 2 0 1 380 381 423
801 2 2 0 1 381 424 423
802 2 2 0 1 381 382 424
803 2 2 0 1 382 425 424
804 2 2 0 1 382 383 425
805 2 2 0 1 383 426 425
806 2 2 0 1 383 384 426
807 2 2 0 1 384 427 426
808 2 2 0 1 384 385 427
809 2 2 0 1 385 428 427
810 2 2 0 1 385 386 428
811 2 2 0 1 386 429 428
812 2 2 0 1 386 387 429
813 2 2 0 1 387 430 429
814 2 2 0 1 387 388 430
815 2 2 0 1 388 431 430
816 2 2 0 1 388 389 431
817 2 2 0 1 389 432 431
818 2 2 0 1 389 390 432
819 2 2 0 1 390 433 432
820 2 2 0 1 390 391 433
821 2 2 0 1 391 434 433
822 2 2 0 1 391 392 434
823 2 2 0 1 392 435 434
824 2 2 0 1 392 393 435
825 2 2 0 1 393 436 435
826 2 2 0 1 393 394 436
827 2 2 0 1 394 437 436
828 2 2 0 1 394 395 437
829 2 2 0 1 395 438 437
830 2 2 0 1 395 396 438
831 2 2 0 1 396 439 438
832 2 2 0 1 396 397 439
833 2 2 0 1 397 440 439
834 2 2 0 1 397 398 440
835 2 2 0 1 398 441 440
836 2 2 0 1 398 399 441
837 2 2 0 1 399 442 441
838 2 2 0 1 399 400 442
839 2 2 0 1 400 443 442
840 2 2 0 1 400 401 443
841 2 2 0 1 401 444 443
842 2 2 0 1 401 402 444
843 2 2 0 1 402 445 444
844 2 2 0 1 402 361 445
845 2 2 0 1 361 403 445
846 2 2 0 1 403 447 446
847 2 2 0 1 403 404 447
848 2 2 0 1 404 448 447
849 2 2 0 1 404 405 448
850 2 2 0 1 405 449 448
851 2 2 0 1 405 406 449
852 2 2 0 1 406 450 449
853 2 2 0 1 406 407 450
854 2 2 0 1 407 451 450
855 2 2 0 1 407 408 451
856 2 2 0 1 408 452 451
857 2 2 0 1 408 409 452
858 2 2 0 1 409 453 452
859 2 2 0 1 409 410 453
860 2 2 0 1 410 454 453
861 2 2 0 1 410 411 454
862 2 2 0 1 411 455 454
863 2 2 0 1 411 412 455
864 2 2 0 1 412 456 455
865 2 2 0 1 412 413 456
866 2 2 0 1 413 457 456
867 2 2 0 1 413 414 457
868 2 2 0 1 414 458 457
869 2 2 0 1 414 415 458
870 2 2 0 1 415 459 458
871 2 2 0 1 415 416 459
872 2 2 0 1 416 460 459
873 2 2 0 1 416 417 460
874 2 2 0 1 417 461 460
875 2 2 0 1 417 418 461
876 2 2 0 1 418 462 461
877 2 2 0 1 418 419 462
878 2 2 0 1 419 463 462
879 2 2 0 1 419 420 463
880 2 2 0 1 420 464 463
881 2 2 0 1 420 421 464
882 2 2 0 1 421 465 464
883 2 2 0 1 421 422 465
884 2 2 0 1 422 466 465
885 2 2 0 1 422 423 466
886 2 2 0 1 423 467 466
887 2 2 0 1 423 424 467
888 2 2 0 1 424 468 467
889 2 2 0 1 424 469 468
890 2 2 0 1 424 425 469
891 2 2 0 1 425 470 469
892 2 2 0 1 425 426 470
893 2 2 0 1 426 471 470
894 2 2 0 1 426 427 471
895 2 2 0 1 427 472 471
896 2 2 0 1 427 428 472
897 2 2 0 1 428 473 472
898 2 2 0 1 428 429 473
899 2 2 0 1 429 474 473
900 2 2 0 1 429 430 474
901 2 2 0 1 430 475 474
902 2 2 0 1 430 431 475
903 2 2 0 1 431 476 475
904 2 2 0 1 431 432 476
905 2 2 0 1 432 477 476
906 2 2 0 1 432 433 477
907 2 2 0 1 433 478 477
908 2 2 0 1 433 434 478
909 2 2 0 1 434 479 478
910 2 2 0 1 434 435 479
911 2 2 0 1 435 480 479
912 2 2 0 1 435 436 480
913 2 2 0 1 436 481 480
914 2 2 0 1 436 437 481
915 2 2 0 1 437 482 481
916 2 2 0 1 437 438 482
917 2 2 0 1 438 483 482
918 2 2 0 1 438 439 483
919 2 2 0 1 439 484 483
920 2 2 0 1 439 440 484
921 2 2 0 1 440 485 484
922 2 2 0 1 440 441 485
923 2 2 0 1 441 486 485
924 2 2 0 1 441 442 486
925 2 2 0 1 442 487 486
926 2 2 0 1 442 443 487
927 2 2 0 1 443 488 487
928 2 2 0 1 443 444 488
929 2 2 0 1 444 489 488
930 2 2 0 1 444 445 489
931 2 2 0 1 445 490 489
932 2 2 0 1 445 403 490
933 2 2 0 1 403 446 490
934 2 2 0 1 446 492 491
935 2 2 0 1 446 447 492
936 2 2 0 1 447 493 492
937 2 2 0 1 447 448 493
938 2 2 0 1 448 494 493
939 2 2 0 1 448 449 494
940 2 2 0 1 449 495 494
941 2 2 0 1 449 450 495
942 2 2 0 1 450 496 495
943 2 2 0 1 450 451 496
944 2 2 0 1 451 497 496
945 2 2 0 1 451 452 497
946 2 2 0 1 452 498 497
947 2 2 0 1 452 453 498
948 2 2 0 1 453 499 498
949 2 2 0 1 453 454 499
950 2 2 0 1 454 500 499
951 2 2 0 1 454 455 500
952 2 2 0 1 455 501 500
953 2 2 0 1 455 456 501
954 2 2 0 1 456 502 501
955 2 2 0 1 456 457 502
956 2 2 0 1 457 503 502
957 2 2 0 1 457 458 503
958 2 2 0 1 458 504 503
959 2 2 0 1 458 459 504
960 2 2 0 1 459 505 504
961 2 2 0 1 459 460 505
962 2 2 0 1 460 506 505
963 2 2 0 1 460 461 506
964 2 2 0 1 461 507 506
965 2 2 0 1 461 462 507
966 2 2 0 1 462 508 507
967 2 2 0 1 462 463 508
968 2 2 0 1 463 509 508
969 2 2 0 1 463 464 509
970 2 2 0 1 464 510 509
971 2 2 0 1 464 465 510
972 2 2 0 1 465 511 510
973 2 2 0 1 465 466 511
974 2 2 0 1 466 512 511
975 2 2 0 1 466 467 512
976 2 2 0 1 467 513 512
977 2 2 0 1 467 468 513
978 2 2 0 1 468 514 513
979 2 2 0 1 468 469 514
980 2 2 0 1 469 515 514
981 2 2 0 1 469 470 515
982 2 2 0 1 470 516 515
983 2 2 0 1 470 471 516
984 2 2 0 1 471 517 516
985 2 2 0 1 471 472 517
986 2 2 0 1 472 518 517
987 2 2 0 1 472 473 518
988 2 2 0 1 473 519 518
989 2 2 0 1 473 474 519
990 2 2 0 1 474 520 519
991 2 2 0 1 474 475 520
992 2 2 0 1 475 521 520
993 2 2 0 1 475 476 521
994 2 2 0 1 476 522 521
995 2 2 0 1 476 477 522
996 2 2 0 1 477 523 522
997 2 2 0 1 477 478 523
998 2 2 0 1 478 524 523
999 2 2 0 1 478 479 524
1000 2 2 0 1 479 525 524
1001 2 2 0 1 479 480 525
1002 2 2 0 1 480 526 525
1003 2 2 0 1 480 481 526
1004 2 2 0 1 481 527 526
1005 2 2 0 1 481 482 527
1006 2 2 0 1 482 528 527
1007 2 2 0 1 482 483 528
1008 2 2 0 1 483 529 528
1009 2 2 0 1 483 484 529
1010 2 2 0 1 484 530 529
1011 2 2 0 1 484 485 530
1012 2 2 0 1 485 531 530
1013 2 2 0 1 485 486 531
1014 2 2 0 1 486 532 531
1015 2 2 0 1 486 487 532
1016 2 2 0 1 487 533 532
1017 2 2 0 1 487 488 533
1018 2 2 0 1 488 534 533
1019 2 2 0 1 488 489 534
1020 2 2 0 1 489 535 534
1021 2 2 0 1 489 490 535
1022 2 2 0 1 490 536 535
1023 2 2 0 1 490 446 536
1024 2 2 0 1 446 491 536
1025 2 2 0 1 491 538 537
1026 2 2 0 1 491 492 538
1027 2 2 0 1 492 539 538
1028 2 2 0 1 492 493 539
1029 2 2 0 1 493 540 539
1030 2 2 0 1 493 494 540
1031 2 2 0 1 494 541 540
1032 2 2 0 1 494 495 541
1033 2 2 0 1 495 542 541
1034 2 2 0 1 495 496 542
1035 2 2 0 1 496 543 542
1036 2 2 0 1 496 497 543
1037 2 2 0 1 497 544 543
1038 2 2 0 1 497 498 544
1039 2 2 0 1 498 545 544
1040 2 2 0 1 498 499 545
1041 2 2 0 1 499 546 545
1042 2 2 0 1 499 500 546
1043 2 2 0 1 500 547 546
1044 2 2 0 1 500 501 547
1045 2 2 0 1 501 548 547
1046 2 2 0 1 501 502 548
1047 2 2 0 1 502 549 548
1048 2 2 0 1 502 503 549
1049 2 2 0 1 503 550 549
1050 2 2 0 1 503 504 550
1051 2 2 0 1 504 551 550
1052 2 2 0 1 504 505 551
1053 2 2 0 1 505 552 551
1054 2 2 0 1 505 506 552
1055 2 2 0 1 506 553 552
1056 2 2 0 1 506 507 553
1057 2 2 0 1 507 554 553
1058 2 2 0 1 507 508 554
1059 2 2 0 1 508 555 554
1060 2 2 0 1 508 509 555
1061 2 2 0 1 509 556 555
1062 2 2 0 1 509 510 556
1063 2 2 0 1 510 557 556
1064 2 2 0 1 510 511 557
1065 2 2 0 1 511 558 557
1066 2 2 0 1 511 512 558
1067 2 2 0 1 512 559 558
1068 2 2 0 1 512 513 559
1069 2 2 0 1 513 560 559
1070 2 2 0 1 513 514 560
1071 2 2 0 1 514 561 560
1072 2 2 0 1 514 515 561
1073 2 2 0 1 515 562 561
1074 2 2 0 1 515 516 562
1075 2 2 0 1 516 563 562
1076 2 2 0 1 516 517 563
1077 2 2 0 1 517 564 563
1078 2 2 0 1 517 518 564
1079 2 2 0 1 518 565 564
1080 2 2 0 1 518 519 565
1081 2 2 0 1 519 566 565
1082 2 2 0 1 519 520 566
1083 2 2 0 1 520 567 566
1084 2 2 0 1 520 521 567
1085 2 2 0 1 521 568 567
1086 2 2 0 1 521 522 568
1087 2 2 0 1 522 569 568
1088 2 2 0 1 522 523 569
1089 2 2 0 1 523 570 569
1090 2 2 0 1 523 524 570
1091 2 2 0 1 524 571 570
1092 2 2 0 1 524 525 571
1093 2 2 0 1 525 572 571
1094 2 2 0 1 525 526 572
1095 2 2 0 1 526 573 572
1096 2 2 0 1 526 527 573
1097 2 2 0 1 527 574 573
1098 2 2 0 1 527 528 574
1099 2 2 0 1 528 575 574
1100 2 2 0 1 528 529 575
1101 2 2 0 1 529 576 575
1102 2 2 0 1 529 530 576
1103 2 2 0 1 530 577 576
1104 2 2 0 1 530 531 577
1105 2 2 0 1 531 578 577
1106 2 2 0 1 531 532 578
1107 2 2 0 1 532 579 578
1108 2 2 0 1 532 533 579
1109 2 2 0 1 533 580 579
1110 2 2 0 1 533 534 580
1111 2 2 0 1 534 581 580
1112 2 2 0 1 534 535 581
1113 2 2 0 1 535 582 581
1114 2 2 0 1 535 536 582
1115 2 2 0 1 536 583 582
1116 2 2 0 1 536 491 583
1117 2 2 0 1 491 537 583
1118 2 2 0 1 537 585 584
1119 2 2 0 1 537 538 585
1120 2 2 0 1 538 586 585
1121 2 2 0 1 538 539 586
1122 2 2 0 1 539 587 586
1123 2 2 0 1 539 540 587
1124 2 2 0 1 540 588 587
1125 2 2 0 1 540 541 588
1126 2 2 0 1 541 589 588
1127 2 2 0 1 541 542 589
1128 2 2 0 1 542 590 589
1129 2 2 0 1 542 543 590
1130 2 2 0 1 543 591 590
1131 2 2 0 1 543 544 591
1132 2 2 0 1 544 592 591
1133 2 2 0 1 544 545 592
1134 2 2 0 1 545 593 592
1135 2 2 0 1 545 546 593
1136 2 2 0 1 546 594 593
1137 2 2 0 1 546 547 594
1138 2 2 0 1 547 595 594
1139 2 2 0 1 547 548 595
1140 2 2 0 1 548 596 595
1141 2 2 0 1 548 549 596
1142 2 2 0 1 549 597 596
1143 2 2 0 1 549 550 597
1144 2 2 0 1 550 598 597
1145 2 2 0 1 550 551 598
1146 2 2 0 1 551 599 598
1147 2 2 0 1 551 552 599
1148 2 2 0 1 552 600 599
1149 2 2 0 1 552 553 600
1150 2 2 0 1 553 601 600
1151 2 2 0 1 553 554 601
1152 2 2 0 1 554 602 601
1153 2 2 0 1 554 555 602
1154 2 2 0 1 555 603 602
1155 2 2 0 1 555 556 603
1156 2 2 0 1 556 604 603
1157 2 2 0 1 556 557 604
1158 2 2 0 1 557 605 604
1159 2 2 0 1 557 558 605
1160 2 2 0 1 558 606 605
1161 2 2 0 1 558 559 606
1162 2 2 0 1 559 607 606
1163 2 2 0 1 559 560 607
1164 2 2 0 1 560 608 607
1165 2 2 0 1 560 561 608
1166 2 2 0 1 561 609 608
1167 2 2 0 1 561 562 609
1168 2 2 0 1 562 610 609
1169 2 2 0 1 562 563 610
1170 2 2 0 1 563 611 610
1171 2 2 0 1 563 564 611
1172 2 2 0 1 564 612 611
1173 2 2 0 1 564 565 612
1174 2 2 0 1 565 613 612
1175 2 2 0 1 565 566 613
1176 2 2 0 1 566 614 613
1177 2 2 0 1 566 567 614
1178 2 2 0 1 567 615 614
1179 2 2 0 1 567 568 615
1180 2 2 0 1 568 616 615
1181 2 2 0 1 568 569 616
1182 2 2 0 1 569 617 616
1183 2 2 0 1 569 570 617
1184 2 2 0 1 570 618 617
1185 2 2 0 1 570 571 618
1186 2 2 0 1 571 619 618
1187 2 2 0 1 571 572 619
1188 2 2 0 1 572 620 619
1189 2 2 0 1 572 573 620
1190 2 2 0 1 573 621 620
1191 2 2 0 1 573 574 621
1192 2 2 0 1 574 622 621
1193 2 2 0 1 574 575 622
1194 2 2 0 1 575 623 622
1195 2 2 0 1 575 576 623
1196 2 2 0 1 576 624 623
1197 2 2 0 1 576 577 624
1198 2 2 0 1 577 625 624
1199 2 2 0 1 577 578 625
1200 2 2 0 1 578 626 625
1201 2 2 0 1 578 579 626
1202 2 2 0 1 579 627 626
1203 2 2 0 1 579 580 627
1204 2 2 0 1 580 628 627
1205 2 2 0 1 580 581 628
1206 2 2 0 1 581 629 628
1207 2 2 0 1 581 582 629
1208 2 2 0 1 582 630 629
1209 2 2 0 1 582 583 630
1210 2 2 0 1 583 631 630
1211 2 2 0 1 583 537 631
1212 2 2 0 1 537 584 631
1213 2 2 0 1 584 633 632
1214 2 2 0 1 584 585 633
1215 2 2 0 1 585 634 633
1216 2 2 0 1 585 586 634
1217 2 2 0 1 586 635 634
1218 2 2 0 1 586 587 635
1219 2 2 0 1 587 636 635
1220 2 2 0 1 587 588 636
1221 2 2 0 1 588 637 636
1222 2 2 0 1 588 589 637
1223 2 2 0 1 589 638 637
1224 2 2 0 1 589 590 638
1225 2 2 0 1 590 639 638
1226 2 2 0 1 590 591 639
1227 2 2 0 1 591 640 639
1228 2 2 0 1 591 592 640
1229 2 2 0 1 592 641 640
1230 2 2 0 1 592 593 641
1231 2 2 0 1 593 642 641
1232 2 2 0 1 593 594 642
1233 2 2 0 1 594 643 642
1234 2 2 0 1 594 595 643
1235 2 2 0 1 595 644 643
1236 2 2 0 1 595 596 644
1237 2 2 0 1 596 645 644
1238 2 2 0 1 596 597 645
1239 2 2 0 1 597 646 645
1240 2 2 0 1 597 598 646
1241 2 2 0 1 598 647 646
1242 2 2 0 1 598 599 647
1243 2 2 0 1 599 648 647
1244 2 2 0 1 599 600 648
1245 2 2 0 1 600 649 648
1246 2 2 0 1 600 601 649
1247 2 2 0 1 601 650 649
1248 2 2 0 1 601 602 650
1249 2 2 0 1 602 651 650
1250 2 2 0 1 602 603 651
1251 2 2 0 1 603 652 651
1252 2 2 0 1 603 604 652
1253 2 2 0 1 604 653 652
1254 2 2 0 1 604 605 653
1255 2 2 0 1 605 654 653
1256 2 2 0 1 605 606 654
1257 2 2 0 1 606 655 654
1258 2 2 0 1 606 607 655
1259 2 2 0 1 607 656 655
1260 2 2 0 1 607 608 656
1261 2 2 0 1 608 657 656
1262 2 2 0 1 608 609 657
1263 2 2 0 1 609 658 657
1264 2 2 0 1 609 610 658
1265 2 2 0 1 610 659 658
1266 2 2 0 1 610 611 659
1267 2 2 0 1 611 660 659
1268 2 2 0 1 611 612 660
1269 2 2 0 1 612 661 660
1270 2 2 0 1 612 613 661
1271 2 2 0 1 613 662 661
1272 2 2 0 1 613 614 662
1273 2 2 0 1 614 663 662
1274 2 2 0 1 614 615 663
1275 2 2 0 1 615 664 663
1276 2 2 0 1 615 616 664
1277 2 2 0 1 616 665 664
1278 2 2 0 1 616 617 665
1279 2 2 0 1 617 666 665
1280 2 2 0 1 617 618 666
1281 2 2 0 1 618 667 666
1282 2 2 0 1 618 619 667
1283 2 2 0 1 619 668 667
1284 2 2 0 1 619 620 668
1285 2 2 0 1 620 669 668
1286 2 2 0 1 620 621 669
1287 2 2 0 1 621 670 669
1288 2 2 0 1 621 622 670
1289 2 2 0 1 622 671 670
1290 2 2 0 1 622 623 671
1291 2 2 0 1 623 672 671
1292 2 2 0 1 623 624 672
1293 2 2 0 1 624 673 672
1294 2 2 0 1 624 625 673
1295 2 2 0 1 625 674 673
1296 2 2 0 1 625 626 674
1297 2 2 0 1 626 675 674
1298 2 2 0 1 626 627 675
1299 2 2 0 1 627 676 675
1300 2 2 0 1 627 628 676
1301 2 2 0 1 628 677 676
1302 2 2 0 1 628 629 677
1303 2 2 0 1 629 678 677
1304 2 2 0 1 629 630 678
1305 2 2 0 1 630 679 678
1306 2 2 0 1 630 631 679
1307 2 2 0 1 631 680 679
1308 2 2 0 1 631 584 680
1309 2 2 0 1 584 632 680
1310 2 2 0 1 632 633 681
1311 2 2 0 1 633 682 681
1312 2 2 0 1 633 634 682
1313 2 2 0 1 634 683 682
1314 2 2 0 1 634 635 683
1315 2 2 0 1 635 684 683
1316 2 2 0 1 635 636 684
1317 2 2 0 1 636 685 684
1318 2 2 0 1 636 637 685
1319 2 2 0 1 637 686 685
1320 2 2 0 1 637 638 686
1321 2 2 0 1 638 687 686
1322 2 2 0 1 638 639 687
1323 2 2 0 1 639 688 687
1324 2 2 0 1 639 640 688
1325 2 2 0 1 640 689 688
1326 2 2 0 1 640 641 689
1327 2 2 0 1 641 690 689
1328 2 2 0 1 641 642 690
1329 2 2 0 1 642 691 690
1330 2 2 0 1 642 643 691
1331 2 2 0 1 643 692 691
1332 2 2 0 1 643 644 692
1333 2 2 0 1 644 693 692
1334 2 2 0 1 644 645 693
1335 2 2 0 1 645 694 693
1336 2 2 0 1 645 646 694
1337 2 2 0 1 646 695 694
1338 2 2 0 1 646 647 695
1339 2 2 0 1 647 696 695
1340 2 2 0 1 647 648 696
1341 2 2 0 1 648 697 696
1342 2 2 0 1 648 649 697
1343 2 2 0 1 649 698 697
1344 2 2 0 1 649 650 698
1345 2 2 0 1 650 699 698
1346 2 2 0 1 650 651 699
1347 2 2 0 1 651 700 699
1348 2 2 0 1 651 652 700
1349 2 2 0 1 652 701 700
1350 2 2 0 1 652 653 701
1351 2 2 0 1 653 702 701
1352 2 2 0 1 653 654 702
1353 2 2 0 1 654 703 702
1354 2 2 0 1 654 655 703
1355 2 2 0 1 655 704 703
1356 2 2 0 1 655 656 704
1357 2 2 0 1 656 705 704
1358 2 2 0 1 656 657 705
1359 2 2 0 1 657 706 705
1360 2 2 0 1 657 658 706
1361 2 2 0 1 658 707 706
1362 2 2 0 1 658 659 707
1363 2 2 0 1 659 708 707
1364 2 2 0 1 659 660 708
1365 2 2 0 1 660 709 708
1366 2 2 0 1 660 661 709
1367 2 2 0 1 661 710 709
1368 2 2 0 1 661 662 710
1369 2 2 0 1 662 711 710
1370 2 2 0 1 662 663 711
1371 2 2 0 1 663 712 711
1372 2 2 0 1 663 664 712
1373 2 2 0 1 664 713 712
1374 2 2 0 1 664 665 713
1375 2 2 0 1 665 714 713
1376 2 2 0 1 665 666 714
1377 2 2 0 1 666 715 714
1378 2 2 0 1 666 667 715
1379 2 2 0 1 667 716 715
1380 2 2 0 1 667 668 716
1381 2 2 0 1 668 717 716
1382 2 2 0 1 668 669 717
1383 2 2 0 1 669 718 717
1384 2 2 0 1 669 670 718
1385 2 2 0 1 670 719 718
1386 2 2 0 1 670 671 719
1387 2 2 0 1 671 720 719
1388 2 2 0 1 671 672 720
1389 2 2 0 1 672 721 720
1390 2 2 0 1 672 673 721
1391 2 2 0 1 673 722 721
1392 2 2 0 1 673 674 722
1393 2 2 0 1 674 723 722
1394 2 2 0 1 674 675 723
1395 2 2 0 1 675 724 723
1396 2 2 0 1 675 676 724
1397 2 2 0 1 676 725 724
1398 2 2 0 1 676 677 725
1399 2 2 0 1 677 726 725
1400 2 2 0 1 677 678 726
1401 2 2 0 1 678 727 726
1402 2 2 0 1 678 679 727
1403 2 2 0 1 679 728 727
1404 2 2 0 1 679 680 728
1405 2 2 0 1 680 729 728
1406 2 2 0 1 680 632 729
1407 2 2 0 1 632 681 729
1408 2 2 0 1 681 731 730
1409 2 2 0 1 681 682 731
1410 2 2 0 1 682 732 731
1411 2 2 0 1 682 683 732
1412 2 2 0 1 683 733 732
1413 2 2 0 1 683 684 733
1414 2 2 0 1 684 734 733
1415 2 2 0 1 684 685 734
1416 2 2 0 1 685 735 734
1417 2 2 0 1 685 686 735
1418 2 2 0 1 686 736 735
1419 2 2 0 1 686 687 736
1420 2 2 0 1 687 737 736
1421 2 2 0 1 687 688 737
1422 2 2 0 1 688 738 737
1423 2 2 0 1 688 689 738
1424 2 2 0 1 689 739 738
1425 2 2 0 1 689 690 739
1426 2 2 0 1 690 740 739
1427 2 2 0 1 690 691 740
1428 2 2 0 1 691 741 740
1429 2 2 0 1 691 692 741
1430 2 2 0 1 692 742 741
1431 2 2 0 1 692 693 742
1432 2 2 0 1 693 743 742
1433 2 2 0 1 693 694 743
1434 2 2 0 1 694 744 743
1435 2 2 0 1 694 695 744
1436 2 2 0 1 695 745 744
1437 2 2 0 1 695 696 745
1438 2 2 0 1 696 746 745
1439 2 2 0 1 696 697 746
1440 2 2 0 1 697 747 746
1441 2 2 0 1 697 698 747
1442 2 2 0 1 698 748 747
1443 2 2 0 1 698 699 748
1444 2 2 0 1 699 749 748
1445 2 2 0 1 699 700 749
1446 2 2 0 1 700 750 749
1447 2 2 0 1 700 701 750
1448 2 2 0 1 701 751 750
1449 2 2 0 1 701 702 751
1450 2 2 0 1 702 752 751
1451 2 2 0 1 702 703 752
1452 2 2 0 1 703 753 752
1453 2 2 0 1 703 704 753
1454 2 2 0 1 704 754 753
1455 2 2 0 1 704 705 754
1456 2 2 0 1 705 755 754
1457 2 2 0 1 705 706 755
1458 2 2 0 1 706 756 755
1459 2 2 0 1 706 707 756
1460 2 2 0 1 707 757 756
1461 2 2 0 1 707 708 757
1462 2 2 0 1 708 758 757
1463 2 2 0 1 708 709 758
1464 2 2 0 1 709 759 758
1465 2 2 0 1 709 710 759
1466 2 2 0 1 710 760 759
1467 2 2 0 1 710 711 760
1468 2 2 0 1 711 761 760
1469 2 2 0 1 711 712 761
1470 2 2 0 1 712 762 761
1471 2 2 0 1 712 713 762
1472 2 2 0 1 713 763 762
1473 2 2 0 1 713 714 763
1474 2 2 0 1 714 764 763
1475 2 2 0 1 714 715 764
1476 2 2 0 1 715 765 764
1477 2 2 0 1 715 716 765
1478 2 2 0 1 716 766 765
1479 2 2 0 1 716 717 766
1480 2 2 0 1 717 767 766
1481 2 2 0 1 717 718 767
1482 2 2 0 1 718 768 767
1483 2 2 0 1 718 719 768
1484 2 2 0 1 719 769 768
1485 2 2 0 1 719 720 769
1486 2 2 0 1 720 770 769
1487 2 2 0 1 720 721 770
1488 2 2 0 1 721 771 770
1489 2 2 0 1 721 722 771
1490 2 2 0 1 722 772 771
1491 2 2 0 1 722 723 772
1492 2 2 0 1 723 773 772
1493 2 2 0 1 723 724 773
1494 2 2 0 1 724 774 773
1495 2 2 0 1 724 725 774
1496 2 2 0 1 725 775 774
1497 2 2 0 1 725 726 775
1498 2 2 0 1 726 776 775
1499 2 2 0 1 726 727 776
1500 2 2 0 1 727 777 776
1501 2 2 0 1 727 728 777
1502 2 2 0 1 728 778 777
1503 2 2 0 1 728 729 778
1504 2 2 0 1 729 779 778
1505 2 2 0 1 729 681 779
1506 2 2 0 1 681 730 779
1507 2 2 0 1 730 781 780
1508 2 2 0 1 730 731 781
1509 2 2 0 1 731 782 781
1510 2 2 0 1 731 732 782
1511 2 2 0 1 732 783 782
1512 2 2 0 1 732 733 783
1513 2 2 0 1 733 784 783
1514 2 2 0 1 733 734 784
1515 2 2 0 1 734 785 784
1516 2 2 0 1 734 735 785
1517 2 2 0 1 735 786 785
1518 2 2 0 1 735 736 786
1519 2 2 0 1 736 787 786
1520 2 2 0 1 736 737 787
1521 2 2 0 1 737 788 787
1522 2 2 0 1 737 738 788
1523 2 2 0 1 738 789 788
1524 2 2 0 1 738 739 789
1525 2 2 0 1 739 790 789
1526 2 2 0 1 739 740 790
1527 2 2 0 1 740 791 790
1528 2 2 0 1 740 741 791
1529 2 2 0 1 741 792 791
1530 2 2 0 1 741 742 792
1531 2 2 0 1 742 793 792
1532 2 2 0 1 742 743 793
1533 2 2 0 1 743 794 793
1534 2 2 0 1 743 744 794
1535 2 2 0 1 744 795 794
1536 2 2 0 1 744 745 795
1537 2 2 0 1 745 796 795
1538 2 2 0 1 745 746 796
1539 2 2 0 1 746 797 796
1540 2 2 0 1 746 747 797
1541 2 2 0 1 747 798 797
1542 2 2 0 1 747 748 798
1543 2 2 0 1 748 799 798
1544 2 2 0 1 748 749 799
1545 2 2 0 1 749 800 799
1546 2 2 0 1 749 750 800
1547 2 2 0 1 750 801 800
1548 2 2 0 1 750 751 801
1549 2 2 0 1 751 802 801
1550 2 2 0 1 751 752 802
1551 2 2 0 1 752 803 802
1552 2 2 0 1 752 753 803
1553 2 2 0 1 753 804 803
1554 2 2 0 1 753 754 804
1555 2 2 0 1 754 805 804
1556 2 2 0 1 754 755 805
1557 2 2 0 1 755 806 805
1558 2 2 0 1 755 756 806
1559 2 2 0 1 756 807 806
1560 2 2 0 1 756 757 807
1561 2 2 0 1 757 808 807
1562 2 2 0 1 757 758 808
1563 2 2 0 1 758 809 808
1564 2 2 0 1 758 759 809
1565 2 2 0 1 759 810 809
1566 2 2 0 1 759 760 810
1567 2 2 0 1 760 811 810
1568 2 2 0 1 760 761 811
1569 2 2 0 1 761 812 811
1570 2 2 0 1 761 762 812
1571 2 2 0 1 762 813 812
1572 2 2 0 1 762 763 813
1573 2 2 0 1 763 814 813
1574 2 2 0 1 763 764 814
1575 2 2 0 1 764 815 814
1576 2 2 0 1 764 765 815
1577 2 2 0 1 765 816 815
1578 2 2 0 1 765 766 816
1579 2 2 0 1 766 817 816
1580 2 2 0 1 766 767 817
1581 2 2 0 1 767 818 817
1582 2 2 0 1 767 768 818
1583 2 2 0 1 768 819 818
1584 2 2 0 1 768 769 819
1585 2 2 0 1 769 820 819
1586 2 2 0 1 769 770 820
1587 2 2 0 1 770 821 820
1588 2 2 0 1 770 771 821
1589 2 2 0 1 771 822 821
1590 2 2 0 1 771 772 822
1591 2 2 0 1 772 823 822
1592 2 2 0 1 772 773 823
1593 2 2 0 1 773 824 823
1594 2 2 0 1 773 774 824
1595 2 2 0 1 774 825 824
1596 2 2 0 1 774 775 825
1597 2 2 0 1 775 826 825
1598 2 2 0 1 775 776 826
1599 2 2 0 1 776 827 826
1600 2 2 0 1 776 777 827
1601 2 2 0 1 777 828 827
1602 2 2 0 1 777 778 828
1603 2 2 0 1 778 829 828
1604 2 2 0 1 778 779 829
1605 2 2 0 1 779 830 829
1606 2 2 0 1 779 730 830
1607 2 2 0 1 730 780 830
1608 2 2 0 1 780 781 831
1609 2 2 0 1 781 832 831
1610 2 2 0 1 781 782 832
1611 2 2 0 1 782 833 832
1612 2 2 0 1 782 783 833
1613 2 2 0 1 783 834 833
1614 2 2 0 1 783 784 834
1615 2 2 0 1 784 835 834
1616 2 2 0 1 784 785 835
1617 2 2 0 1 785 836 835
1618 2 2 0 1 785 786 836
1619 2 2 0 1 786 837 836
1620 2 2 0 1 786 787 837
1621 2 2 0 1 787 838 837
1622 2 2 0 1 787 788 838
1623 2 2 0 1 788 839 838
1624 2 2 0 1 788 789 839
1625 2 2 0 1 789 840 839
1626 2 2 0 1 789 790 840
1627 2 2 0 1 790 841 840
1628 2 2 0 1 790 791 841
1629 2 2 0 1 791 842 841
1630 2 2 0 1 791 792 842
1631 2 2 0 1 792 843 842
1632 2 2 0 1 792 793 843
1633 2 2 0 1 793 844 843
1634 2 2 0 1 793 794 844
1635 2 2 0 1 794 845 844
1636 2 2 0 1 794 795 845
1637 2 2 0 1 795 846 845
1638 2 2 0 1 795 796 846
1639 2 2 0 1 796 847 846
1640 2 2 0 1 796 797 847
1641 2 2 0 1 797 848 847
1642 2 2 0 1 797 798 848
1643 2 2 0 1 798 849 848
1644 2 2 0 1 798 799 849
1645 2 2 0 1 799 850 849
1646 2 2 0 1 799 800 850
1647 2 2 0 1 800 851 850
1648 2 2 0 1 800 801 851
1649 2 2 0 1 801 852 851
1650 2 2 0 1 801 802 852
1651 2 2 0 1 802 853 852
1652 2 2 0 1 802 803 853
1653 2 2 0 1 803 854 853
1654 2 2 0 1 803 804 854
1655 2 2 0 1 804 855 854
1656 2 2 0 1 804 805 855
1657 2 2 0 1 805 856 855
1658 2 2 0 1 805 806 856
1659 2 2 0 1 806 857 856
1660 2 2 0 1 806 807 857
1661 2 2 0 1 807 858 857
1662 2 2 0 1 807 808 858
1663 2 2 0 1 808 859 858
1664 2 2 0 1 808 809 859
1665 2 2 0 1 809 860 859
1666 2 2 0 1 809 810 860
1667 2 2 0 1 810 861 860
1668 2 2 0 1 810 811 861
1669 2 2 0 1 811 862 861
1670 2 2 0 1 811 812 862
1671 2 2 0 1 812 863 862
1672 2 2 0 1 812 813 863
1673 2 2 0 1 813 864 863
1674 2 2 0 1 813 814 864
1675 2 2 0 1 814 865 864
1676 2 2 0 1 814 815 865
1677 2 2 0 1 815 866 865
1678 2 2 0 1 815 816 866
1679 2 2 0 1 816 867 866
1680 2 2 0 1 816 817 867
1681 2 2 0 1 817 868 867
1682 2 2 0 1 817 818 868
1683 2 2 0 1 818 869 868
1684 2 2 0 1 818 819 869
1685 2 2 0 1 819 870 869
1686 2 2 0 1 819 820 870
1687 2 2 0 1 820 871 870
1688 2 2 0 1 820 821 871
1689 2 2 0 1 821 872 871
1690 2 2 0 1 821 822 872
1691 2 2 0 1 822 873 872
1692 2 2 0 1 822 823 873
1693 2 2 0 1 823 874 873
1694 2 2 0 1 823 824 874
1695 2 2 0 1 824 875 874
1696 2 2 0 1 824 825 875
1697 2 2 0 1 825 876 875
1698 2 2 0 1 825 826 876
1699 2 2 0 1 826 877 876
1700 2 2 0 1 826 827 877
1701 2 2 0 1 827 878 877
1702 2 2 0 1 827 828 878
1703 2 2 0 1 828 879 878
1704 2 2 0 1 828 829 879
1705 2 2 0 1 829 880 879
1706 2 2 0 1 829 830 880
1707 2 2 0 1 830 881 880
1708 2 2 0 1 830 780 881
1709 2 2 0 1 780 831 881
1710 2 2 0 1 831 832 882
1711 2 2 0 1 832 883 882
1712 2 2 0 1 832 833 883
1713 2 2 0 1 833 884 883
1714 2 2 0 1 833 834 884
1715 2 2 0 1 834 885 884
1716 2 2 0 1 834 835 885
1717 2 2 0 1 835 886 885
1718 2 2 0 1 835 836 886
1719 2 2 0 1 836 887 886
1720 2 2 0 1 836 837 887
1721 2 2 0 1 837 888 887
1722 2 2 0 1 837 838 888
1723 2 2 0 1 838 889 888
1724 2 2 0 1 838 839 889
1725 2 2 0 1 839 890 889
1726 2 2 0 1 839 840 890
1727 2 2 0 1 840 891 890
1728 2 2 0 1 840 841 891
1729 2 2 0 1 841 892 891
1730 2 2 0 1 841 842 892
1731 2 2 0 1 842 893 892
1732 2 2 0 1 842 843 893
1733 2 2 0 1 843 894 893
1734 2 2 0 1 843 844 894
1735 2 2 0 1 844 895 894
1736 2 2 0 1 844 845 895
1737 2 2 0 1 845 896 895
1738 2 2 0 1 845 846 896
1739 2 2 0 1 846 897 896
1740 2 2 0 1 846 847 897
1741 2 2 0 1 847 898 897
1742 2 2 0 1 847 848 898
1743 2 2 0 1 848 899 898
1744 2 2 0 1 848 849 899
1745 2 2 0 1 849 900 899
1746 2 2 0 1 849 850 900
1747 2 2 0 1 850 901 900
1748 2 2 0 1 850 851 901
1749 2 2 0 1 851 902 901
1750 2 2 0 1 851 852 902
1751 2 2 0 1 852 903 902
1752 2 2 0 1 852 853 903
1753 2 2 0 1 853 904 903
1754 2 2 0 1 853 854 904
1755 2 2 0 1 854 905 904
1756 2 2 0 1 854 855 905
1757 2 2 0 1 855 906 905
1758 2 2 0 1 855 856 906
1759 2 2 0 1 856 907 906
1760 2 2 0 1 856 857 907
1761 2 2 0 1 857 908 907
1762 2 2 0 1 857 858 908
1763 2 2 0 1 858 909 908
1764 2 2 0 1 858 859 909
1765 2 2 0 1 859 910 909
1766 2 2 0 1 859 860 910
1767 2 2 0 1 860 911 910
1768 2 2 0 1 860 861 911
1769 2 2 0 1 861 912 911
1770 2 2 0 1 861 862 912
1771 2 2 0 1 862 913 912
1772 2 2 0 1 862 863 913
1773 2 2 0 1 863 914 913
1774 2 2 0 1 863 864 914
1775 2 2 0 1 864 915 914
1776 2 2 0 1 864 865 915
1777 2 2 0 1 865 916 915
1778 2 2 0 1 865 866 916
1779 2 2 0 1 866 917 916
1780 2 2 0 1 866 867 917
1781 2 2 0 1 867 918 917
1782 2 2 0 1 867 868 918
1783 2 2 0 1 868 919 918
1784 2 2 0 1 868 869 919
1785 2 2 0 1 869 920 919
1786 2 2 0 1 869 870 920
1787 2 2 0 1 870 921 920
1788 2 2 0 1 870 871 921
1789 2 2 0 1 871 922 921
1790 2 2 0 1 871 872 922
1791 2 2 0 1 872 923 922
1792 2 2 0 1 872 873 923
1793 2 2 0 1 873 924 923
1794 2 2 0 1 873 874 924
1795 2 2 0 1 874 925 924
1796 2 2 0 1 874 875 925
1797 2 2 0 1 875 926 925
1798 2 2 0 1 875 876 926
1799 2 2 0 1 876 927 926
1800 2 2 0 1 876 877 927
1801 2 2 0 1 877 928 927
1802 2 2 0 1 877 878 928
1803 2 2 0 1 878 929 928
1804 2 2 0 1 878 879 929
1805 2 2 0 1 879 930 929
1806 2 2 0 1 879 880 930
1807 2 2 0 1 880 931 930
1808 2 2 0 1 880 881 931
1809 2 2 0 1 881 932 931
1810 2 2 0 1 881 831 932
1811 2 2 0 1 831 882 932
1812 2 2 0 1 882 934 933
1813 2 2 0 1 882 883 934
1814 2 2 0 1 883 935 934
1815 2 2 0 1 883 884 935
1816 2 2 0 1 884 936 935
1817 2 2 0 1 884 885 936
1818 2 2 0 1 885 937 936
1819 2 2 0 1 885 886 937
1820 2 2 0 1 886 938 937
1821 2 2 0 1 886 887 938
1822 2 2 0 1 887 939 938
1823 2 2 0 1 887 888 939
1824 2 2 0 1 888 940 939
1825 2 2 0 1 888 889 940
1826 2 2 0 1 889 941 940
1827 2 2 0 1 889 890 941
1828 2 2 0 1 890 942 941
1829 2 2 0 1 890 891 942
1830 2 2 0 1 891 943 942
1831 2 2 0 1 891 892 943
1832 2 2 0 1 892 944 943
1833 2 2 0 1 892 893 944
1834 2 2 0 1 893 945 944
1835 2 2 0 1 893 894 945
1836 2 2 0 1 894 946 945
1837 2 2 0 1 894 895 946
1838 2 2 0 1 895 947 946
1839 2 2 0 1 895 896 947
1840 2 2 0 1 896 948 947
1841 2 2 0 1 896 897 948
1842 2 2 0 1 897 949 948
1843 2 2 0 1 897 898 949
1844 2 2 0 1 898 950 949
1845 2 2 0 1 898 899 950
1846 2 2 0 1 899 951 950
1847 2 2 0 1 899 900 951
1848 2 2 0 1 900 952 951
1849 2 2 0 1 900 901 952
1850 2 2 0 1 901 953 952
1851 2 2 0 1 901 902 953
1852 2 2 0 1 902 954 953
1853 2 2 0 1 902 903 954
1854 2 2 0 1 903 955 954
1855 2 2 0 1 903 904 955
1856 2 2 0 1 904 956 955
1857 2 2 0 1 904 905 956
1858 2 2 0 1 905 957 956
1859 2 2 0 1 905 906 957
1860 2 2 0 1 906 958 957
1861 2 2 0 1 906 907 958
1862 2 2 0 1 907 959 958
1863 2 2 0 1 907 908 959
1864 2 2 0 1 908 960 959
1865 2 2 0 1 908 909 960
1866 2 2 0 1 909 961 960
1867 2 2 0 1 909 910 961
1868 2 2 0 1 910 962 961
1869 2 2 0 1 910 911 962
1870 2 2 0 1 911 963 962
1871 2 2 0 1 911 912 963
1872 2 2 0 1 912 964 963
1873 2 2 0 1 912 913 964
1874 2 2 0 1 913 965 964
1875 2 2 0 1 913 914 965
1876 2 2 0 1 914 966 965
1877 2 2 0 1 914 915 966
1878 2 2 0 1 915 967 966
1879 2 2 0 1 915 916 967
1880 2 2 0 1 916 968 967
1881 2 2 0 1 916 917 968
1882 2 2 0 1 917 969 968
1883 2 2 0 1 917 918 969
1884 2 2 0 1 918 970 969
1885 2 2 0 1 918 919 970
1886 2 2 0 1 919 971 970
1887 2 2 0 1 919 920 971
1888 2 2 0 1 920 972 971
1889 2 2 0 1 920 921 972
1890 2 2 0 1 921 973 972
1891 2 2 0 1 921 922 973
1892 2 2 0 1 922 974 973
1893 2 2 0 1 922 923 974
1894 2 2 0 1 923 975 974
1895 2 2 0 1 923 924 975
1896 2 2 0 1 924 976 975
1897 2 2 0 1 924 925 976
1898 2 2 0 1 925 977 976
1899 2 2 0 1 925 926 977
1900 2 2 0 1 926 978 977
1901 2 2 0 1 926 927 978
1902 2 2 0 1 927 979 978
1903 2 2 0 1 927 928 979
1904 2 2 0 1 928 980 979
1905 2 2 0 1 928 929 980
1906 2 2 0 1 929 981 980
1907 2 2 0 1 929 930 981
1908 2 2 0 1 930 982 981
1909 2 2 0 1 930 931 982
1910 2 2 0 1 931 983 982
1911 2 2 0 1 931 932 983
1912 2 2 0 1 932 984 983
1913 2 2 0 1 932 882 984
1914 2 2 0 1 882 933 984
1915 2 2 0 1 933 934 985
1916 2 2 0 1 934 986 985
1917 2 2 0 1 934 935 986
1918 2 2 0 1 935 987 986
1919 2 2 0 1 935 936 987
1920 2 2 0 1 936 988 987
1921 2 2 0 1 936 937 988
1922 2 2 0 1 937 989 988
1923 2 2 0 1 937 938 989
1924 2 2 0 1 938 990 989
1925 2 2 0 1 938 939 990
1926 2 2 0 1 939 991 990
1927 2 2 0 1 939 940 991
1928 2 2 0 1 940 992 991
1929 2 2 0 1 940 941 992
1930 2 2 0 1 941 993 992
1931 2 2 0 1 941 942 993
1932 2 2 0 1 942 994 993
1933 2 2 0 1 942 943 994
1934 2 2 0 1 943 995 994
1935 2 2 0 1 943 944 995
1936 2 2 0 1 944 996 995
1937 2 2 0 1 944 945 996
1938 2 2 0 1 945 997 996
1939 2 2 0 1 945 946 997
1940 2 2 0 1 946 998 997
1941 2 2 0 1 946 947 998
1942 2 2 0 1 947 999 998
1943 2 2 0 1 947 948 999
1944 2 2 0 1 948 1000 999
1945 2 2 0 1 948 949 1000
1946 2 2 0 1 949 1001 1000
1947 2 2 0 1 949 950 1001
1948 2 2 0 1 950 1002 1001
1949 2 2 0 1 950 951 1002
1950 2 2 0 1 951 1003 1002
1951 2 2 0 1 951 952 1003
1952 2 2 0 1 952 1004 1003
1953 2 2 0 1 952 953 1004
1954 2 2 0 1 953 1005 1004
1955 2 2 0 1 953 954 1005
1956 2 2 0 1 954 1006 1005
1957 2 2 0 1 954 955 1006
1958 2 2 0 1 955 1007 1006
1959 2 2 0 1 955 956 1007
1960 2 2 0 1 956 1008 1007
1961 2 2 0 1 956 957 1008
1962 2 2 0 1 957 1009 1008
1963 2 2 0 1 957 958 1009
1964 2 2 0 1 958 1010 1009
1965 2 2 0 1 958 959 1010
1966 2 2 0 1 959 1011 1010
1967 2 2 0 1 959 960 1011
1968 2 2 0 1 960 1012 1011
1969 2 2 0 1 960 961 1012
1970 2 2 0 1 961 1013 1012
1971 2 2 0 1 961 962 1013
1972 2 2 0 1 962 1014 1013
1973 2 2 0 1 962 963 1014
1974 2 2 0 1 963 1015 1014
1975 2 2 0 1 963 964 1015
1976 2 2 0 1 964 1016 1015
1977 2 2 0 1 964 965 1016
1978 2 2 0 1 965 1017 1016
1979 2 2 0 1 965 966 1017
1980 2 2 0 1 966 1018 1017
1981 2 2 0 1 966 967 1018
1982 2 2 0 1 967 1019 1018
1983 2 2 0 1 967 968 1019
1984 2 2 0 1 968 1020 1019
1985 2 2 0 1 968 969 1020
1986 2 2 0 1 969 1021 1020
1987 2 2 0 1 969 970 1021
1988 2 2 0 1 970 1022 1021
1989 2 2 0 1 970 971 1022
1990 2 2 0 1 971 1023 1022
1991 2 2 0 1 971 972 1023
1992 2 2 0 1 972 1024 1023
1993 2 2 0 1 972 973 1024
1994 2 2 0 1 973 1025 1024
1995 2 2 0 1 973 974 1025
1996 2 2 0 1 974 1026 1025
1997 2 2 0 1 974 975 1026
1998 2 2 0 1 975 1027 1026
1999 2 2 0 1 975 976 1027
2000 2 2 0 1 976 1028 1027
2001 2 2 0 1 976 977 1028
2002 2 2 0 1 977 1029 1028
2003 2 2 0 1 977 978 1029
2004 2 2 0 1 978 1030 1029
2005 2 2 0 1 978 979 1030
2006 2 2 0 1 979 1031 1030
2007 2 2 0 1 979 980 1031
2008 2 2 0 1 980 1032 1031
2009 2 2 0 1 980 981 1032
2010 2 2 0 1 981 1033 1032
2011 2 2 0 1 981 982 1033
2012 2 2 0 1 982 1034 1033
2013 2 2 0 1 982 983 1034
2014 2 2 0 1 983 1035 1034
2015 2 2 0 1 983 984 1035
2016 2 2 0 1 984 1036 1035
2017 2 2 0 1 984 933 1036
2018 2 2 0 1 933 985 1036
2019 2 2 0 1 985 986 1037
2020 2 2 0 1 986 1038 1037
2021 2 2 0 1 986 987 1038
2022 2 2 0 1 987 1039 1038
2023 2 2 0 1 987 988 1039
2024 2 2 0 1 988 1040 1039
2025 2 2 0 1 988 989 1040
2026 2 2 0 1 989 1041 1040
2027 2 2 0 1 989 990 1041
2028 2 2 0 1 990 1042 1041
2029 2 2 0 1 990 991 1042
2030 2 2 0 1 991 1043 1042
2031 2 2 0 1 991 992 1043
2032 2 2 0 1 992 1044 1043
2033 2 2 0 1 992 993 1044
2034 2 2 0 1 993 1045 1044
2035 2 2 0 1 993 994 1045
2036 2 2 0 1 994 1046 1045
2037 2 2 0 1 994 995 1046
2038 2 2 0 1 995 1047 1046
2039 2 2 0 1 995 996 1047
2040 2 2 0 1 996 1048 1047
2041 2 2 0 1 996 997 1048
2042 2 2 0 1 997 1049 1048
2043 2 2 0 1 997 998 1049
2044 2 2 0 1 998 1050 1049
2045 2 2 0 1 998 999 1050
2046 2 2 0 1 999 1051 1050
2047 2 2 0 1 999 1000 1051
2048 2 2 0 1 1000 1052 1051
2049 2 2 0 1 1000 1001 1052
2050 2 2 0 1 1001 1053 1052
2051 2 2 0 1 1001 1002 1053
2052 2 2 0 1 1002 1054 1053
2053 2 2 0 1 1002 1003 1054
2054 2 2 0 1 1003 1055 1054
2055 2 2 0 1 1003 1004 1055
2056 2 2 0 1 1004 1056 1055
2057 2 2 0 1 1004 1005 1056
2058 2 2 0 1 1005 1057 1056
2059 2 2 0 1 1005 1006 1057
2060 2 2 0 1 1006 1058 1057
2061 2 2 0 1 1006 1007 1058
2062 2 2 0 1 1007 1059 1058
2063 2 2 0 1 1007 1008 1059
2064 2 2 0 1 1008 1060 1059
2065 2 2 0 1 1008 1009 1060
2066 2 2 0 1 1009 1061 1060
2067 2 2 0 1 1009 1010 1061
2068 2 2 0 1 1010 1062 1061
2069 2 2 0 1 1010 1011 1062
2070 2 2 0 1 1011 1063 1062
2071 2 2 0 1 1011 1012 1063
2072 2 2 0 1 1012 1064 1063
2073 2 2 0 1 1012 1013 1064
2074 2 2 0 1 1013 1065 1064
2075 2 2 0 1 1013 1014 1065
2076 2 2 0 1 1014 1066 1065
2077 2 2 0 1 1014 1015 1066
2078 2 2 0 1 1015 1067 1066
2079 2 2 0 1 1015 1016 1067
2080 2 2 0 1 1016 1068 1067
2081 2 2 0 1 1016 1017 1068
2082 2 2 0 1 1017 1069 1068
2083 2 2 0 1 1017 1018 1069
2084 2 2 0 1 1018 1070 1069
2085 2 2 0 1 1018 1019 1070
2086 2 2 0 1 1019 1071 1070
2087 2 2 0 1 1019 1020 1071
2088 2 2 0 1 1020 1072 1071
2089 2 2 0 1 1020 1021 1072
2090 2 2 0 1 1021 1073 1072
2091 2 2 0 1 1021 1022 1073
2092 2 2 0 1 1022 1074 1073
2093 2 2 0 1 1022 1023 1074
2094 2 2 0 1 1023 1075 1074
2095 2 2 0 1 1023 1024 1075
2096 2 2 0 1 1024 1076 1075
2097 2 2 0 1 1024 1025 1076
2098 2 2 0 1 1025 1077 1076
2099 2 2 0 1 1025 1026 1077
2100 2 2 0 1 1026 1078 1077
2101 2 2 0 1 1026 1027 1078
2102 2 2 0 1 1027 1079 1078
2103 2 2 0 1 1027 1028 1079
2104 2 2 0 1 1028 1080 1079
2105 2 2 0 1 1028 1029 1080
2106 2 2 0 1 1029 1081 1080
2107 2 2 0 1 1029 1030 1081
2108 2 2 0 1 1030 1082 1081
2109 2 2 0 1 1030 1031 1082
2110 2 2 0 1 1031 1083 1082
2111 2 2 0 1 1031 1032 1083
2112 2 2 0 1 1032 1084 1083
2113 2 2 0 1 1032 1033 1084
2114 2 2 0 1 1033 1085 1084
2115 2 2 0 1 1033 1034 1085
2116 2 2 0 1 1034 1086 1085
2117 2 2 0 1 1034 1035 1086
2118 2 2 0 1 1035 1087 1086
2119 2 2 0 1 1035 1036 1087
2120 2 2 0 1 1036 1088 1087
2121 2 2 0 1 1036 985 1088
2122 2 2 0 1 985 1037 1088
2123 2 2 0 1 1037 1038 1089
2124 2 2 0 1 1038 1090 1089
2125 2 2 0 1 1038 1039 1090
2126 2 2 0 1 1039 1091 1090
2127 2 2 0 1 1039 1040 1091
2128 2 2 0 1 1040 1092 1091
2129 2 2 0 1 1040 1041 1092
2130 2 2 0 1 1041 1093 1092
2131 2 2 0 1 1041 1042 1093
2132 2 2 0 1 1042 1094 1093
2133 2 2 0 1 1042 1043 1094
2134 2 2 0 1 1043 1095 1094
2135 2 2 0 1 1043 1044 1095
2136 2 2 0 1 1044 1096 1095
2137 2 2 0 1 1044 1045 1096
2138 2 2 0 1 1045 1097 1096
2139 2 2 0 1 1045 1046 1097
2140 2 2 0 1 1046 1098 1097
2141 2 2 0 1 1046 1047 1098
2142 2 2 0 1 1047 1099 1098
2143 2 2 0 1 1047 1048 1099
2144 2 2 0 1 1048 1100 1099
2145 2 2 0 1 1048 1049 1100
2146 2 2 0 1 1049 1101 1100
2147 2 2 0 1 1049 1050 1101
2148 2 2 0 1 1050 1102 1101
2149 2 2 0 1 1050 1051 1102
2150 2 2 0 1 1051 1103 1102
2151 2 2 0 1 1051 1052 1103
2152 2 2 0 1 1052 1104 1103
2153 2 2 0 1 1052 1053 1104
2154 2 2 0 1 1053 1105 1104
2155 2 2 0 1 1053 1054 1105
2156 2 2 0 1 1054 1106 1105
2157 2 2 0 1 1054 1055 1106
2158 2 2 0 1 1055 1107 1106
2159 2 2 0 1 1055 1056 1107
2160 2 2 0 1 1056 1108 1107
2161 2 2 0 1 1056 1057 1108
2162 2 2 0 1 1057 1109 1108
2163 2 2 0 1 1057 1058 1109
2164 2 2 0 1 1058 1110 1109
2165 2 2 0 1 1058 1059 1110
2166 2 2 0 1 1059 1111 1110
2167 2 2 0 1 1059 1060 1111
2168 2 2 0 1 1060 1112 1111
2169 2 2 0 1 1060 1061 1112
2170 2 2 0 1 1061 1113 1112
2171 2 2 0 1 1061 1062 1113
2172 2 2 0 1 1062 1114 1113
2173 2 2 0 1 1062 1063 1114
2174 2 2 0 1 1063 1115 1114
2175 2 2 0 1 1063 1064 1115
2176 2 2 0 1 1064 1116 1115
2177 2 2 0 1 1064 1065 1116
2178 2 2 0 1 1065 1117 1116
2179 2 2 0 1 1065 1066 1117
2180 2 2 0 1 1066 1118 1117
2181 2 2 0 1 1066 1067 1118
2182 2 2 0 1 1067 1119 1118
2183 2 2 0 1 1067 1068 1119
2184 2 2 0 1 1068 1120 1119
2185 2 2 0 1 1068 1069 1120
2186 2 2 0 1 1069 1121 1120
2187 2 2 0 1 1069 1070 1121
2188 2 2 0 1 1070 1122 1121
2189 2 2 0 1 1070 1071 1122
2190 2 2 0 1 1071 1123 1122
2191 2 2 0 1 1071 1072 1123
2192 2 2 0 1 1072 1124 1123
2193 2 2 0 1 1072 1073 1124
2194 2 2 0 1 1073 1125 1124
2195 2 2 0 1 1073 1074 1125
2196 2 2 0 1 1074 1126 1125
2197 2 2 0 1 1074 1075 1126
2198 2 2 0 1 1075 1127 1126
2199 2 2 0 1 1075 1076 1127
2200 2 2 0 1 1076 1128 1127
2201 2 2 0 1 1076 1077 1128
2202 2 2 0 1 1077 1129 1128
2203 2 2 0 1 1077 1078 1129
2204 2 2 0 1 1078 1130 1129
2205 2 2 0 1 1078 1079 1130
2206 2 2 0 1 1079 1131 1130
2207 2 2 0 1 1079 1080 1131
2208 2 2 0 1 1080 1132 1131
2209 2 2 0 1 1080 1081 1132
2210 2 2 0 1 1081 1133 1132
2211 2 2 0 1 1081 1082 1133
2212 2 2 0 1 1082 1134 1133
2213 2 2 0 1 1082 1083 1134
2214 2 2 0 1 1083 1135 1134
2215 2 2 0 1 1083 1084 1135
2216 2 2 0 1 1084 1136 1135
2217 2 2 0 1 1084 1085 1136
2218 2 2 0 1 1085 1137 1136
2219 2 2 0 1 1085 1086 1137
2220 2 2 0 1 1086 1138 1137
2221 2 2 0 1 1086 1087 1138
2222 2 2 0 1 1087 1139 1138
2223 2 2 0 1 1087 1088 1139
2224 2 2 0 1 1088 1140 1139
2225 2 2 0 1 1088 1037 1140
2226 2 2 0 1 1037 1089 1140
2227 2 2 0 1 1089 1090 1141
2228 2 2 0 1 1090 1142 1141
2229 2 2 0 1 1090 1091 1142
2230 2 2 0 1 1091 1143 1142
2231 2 2 0 1 1091 1092 1143
2232 2 2 0 1 1092 1144 1143
2233 2 2 0 1 1092 1093 1144
2234 2 2 0 1 1093 1145 1144
2235 2 2 0 1 1093 1094 1145
2236 2 2 0 1 1094 1146 1145
2237 2 2 0 1 1094 1095 1146
2238 2 2 0 1 1095 1147 1146
2239 2 2 0 1 1095 1096 1147
2240 2 2 0 1 1096 1148 1147
2241 2 2 0 1 1096 1097 1148
2242 2 2 0 1 1097 1149 1148
2243 2 2 0 1 1097 1098 1149
2244 2 2 0 1 1098 1150 1149
2245 2 2 0 1 1098 1099 1150
2246 2 2 0 1 1099 1151 1150
2247 2 2 0 1 1099 1100 1151
2248 2 2 0 1 1100 1152 1151
2249 2 2 0 1 1100 1101 1152
2250 2 2 0 1 1101 1153 1152
2251 2 2 0 1 1101 1102 1153
2252 2 2 0 1 1102 1154 1153
2253 2 2 0 1 1102 1103 1154
2254 2 2 0 1 1103 1155 1154
2255 2 2 0 1 1103 1104 1155
2256 2 2 0 1 1104 1156 1155
2257 2 2 0 1 1104 1105 1156
2258 2 2 0 1 1105 1157 1156
2259 2 2 0 1 1105 1106 1157
2260 2 2 0 1 1106 1158 1157
2261 2 2 0 1 1106 1107 1158
2262 2 2 0 1 1107 1159 1158
2263 2 2 0 1 1107 1108 1159
2264 2 2 0 1 1108 1160 1159
2265 2 2 0 1 1108 1109 1160
2266 2 2 0 1 1109 1161 1160
2267 2 2 0 1 1109 1110 1161
2268 2 2 0 1 1110 1162 1161
2269 2 2 0 1 1110 1111 1162
2270 2 2 0 1 1111 1163 1162
2271 2 2 0 1 1111 1112 1163
2272 2 2 0 1 1112 1164 1163
2273 2 2 0 1 1112 1113 1164
2274 2 2 0 1 1113 1165 1164
2275 2 2 0 1 1113 1114 1165
2276 2 2 0 1 1114 1166 1165
2277 2 2 0 1 1114 1115 1166
2278 2 2 0 1 1115 1167 1166
2279 2 2 0 1 1115 1116 1167
2280 2 2 0 1 1116 1168 1167
2281 2 2 0 1 1116 1117 1168
2282 2 2 0 1 1117 1169 1168
2283 2 2 0 1 1117 1118 1169
2284 2 2 0 1 1118 1170 1169
2285 2 2 0 1 1118 1119 1170
2286 2 2 0 1 1119 1171 1170
2287 2 2 0 1 1119 1120 1171
2288 2 2 0 1 1120 1172 1171
2289 2 2 0 1 1120 1121 1172
2290 2 2 0 1 1121 1173 1172
2291 2 2 0 1 1121 1122 1173
2292 2 2 0 1 1122 1174 1173
2293 2 2 0 1 1122 1123 1174
2294 2 2 0 1 1123 1175 1174
2295 2 2 0 1 1123 1124 1175
2296 2 2 0 1 1124 1176 1175
2297 2 2 0 1 1124 1125 1176
2298 2 2 0 1 1125 1177 1176
2299 2 2 0 1 1125 1126 1177
2300 2 2 0 1 1126 1178 1177
2301 2 2 0 1 1126 1127 1178
2302 2 2 0 1 1127 1179 1178
2303 2 2 0 1 1127 1128 1179
2304 2 2 0 1 1128 1180 1179
2305 2 2 0 1 1128 1129 1180
2306 2 2 0 1 1129 1181 1180
2307 2 2 0 1 1129 1130 1181
2308 2 2 0 1 1130 1182 1181
2309 2 2 0 1 1130 1131 1182
2310 2 2 0 1 1131 1183 1182
2311 2 2 0 1 1131 1132 1183
2312 2 2 0 1 1132 1184 1183
2313 2 2 0 1 1132 1133 1184
2314 2 2 0 1 1133 1185 1184
2315 2 2 0 1 1133 1134 1185
2316 2 2 0 1 1134 1186 1185
2317 2 2 0 1 1134 1135 1186
2318 2 2 0 1 1135 1187 1186
2319 2 2 0 1 1135 1136 1187
2320 2 2 0 1 1136 1188 1187
2321 2 2 0 1 1136 1137 1188
2322 2 2 0 1 1137 1189 1188
2323 2 2 0 1 1137 1138 1189
2324 2 2 0 1 1138 1190 1189
2325 2 2 0 1 1138 1139 1190
2326 2 2 0 1 1139 1191 1190
2327 2 2 0 1 1139 1140 1191
2328 2 2 0 1 1140 1192 1191
2329 2 2 0 1 1140 1089 1192
2330 2 2 0 1 1089 1141 1192
2331 2 2 0 1 1141 1142 1193
2332 2 2 0 1 1142 1194 1193
2333 2 2 0 1 1142 1143 1194
2334 2 2 0 1 1143 1195 1194
2335 2 2 0 1 1143 1144 1195
2336 2 2 0 1 1144 1196 1195
2337 2 2 0 1 1144 1145 1196
2338 2 2 0 1 1145 1197 1196
2339 2 2 0 1 1145 1146 1197
2340 2 2 0 1 1146 1198 1197
2341 2 2 0 1 1146 1147 1198
2342 2 2 0 1 1147 1199 1198
2343 2 2 0 1 1147 1148 1199
2344 2 2 0 1 1148 1200 1199
2345 2 2 0 1 1148 1149 1200
2346 2 2 0 1 1149 1201 1200
2347 2 2 0 1 1149 1150 1201
2348 2 2 0 1 1150 1202 1201
2349 2 2 0 1 1150 1151 1202
2350 2 2 0 1 1151 1203 1202
2351 2 2 0 1 1151 1152 1203
2352 2 2 0 1 1152 1204 1203
2353 2 2 0 1 1152 1153 1204
2354 2 2 0 1 1153 1205 1204
2355 2 2 0 1 1153 1154 1205
2356 2 2 0 1 1154 1206 1205
2357 2 2 0 1 1154 1155 1206
2358 2 2 0 1 1155 1207 1206
2359 2 2 0 1 1155 1156 1207
2360 2 2 0 1 1156 1208 1207
2361 2 2 0 1 1156 1157 1208
2362 2 2 0 1 1157 1209 1208
2363 2 2 0 1 1157 1158 1209
2364 2 2 0 1 1158 1210 1209
2365 2 2 0 1 1158 1159 1210
2366 2 2 0 1 1159 1211 1210
2367 2 2 0 1 1159 1160 1211
2368 2 2 0 1 1160 1212 1211
2369 2 2 0 1 1160 1161 1212
2370 2 2 0 1 1161 1213 1212
2371 2 2 0 1 1161 1162 1213
2372 2 2 0 1 1162 1214 1213
2373 2 2 0 1 1162 1163 1214
2374 2 2 0 1 1163 1215 1214
2375 2 2 0 1 1163 1164 1215
2376 2 2 0 1 1164 1216 1215
2377 2 2 0 1 1164 1165 1216
2378 2 2 0 1 1165 1217 1216
2379 2 2 0 1 1165 1166 1217
2380 2 2 0 1 1166 1218 1217
2381 2 2 0 1 1166 1167 1218
2382 2 2 0 1 1167 1219 1218
2383 2 2 0 1 1167 1168 1219
2384 2 2 0 1 1168 1220 1219
2385 2 2 0 1 1168 1169 1220
2386 2 2 0 1 1169 1221 1220
2387 2 2 0 1 1169 1170 1221
2388 2 2 0 1 1170 1222 1221
2389 2 2 0 1 1170 1171 1222
2390 2 2 0 1 1171 1223 1222
2391 2 2 0 1 1171 1172 1223
2392 2 2 0 1 1172 1224 1223
2393 2 2 0 1 1172 1173 1224
2394 2 2 0 1 1173 1225 1224
2395 2 2 0 1 1173 1174 1225
2396 2 2 0 1 1174 1226 1225
2397 2 2 0 1 1174 1175 1226
2398 2 2 0 1 1175 1227 1226
2399 2 2 0 1 1175 1176 1227
2400 2 2 0 1 1176 1228 1227
2401 2 2 0 1 1176 1177 1228
2402 2 2 0 1 1177 1229 1228
2403 2 2 0 1 1177 1178 1229
2404 2 2 0 1 1178 1230 1229
2405 2 2 0 1 1178 1179 1230
2406 2 2 0 1 1179 1231 1230
2407 2 2 0 1 1179 1180 1231
2408 2 2 0 1 1180 1232 1231
2409 2 2 0 1 1180 1181 1232
2410 2 2 0 1 1181 1233 1232
2411 2 2 0 1 1181 1182 1233
2412 2 2 0 1 1182 1234 1233
2413 2 2 0 1 1182 1183 1234
2414 2 2 0 1 1183 1235 1234
2415 2 2 0 1 1183 1184 1235
2416 2 2 0 1 1184 1236 1235
2417 2 2 0 1 1184 1185 1236
2418 2 2 0 1 1185 1237 1236
2419 2 2 0 1 1185 1186 1237
2420 2 2 0 1 1186 1238 1237
2421 2 2 0 1 1186 1187 1238
2422 2 2 0 1 1187 1239 1238
2423 2 2 0 1 1187 1188 1239
2424 2 2 0 1 1188 1240 1239
2425 2 2 0 1 1188 1189 1240
2426 2 2 0 1 1189 1241 1240
2427 2 2 0 1 1189 1190 1241
2428 2 2 0 1 1190 1242 1241
2429 2 2 0 1 1190 1191 1242
2430 2 2 0 1 1191 1243 1242
2431 2 2 0 1 1191 1192 1243
2432 2 2 0 1 1192 1244 1243
2433 2 2 0 1 1192 1141 1244
2434 2 2 0 1 1141 1193 1244
2435 2 2 0 1 1193 1194 1245
2436 2 2 0 1 1194 1246 1245
2437 2 2 0 1 1194 1195 1246
2438 2 2 0 1 1195 1247 1246
2439 2 2 0 1 1195 1196 1247
2440 2 2 0 1 1196 1248 1247
2441 2 2 0 1 1196 1197 1248
2442 2 2 0 1 1197 1249 1248
2443 2 2 0 1 1197 1198 1249
2444 2 2 0 1 1198 1250 1249
2445 2 2 0 1 1198 1199 1250
2446 2 2 0 1 1199 1251 1250
2447 2 2 0 1 1199 1200 1251
2448 2 2 0 1 1200 1252 1251
2449 2 2 0 1 1200 1201 1252
2450 2 2 0 1 1201 1253 1252
2451 2 2 0 1 1201 1202 1253
2452 2 2 0 1 1202 1254 1253
2453 2 2 0 1 1202 1203 1254
2454 2 2 0 1 1203 1255 1254
2455 2 2 0 1 1203 1204 1255
2456 2 2 0 1 1204 1256 1255
2457 2 2 0 1 1204 1205 1256
2458 2 2 0 1 1205 1257 1256
2459 2 2 0 1 1205 1206 1257
2460 2 2 0 1 1206 1258 1257
2461 2 2 0 1 1206 1207 1258
2462 2 2 0 1 1207 1259 1258
2463 2 2 0 1 1207 1208 1259
2464 2 2 0 1 1208 1260 1259
2465 2 2 0 1 1208 1209 1260
2466 2 2 0 1 1209 1261 1260
2467 2 2 0 1 1209 1210 1261
2468 2 2 0 1 1210 1262 1261
2469 2 2 0 1 1210 1211 1262
2470 2 2 0 1 1211 1263 1262
2471 2 2 0 1 1211 1212 1263
2472 2 2 0 1 1212 1264 1263
2473 2 2 0 1 1212 1213 1264
2474 2 2 0 1 1213 1265 1264
2475 2 2 0 1 1213 1214 1265
2476 2 2 0 1 1214 1266 1265
2477 2 2 0 1 1214 1215 1266
2478 2 2 0 1 1215 1267 1266
2479 2 2 0 1 1215 1216 1267
2480 2 2 0 1 1216 1268 1267
2481 2 2 0 1 1216 1217 1268
2482 2 2 0 1 1217 1269 1268
2483 2 2 0 1 1217 1218 1269
2484 2 2 0 1 1218 1270 1269
2485 2 2 0 1 1218 1219 1270
2486 2 2 0 1 1219 1271 1270
2487 2 2 0 1 1219 1220 1271
2488 2 2 0 1 1220 1272 1271
2489 2 2 0 1 1220 1221 1272
2490 2 2 0 1 1221 1273 1272
2491 2 2 0 1 1221 1222 1273
2492 2 2 0 1 1222 1274 1273
2493 2 2 0 1 1222 1223 1274
2494 2 2 0 1 1223 1275 1274
2495 2 2 0 1 1223 1224 1275
2496 2 2 0 1 1224 1276 1275
2497 2 2 0 1 1224 1225 1276
2498 2 2 0 1 1225 1277 1276
2499 2 2 0 1 1225 1226 1277
2500 2 2 0 1 1226 1278 1277
2501 2 2 0 1 1226 1227 1278
2502 2 2 0 1 1227 1279 1278
2503 2 2 0 1 1227 1228 1279
2504 2 2 0 1 1228 1280 1279
2505 2 2 0 1 1228 1229 1280
2506 2 2 0 1 1229 1281 1280
2507 2 2 0 1 1229 1230 1281
2508 2 2 0 1 1230 1282 1281
2509 2 2 0 1 1230 1231 1282
2510 2 2 0 1 1231 1283 1282
2511 2 2 0 1 1231 1232 1283
2512 2 2 0 1 1232 1284 1283
2513 2 2 0 1 1232 1233 1284
2514 2 2 0 1 1233 1285 1284
2515 2 2 0 1 1233 1234 1285
2516 2 2 0 1 1234 1286 1285
2517 2 2 0 1 1234 1235 1286
2518 2 2 0 1 1235 1287 1286
2519 2 2 0 1 1235 1236 1287
2520 2 2 0 1 1236 1288 1287
2521 2 2 0 1 1236 1237 1288
2522 2 2 0 1 1237 1289 1288
2523 2 2 0 1 1237 1238 1289
2524 2 2 0 1 1238 1290 1289
2525 2 2 0 1 1238 1239 1290
2526 2 2 0 1 1239 1291 1290
2527 2 2 0 1 1239 1240 1291
2528 2 2 0 1 1240 1292 1291
2529 2 2 0 1 1240 1241 1292
2530 2 2 0 1 1241 1293 1292
2531 2 2 0 1 1241 1242 1293
2532 2 2 0 1 1242 1294 1293
2533 2 2 0 1 1242 1243 1294
2534 2 2 0 1 1243 1295 1294
2535 2 2 0 1 1243 1244 1295
2536 2 2 0 1 1244 1296 1295
2537 2 2 0 1 1244 1193 1296
2538 2 2 0 1 1193 1245 1296
2539 2 2 0 1 1245 1246 1297
2540 2 2 0 1 1246 1298 1297
2541 2 2 0 1 1246 1247 1298
2542 2 2 0 1 1247 1299 1298
2543 2 2 0 1 1247 1248 1299
2544 2 2 0 1 1248 1300 1299
2545 2 2 0 1 1248 1249 1300
2546 2 2 0 1 1249 1301 1300
2547 2 2 0 1 1249 1250 1301
2548 2 2 0 1 1250 1302 1301
2549 2 2 0 1 1250 1251 1302
2550 2 2 0 1 1251 1303 1302
2551 2 2 0 1 1251 1252 1303
2552 2 2 0 1 1252 1304 1303
2553 2 2 0 1 1252 1253 1304
2554 2 2 0 1 1253 1305 1304
2555 2 2 0 1 1253 1254 1305
2556 2 2 0 1 1254 1306 1305
2557 2 2 0 1 1254 1255 1306
2558 2 2 0 1 1255 1307 1306
2559 2 2 0 1 1255 1256 1307
2560 2 2 0 1 1256 1308 1307
2561 2 2 0 1 1256 1257 1308
2562 2 2 0 1 1257 1309 1308
2563 2 2 0 1 1257 1258 1309
2564 2 2 0 1 1258 1310 1309
2565 2 2 0 1 1258 1259 1310
2566 2 2 0 1 1259 1311 1310
2567 2 2 0 1 1259 1260 1311
2568 2 2 0 1 1260 1312 1311
2569 2 2 0 1 1260 1261 1312
2570 2 2 0 1 1261 1313 1312
2571 2 2 0 1 1261 1262 1313
2572 2 2 0 1 1262 1314 1313
2573 2 2 0 1 1262 1263 1314
2574 2 2 0 1 1263 1315 1314
2575 2 2 0 1 1263 1264 1315
2576 2 2 0 1 1264 1316 1315
2577 2 2 0 1 1264 1265 1316
2578 2 2 0 1 1265 1317 1316
2579 2 2 0 1 1265 1266 1317
2580 2 2 0 1 1266 1318 1317
2581 2 2 0 1 1266 1267 1318
2582 2 2 0 1 1267 1319 1318
2583 2 2 0 1 1267 1268 1319
2584 2 2 0 1 1268 1320 1319
2585 2 2 0 1 1268 1269 1320
2586 2 2 0 1 1269 1321 1320
2587 2 2 0 1 1269 1270 1321
2588 2 2 0 1 1270 1322 1321
2589 2 2 0 1 1270 1271 1322
2590 2 2 0 1 1271 1323 1322
2591 2 2 0 1 1271 1272 1323
2592 2 2 0 1 1272 1324 1323
2593 2 2 0 1 1272 1273 1324
2594 2 2 0 1 1273 1325 1324
2595 2 2 0 1 1273 1274 1325
2596 2 2 0 1 1274 1326 1325
2597 2 2 0 1 1274 1275 1326
2598 2 2 0 1 1275 1327 1326
2599 2 2 0 1 1275 1276 1327
2600 2 2 0 1 1276 1328 1327
2601 2 2 0 1 1276 1277 1328
2602 2 2 0 1 1277 1329 1328
2603 2 2 0 1 1277 1278 1329
2604 2 2 0 1 1278 1330 1329
2605 2 2 0 1 1278 1279 1330
2606 2 2 0 1 1279 1331 1330
2607 2 2 0 1 1279 1280 1331
2608 2 2 0 1 1280 1332 1331
2609 2 2 0 1 1280 1281 1332
2610 2 2 0 1 1281 1333 1332
2611 2 2 0 1 1281 1282 1333
2612 2 2 0 1 1282 1334 1333
2613 2 2 0 1 1282 1283 1334
2614 2 2 0 1 1283 1335 1334
2615 2 2 0 1 1283 1284 1335
2616 2 2 0 1 1284 1336 1335
2617 2 2 0 1 1284 1285 1336
2618 2 2 0 1 1285 1337 1336
2619 2 2 0 1 1285 1286 1337
2620 2 2 0 1 1286 1338 1337
2621 2 2 0 1 1286 1287 1338
2622 2 2 0 1 1287 1339 1338
2623 2 2 0 1 1287 1288 1339
2624 2 2 0 1 1288 1340 1339
2625 2 2 0 1 1288 1289 1340
2626 2 2 0 1 1289 1341 1340
2627 2 2 0 1 1289 1290 1341
2628 2 2 0 1 1290 1342 1341
2629 2 2 0 1 1290 1291 1342
2630 2 2 0 1 1291 1343 1342
2631 2 2 0 1 1291 1292 1343
2632 2 2 0 1 1292 1344 1343
2633 2 2 0 1 1292 1293 1344
2634 2 2 0 1 1293 1345 1344
2635 2 2 0 1 1293 1294 1345
2636 2 2 0 1 1294 1346 1345
2637 2 2 0 1 1294 1295 1346
2638 2 2 0 1 1295 1347 1346
2639 2 2 0 1 1295 1296 1347
2640 2 2 0 1 1296 1348 1347
2641 2 2 0 1 1296 1245 1348
2642 2 2 0 1 1245 1297 1348
2643 2 2 0 1 1297 1298 1349
2644 2 2 0 1 1298 1350 1349
2645 2 2 0 1 1298 1299 1350
2646 2 2 0 1 1299 1351 1350
2647 2 2 0 1 1299 1300 1351
2648 2 2 0 1 1300 1352 1351
2649 2 2 0 1 1300 1301 1352
2650 2 2 0 1 1301 1353 1352
2651 2 2 0 1 1301 1302 1353
2652 2 2 0 1 1302 1354 1353
2653 2 2 0 1 1302 1303 1354
2654 2 2 0 1 1303 1355 1354
2655 2 2 0 1 1303 1304 1355
2656 2 2 0 1 1304 1356 1355
2657 2 2 0 1 1304 1305 1356
2658 2 2 0 1 1305 1357 1356
2659 2 2 0 1 1305 1306 1357
2660 2 2 0 1 1306 1358 1357
2661 2 2 0 1 1306 1307 1358
2662 2 2 0 1 1307 1359 1358
2663 2 2 0 1 1307 1308 1359
2664 2 2 0 1 1308 1360 1359
2665 2 2 0 1 1308 1309 1360
2666 2 2 0 1 1309 1361 1360
2667 2 2 0 1 1309 1310 1361
2668 2 2 0 1 1310 1362 1361
2669 2 2 0 1 1310 1311 1362
2670 2 2 0 1 1311 1363 1362
2671 2 2 0 1 1311 1312 1363
2672 2 2 0 1 1312 1364 1363
2673 2 2 0 1 1312 1313 1364
2674 2 2 0 1 1313 1365 1364
2675 2 2 0 1 1313 1314 1365
2676 2 2 0 1 1314 1366 1365
2677 2 2 0 1 1314 1315 1366
2678 2 2 0 1 1315 1367 1366
2679 2 2 0 1 1315 1316 1367
2680 2 2 0 1 1316 1368 1367
2681 2 2 0 1 1316 1317 1368
2682 2 2 0 1 1317 1369 1368
2683 2 2 0 1 1317 1318 1369
2684 2 2 0 1 1318 1370 1369
2685 2 2 0 1 1318 1319 1370
2686 2 2 0 1 1319 1371 1370
2687 2 2 0 1 1319 1320 1371
2688 2 2 0 1 1320 1372 1371
2689 2 2 0 1 1320 1321 1372
2690 2 2 0 1 1321 1373 1372
2691 2 2 0 1 1321 1322 1373
2692 2 2 0 1 1322 1374 1373
2693 2 2 0 1 1322 1323 1374
2694 2 2 0 1 1323 1375 1374
2695 2 2 0 1 1323 1324 1375
2696 2 2 0 1 1324 1376 1375
2697 2 2 0 1 1324 1325 1376
2698 2 2 0 1 1325 1377 1376
2699 2 2 0 1 1325 1326 1377
2700 2 2 0 1 1326 1378 1377
2701 2 2 0 1 1326 1327 1378
2702 2 2 0 1 1327 1379 1378
2703 2 2 0 1 1327 1328 1379
2704 2 2 0 1 1328 1380 1379
2705 2 2 0 1 1328 1329 1380
2706 2 2 0 1 1329 1381 1380
2707 2 2 0 1 1329 1330 1381
2708 2 2 0 1 1330 1382 1381
2709 2 2 0 1 1330 1331 1382
2710 2 2 0 1 1331 1383 1382
2711 2 2 0 1 1331 1332 1383
2712 2 2 0 1 1332 1384 1383
2713 2 2 0 1 1332 1333 1384
2714 2 2 0 1 1333 1385 1384
2715 2 2 0 1 1333 1334 1385
2716 2 2 0 1 1334 1386 1385
2717 2 2 0 1 1334 1335 1386
2718 2 2 0 1 1335 1387 1386
2719 2 2 0 1 1335 1336 1387
2720 2 2 0 1 1336 1388 1387
2721 2 2 0 1 1336 1337 1388
2722 2 2 0 1 1337 1389 1388
2723 2 2 0 1 1337 1338 1389
2724 2 2 0 1 1338 1390 1389
2725 2 2 0 1 1338 1339 1390
2726 2 2 0 1 1339 1391 1390
2727 2 2 0 1 1339 1340 1391
2728 2 2 0 1 1340 1392 1391
2729 2 2 0 1 1340 1341 1392
2730 2 2 0 1 1341 1393 1392
2731 2 2 0 1 1341 1342 1393
2732 2 2 0 1 1342 1394 1393
2733 2 2 0 1 1342 1343 1394
2734 2 2 0 1 1343 1395 1394
2735 2 2 0 1 1343 1344 1395
2736 2 2 0 1 1344 1396 1395
2737 2 2 0 1 1344 1345 1396
2738 2 2 0 1 1345 1397 1396
2739 2 2 0 1 1345 1346 1397
2740 2 2 0 1 1346 1398 1397
2741 2 2 0 1 1346 1347 1398
2742 2 2 0 1 1347 1399 1398
2743 2 2 0 1 1347 1348 1399
2744 2 2 0 1 1348 1297 1399
2745 2 2 0 1 1297 1349 1399
2746 2 2 0 1 1349 1350 1400
2747 2 2 0 1 1350 1401 1400
2748 2 2 0 1 1350 1351 1401
2749 2 2 0 1 1351 1402 1401
2750 2 2 0 1 1351 1352 1402
2751 2 2 0 1 1352 1403 1402
2752 2 2 0 1 1352 1353 1403
2753 2 2 0 1 1353 1404 1403
2754 2 2 0 1 1353 1354 1404
2755 2 2 0 1 1354 1405 1404
2756 2 2 0 1 1354 1355 1405
2757 2 2 0 1 1355 1406 1405
2758 2 2 0 1 1355 1356 1406
2759 2 2 0 1 1356 1407 1406
2760 2 2 0 1 1356 1357 1407
2761 2 2 0 1 1357 1408 1407
2762 2 2 0 1 1357 1358 1408
2763 2 2 0 1 1358 1409 1408
2764 2 2 0 1 1358 1359 1409
2765 2 2 0 1 1359 1410 1409
2766 2 2 0 1 1359 1360 1410
2767 2 2 0 1 1360 1411 1410
2768 2 2 0 1 1360 1361 1411
2769 2 2 0 1 1361 1412 1411
2770 2 2 0 1 1361 1362 1412
2771 2 2 0 1 1362 1413 1412
2772 2 2 0 1 1362 1363 1413
2773 2 2 0 1 1363 1414 1413
2774 2 2 0 1 1363 1364 1414
2775 2 2 0 1 1364 1415 1414
2776 2 2 0 1 1364 1365 1415
2777 2 2 0 1 1365 1416 1415
2778 2 2 0 1 1365 1366 1416
2779 2 2 0 1 1366 1417 1416
2780 2 2 0 1 1366 1367 1417
2781 2 2 0 1 1367 1418 1417
2782 2 2 0 1 1367 1368 1418
2783 2 2 0 1 1368 1419 1418
2784 2 2 0 1 1368 1369 1419
2785 2 2 0 1 1369 1420 1419
2786 2 2 0 1 1369 1370 1420
2787 2 2 0 1 1370 1421 1420
2788 2 2 0 1 1370 1371 1421
2789 2 2 0 1 1371 1422 1421
2790 2 2 0 1 1371 1372 1422
2791 2 2 0 1 1372 1423 1422
2792 2 2 0 1 1372 1373 1423
2793 2 2 0 1 1373 1424 1423
2794 2 2 0 1 1373 1374 1424
2795 2 2 0 1 1374 1425 1424
2796 2 2 0 1 1374 1375 1425
2797 2 2 0 1 1375 1426 1425
2798 2 2 0 1 1375 1376 1426
2799 2 2 0 1 1376 1427 1426
2800 2 2 0 1 1376 1377 1427
2801 2 2 0 1 1377 1428 1427
2802 2 2 0 1 1377 1378 1428
2803 2 2 0 1 1378 1429 1428
2804 2 2 0 1 1378 1379 1429
2805 2 2 0 1 1379 1430 1429
2806 2 2 0 1 1379 1380 1430
2807 2 2 0 1 1380 1431 1430
2808 2 2 0 1 1380 1381 1431
2809 2 2 0 1 1381 1432 1431
2810 2 2 0 1 1381 1382 1432
2811 2 2 0 1 1382 1433 1432
2812 2 2 0 1 1382 1383 1433
2813 2 2 0 1 1383 1434 1433
2814 2 2 0 1 1383 1384 1434
2815 2 2 0 1 1384 1435 1434
2816 2 2 0 1 1384 1385 1435
2817 2 2 0 1 1385 1436 1435
2818 2 2 0 1 1385 1386 1436
2819 2 2 0 1 1386 1437 1436
2820 2 2 0 1 1386 1387 1437
2821 2 2 0 1 1387 1438 1437
2822 2 2 0 1 1387 1388 1438
2823 2 2 0 1 1388 1439 1438
2824 2 2 0 1 1388 1389 1439
2825 2 2 0 1 1389 1440 1439
2826 2 2 0 1 1389 1390 1440
2827 2 2 0 1 1390 1441 1440
2828 2 2 0 1 1390 1391 1441
2829 2 2 0 1 1391 1442 1441
2830 2 2 0 1 1391 1392 1442
2831 2 2 0 1 1392 1443 1442
2832 2 2 0 1 1392 1393 1443
2833 2 2 0 1 1393 1444 1443
2834 2 2 0 1 1393 1394 1444
2835 2 2 0 1 1394 1445 1444
2836 2 2 0 1 1394 1395 1445
2837 2 2 0 1 1395 1446 1445
2838 2 2 0 1 1395 1396 1446
2839 2 2 0 1 1396 1447 1446
2840 2 2 0 1 1396 1397 1447
2841 2 2 0 1 1397 1448 1447
2842 2 2 0 1 1397 1398 1448
2843 2 2 0 1 1398 1449 1448
2844 2 2 0 1 1398 1399 1449
2845 2 2 0 1 1399 1450 1449
2846 2 2 0 1 1399 1349 1450
2847 2 2 0 1 1349 1400 1450
2848 2 2 0 1 1400 1401 1451
2849 2 2 0 1 1401 1452 1451
2850 2 2 0 1 1401 1402 1452
2851 2 2 0 1 1402 1453 1452
2852 2 2 0 1 1402 1403 1453
2853 2 2 0 1 1403 1454 1453
2854 2 2 0 1 1403 1404 1454
2855 2 2 0 1 1404 1455 1454
2856 2 2 0 1 1404 1405 1455
2857 2 2 0 1 1405 1456 1455
2858 2 2 0 1 1405 1406 1456
2859 2 2 0 1 1406 1457 1456
2860 2 2 0 1 1406 1407 1457
2861 2 2 0 1 1407 1458 1457
2862 2 2 0 1 1407 1408 1458
2863 2 2 0 1 1408 1459 1458
2864 2 2 0 1 1408 1409 1459
2865 2 2 0 1 1409 1460 1459
2866 2 2 0 1 1409 1410 1460
2867 2 2 0 1 1410 1461 1460
2868 2 2 0 1 1410 1411 1461
2869 2 2 0 1 1411 1462 1461
2870 2 2 0 1 1411 1412 1462
2871 2 2 0 1 1412 1463 1462
2872 2 2 0 1 1412 1413 1463
2873 2 2 0 1 1413 1464 1463
2874 2 2 0 1 1413 1414 1464
2875 2 2 0 1 1414 1465 1464
2876 2 2 0 1 1414 1415 1465
2877 2 2 0 1 1415 1466 1465
2878 2 2 0 1 1415 1416 1466
2879 2 2 0 1 1416 1467 1466
2880 2 2 0 1 1416 1417 1467
2881 2 2 0 1 1417 1468 1467
2882 2 2 0 1 1417 1418 1468
2883 2 2 0 1 1418 1469 1468
2884 2 2 0 1 1418 1419 1469
2885 2 2 0 1 1419 1470 1469
2886 2 2 0 1 1419 1420 1470
2887 2 2 0 1 1420 1471 1470
2888 2 2 0 1 1420 1421 1471
2889 2 2 0 1 1421 1472 1471
2890 2 2 0 1 1421 1422 1472
2891 2 2 0 1 1422 1473 1472
2892 2 2 0 1 1422 1423 1473
2893 2 2 0 1 1423 1474 1473
2894 2 2 0 1 1423 1424 1474
2895 2 2 0 1 1424 1475 1474
2896 2 2 0 1 1424 1425 1475
2897 2 2 0 1 1425 1476 1475
2898 2 2 0 1 1425 1426 1476
2899 2 2 0 1 1426 1477 1476
2900 2 2 0 1 1426 1427 1477
2901 2 2 0 1 1427 1478 1477
2902 2 2 0 1 1427 1428 1478
2903 2 2 0 1 1428 1479 1478
2904 2 2 0 1 1428 1429 1479
2905 2 2 0 1 1429 1480 1479
2906 2 2 0 1 1429 1430 1480
2907 2 2 0 1 1430 1481 1480
2908 2 2 0 1 1430 1431 1481
2909 2 2 0 1 1431 1482 1481
2910 2 2 0 1 1431 1432 1482
2911 2 2 0 1 1432 1483 1482
2912 2 2 0 1 1432 1433 1483
2913 2 2 0 1 1433 1484 1483
2914 2 2 0 1 1433 1434 1484
2915 2 2 0 1 1434 1485 1484
2916 2 2 0 1 1434 1435 1485
2917 2 2 0 1 1435 1486 1485
2918 2 2 0 1 1435 1436 1486
2919 2 2 0 1 1436 1487 1486
2920 2 2 0 1 1436 1437 1487
2921 2 2 0 1 1437 1488 1487
2922 2 2 0 1 1437 1438 1488
2923 2 2 0 1 1438 1489 1488
2924 2 2 0 1 1438 1439 1489
2925 2 2 0 1 1439 1490 1489
2926 2 2 0 1 1439 1440 1490
2927 2 2 0 1 1440 1491 1490
2928 2 2 0 1 1440 1441 1491
2929 2 2 0 1 1441 1492 1491
2930 2 2 0 1 1441 1442 1492
2931 2 2 0 1 1442 1493 1492
2932 2 2 0 1 1442 1443 1493
2933 2 2 0 1 1443 1494 1493
2934 2 2 0 1 1443 1444 1494
2935 2 2 0 1 1444 1495 1494
2936 2 2 0 1 1444 1445 1495
2937 2 2 0 1 1445 1496 1495
2938 2 2 0 1 1445 1446 1496
2939 2 2 0 1 1446 1497 1496
2940 2 2 0 1 1446 1447 1497
2941 2 2 0 1 1447 1498 1497
2942 2 2 0 1 1447 1448 1498
2943 2 2 0 1 1448 1499 1498
2944 2 2 0 1 1448 1449 1499
2945 2 2 0 1 1449 1500 1499
2946 2 2 0 1 1449 1450 1500
2947 2 2 0 1 1450 1400 1500
2948 2 2 0 1 1400 1451 1500
2949 2 2 0 1 1451 1452 1501
2950 2 2 0 1 1452 1502 1501
2951 2 2 0 1 1452 1453 1502
2952 2 2 0 1 1453 1503 1502
2953 2 2 0 1 1453 1454 1503
2954 2 2 0 1 1454 1504 1503
2955 2 2 0 1 1454 1455 1504
2956 2 2 0 1 1455 1505 1504
2957 2 2 0 1 1455 1456 1505
2958 2 2 0 1 1456 1506 1505
2959 2 2 0 1 1456 1457 1506
2960 2 2 0 1 1457 1507 1506
2961 2 2 0 1 1457 1458 1507
2962 2 2 0 1 1458 1508 1507
2963 2 2 0 1 1458 1459 1508
2964 2 2 0 1 1459 1509 1508
2965 2 2 0 1 1459 1460 1509
2966 2 2 0 1 1460 1510 1509
2967 2 2 0 1 1460 1461 1510
2968 2 2 0 1 1461 1511 1510
2969 2 2 0 1 1461 1462 1511
2970 2 2 0 1 1462 1512 1511
2971 2 2 0 1 1462 1463 1512
2972 2 2 0 1 1463 1513 1512
2973 2 2 0 1 1463 1464 1513
2974 2 2 0 1 1464 1514 1513
2975 2 2 0 1 1464 1465 1514
2976 2 2 0 1 1465 1515 1514
2977 2 2 0 1 1465 1466 1515
2978 2 2 0 1 1466 1516 1515
2979 2 2 0 1 1466 1467 1516
2980 2 2 0 1 1467 1517 1516
2981 2 2 0 1 1467 1468 1517
2982 2 2 0 1 1468 1518 1517
2983 2 2 0 1 1468 1469 1518
2984 2 2 0 1 1469 1519 1518
2985 2 2 0 1 1469 1470 1519
2986 2 2 0 1 1470 1520 1519
2987 2 2 0 1 1470 1471 1520
2988 2 2 0 1 1471 1521 1520
2989 2 2 0 1 1471 1472 1521
2990 2 2 0 1 1472 1522 1521
2991 2 2 0 1 1472 1473 1522
2992 2 2 0 1 1473 1523 1522
2993 2 2 0 1 1473 1474 1523
2994 2 2 0 1 1474 1524 1523
2995 2 2 0 1 1474 1475 1524
2996 2 2 0 1 1475 1525 1524
2997 2 2 0 1 1475 1476 1525
2998 2 2 0 1 1476 1526 1525
2999 2 2 0 1 1476 1477 1526
3000 2 2 0 1 1477 1527 1526
3001 2 2 0 1 1477 1478 1527
3002 2 2 0 1 1478 1528 1527
3003 2 2 0 1 1478 1479 1528
3004 2 2 0 1 1479 1529 1528
3005 2 2 0 1 1479 1480 1529
3006 2 2 0 1 1480 1530 1529
3007 2 2 0 1 1480 1481 1530
3008 2 2 0 1 1481 1531 1530
3009 2 2 0 1 1481 1482 1531
3010 2 2 0 1 1482 1532 1531
3011 2 2 0 1 1482 1483 1532
3012 2 2 0 1 1483 1533 1532
3013 2 2 0 1 1483 1484 1533
3014 2 2 0 1 1484 1534 1533
3015 2 2 0 1 1484 1485 1534
3016 2 2 0 1 1485 1535 1534
3017 2 2 0 1 1485 1486 1535
3018 2 2 0 1 1486 1536 1535
3019 2 2 0 1 1486 1487 1536
3020 2 2 0 1 1487 1537 1536
3021 2 2 0 1 1487 1488 1537
3022 2 2 0 1 1488 1538 1537
3023 2 2 0 1 1488 1489 1538
3024 2 2 0 1 1489 1539 1538
3025 2 2 0 1 1489 1490 1539
3026 2 2 0 1 1490 1540 1539
3027 2 2 0 1 1490 1491 1540
3028 2 2 0 1 1491 1541 1540
3029 2 2 0 1 1491 1492 1541
3030 2 2 0 1 1492 1542 1541
3031 2 2 0 1 1492 1493 1542
3032 2 2 0 1 1493 1543 1542
3033 2 2 0 1 1493 1494 1543
3034 2 2 0 1 1494 1544 1543
3035 2 2 0 1 1494 1495 1544
3036 2 2 0 1 1495 1545 1544
3037 2 2 0 1 1495 1496 1545
3038 2 2 0 1 1496 1546 1545
3039 2 2 0 1 1496 1497 1546
3040 2 2 0 1 1497 1547 1546
3041 2 2 0 1 1497 1498 1547
3042 2 2 0 1 1498 1548 1547
3043 2 2 0 1 1498 1499 1548
3044 2 2 0 1 1499 1549 1548
3045 2 2 0 1 1499 1500 1549
3046 2 2 0 1 1500 1550 1549
3047 2 2 0 1 1500 1451 1550
3048 2 2 0 1 1451 1501 1550
3049 2 2 0 1 1501 1502 1551
3050 2 2 0 1 1502 1552 1551
3051 2 2 0 1 1502 1503 1552
3052 2 2 0 1 1503 1553 1552
3053 2 2 0 1 1503 1504 1553
3054 2 2 0 1 1504 1554 1553
3055 2 2 0 1 1504 1505 1554
3056 2 2 0 1 1505 1555 1554
3057 2 2 0 1 1505 1506 1555
3058 2 2 0 1 1506 1556 1555
3059 2 2 0 1 1506 1507 1556
3060 2 2 0 1 1507 1557 1556
3061 2 2 0 1 1507 1508 1557
3062 2 2 0 1 1508 1558 1557
3063 2 2 0 1 1508 1509 1558
3064 2 2 0 1 1509 1559 1558
3065 2 2 0 1 1509 1510 1559
3066 2 2 0 1 1510 1560 1559
3067 2 2 0 1 1510 1511 1560
3068 2 2 0 1 1511 1561 1560
3069 2 2 0 1 1511 1512 1561
3070 2 2 0 1 1512 1562 1561
3071 2 2 0 1 1512 1513 1562
3072 2 2 0 1 1513 1563 1562
3073 2 2 0 1 1513 1514 1563
3074 2 2 0 1 1514 1564 1563
3075 2 2 0 1 1514 1515 1564
3076 2 2 0 1 1515 1565 1564
3077 2 2 0 1 1515 1516 1565
3078 2 2 0 1 1516 1566 1565
3079 2 2 0 1 1516 1517 1566
3080 2 2 0 1 1517 1567 1566
3081 2 2 0 1 1517 1518 1567
3082 2 2 0 1 1518 1568 1567
3083 2 2 0 1 1518 1519 1568
3084 2 2 0 1 1519 1569 1568
3085 2 2 0 1 1519 1520 1569
3086 2 2 0 1 1520 1570 1569
3087 2 2 0 1 1520 1521 1570
3088 2 2 0 1 1521 1571 1570
3089 2 2 0 1 1521 1522 1571
3090 2 2 0 1 1522 1572 1571
3091 2 2 0 1 1522 1523 1572
3092 2 2 0 1 1523 1573 1572
3093 2 2 0 1 1523 1524 1573
3094 2 2 0 1 1524 1574 1573
3095 2 2 0 1 1524 1525 1574
3096 2 2 0 1 1525 1575 1574
3097 2 2 0 1 1525 1526 1575
3098 2 2 0 1 1526 1576 1575
3099 2 2 0 1 1526 1527 1576
3100 2 2 0 1 1527 1577 1576
3101 2 2 0 1 1527 1528 1577
3102 2 2 0 1 1528 1578 1577
3103 2 2 0 1 1528 1529 1578
3104 2 2 0 1 1529 1579 1578
3105 2 2 0 1 1529 1530 1579
3106 2 2 0 1 1530 1580 1579
3107 2 2 0 1 1530 1531 1580
3108 2 2 0 1 1531 1581 1580
3109 2 2 0 1 1531 1532 1581
3110 2 2 0 1 1532 1582 1581
3111 2 2 0 1 1532 1533 1582
3112 2 2 0 1 1533 1583 1582
3113 2 2 0 1 1533 1534 1583
3114 2 2 0 1 1534 1584 1583
3115 2 2 0 1 1534 1535 1584
3116 2 2 0 1 1535 1585 1584
3117 2 2 0 1 1535 1536 1585
3118 2 2 0 1 1536 1586 1585
3119 2 2 0 1 1536 1537 1586
3120 2 2 0 1 1537 1587 1586
3121 2 2 0 1 1537 1538 1587
3122 2 2 0 1 1538 1588 1587
3123 2 2 0 1 1538 1539 1588
3124 2 2 0 1 1539 1589 1588
3125 2 2 0 1 1539 1540 1589
3126 2 2 0 1 1540 1590 1589
3127 2 2 0 1 1540 1541 1590
3128 2 2 0 1 1541 1591 1590
3129 2 2 0 1 1541 1542 1591
3130 2 2 0 1 1542 1592 1591
3131 2 2 0 1 1542 1543 1592
3132 2 2 0 1 1543 1593 1592
3133 2 2 0 1 1543 1544 1593
3134 2 2 0 1 1544 1594 1593
3135 2 2 0 1 1544 1545 1594
3136 2 2 0 1 1545 1595 1594
3137 2 2 0 1 1545 1546 1595
3138 2 2 0 1 1546 1596 1595
3139 2 2 0 1 1546 1547 1596
3140 2 2 0 1 1547 1597 1596
3141 2 2 0 1 1547 1548 1597
3142 2 2 0 1 1548 1598 1597
3143 2 2 0 1 1548 1549 1598
3144 2 2 0 1 1549 1599 1598
3145 2 2 0 1 1549 1550 1599
3146 2 2 0 1 1550 1501 1599
3147 2 2 0 1 1501 1551 1599
3148 2 2 0 1 1551 1552 1600
3149 2 2 0 1 1552 1601 1600
3150 2 2 0 1 1552 1553 1601
3151 2 2 0 1 1553 1602 1601
3152 2 2 0 1 1553 1554 1602
3153 2 2 0 1 1554 1603 1602
3154 2 2 0 1 1554 1555 1603
3155 2 2 0 1 1555 1604 1603
3156 2 2 0 1 1555 1556 1604
3157 2 2 0 1 1556 1605 1604
3158 2 2 0 1 1556 1557 1605
3159 2 2 0 1 1557 1606 1605
3160 2 2 0 1 1557 1558 1606
3161 2 2 0 1 1558 1607 1606
3162 2 2 0 1 1558 1559 1607
3163 2 2 0 1 1559 1608 1607
3164 2 2 0 1 1559 1560 1608
3165 2 2 0 1 1560 1609 1608
3166 2 2 0 1 1560 1561 1609
3167 2 2 0 1 1561 1610 1609
3168 2 2 0 1 1561 1562 1610
3169 2 2 0 1 1562 1611 1610
3170 2 2 0 1 1562 1563 1611
3171 2 2 0 1 1563 1612 1611
3172 2 2 0 1 1563 1564 1612
3173 2 2 0 1 1564 1613 1612
3174 2 2 0 1 1564 1565 1613
3175 2 2 0 1 1565 1614 1613
3176 2 2 0 1 1565 1566 1614
3177 2 2 0 1 1566 1615 1614
3178 2 2 0 1 1566 1567 1615
3179 2 2 0 1 1567 1616 1615
3180 2 2 0 1 1567 1568 1616
3181 2 2 0 1 1568 1617 1616
3182 2 2 0 1 1568 1569 1617
3183 2 2 0 1 1569 1618 1617
3184 2 2 0 1 1569 1570 1618
3185 2 2 0 1 1570 1619 1618
3186 2 2 0 1 1570 1571 1619
3187 2 2 0 1 1571 1620 1619
3188 2 2 0 1 1571 1572 1620
3189 2 2 0 1 1572 1621 1620
3190 2 2 0 1 1572 1573 1621
3191 2 2 0 1 1573 1622 1621
3192 2 2 0 1 1573 1574 1622
3193 2 2 0 1 1574 1623 1622
3194 2 2 0 1 1574 1575 1623
3195 2 2 0 1 1575 1624 1623
3196 2 2 0 1 1575 1576 1624
3197 2 2 0 1 1576 1625 1624
3198 2 2 0 1 1576 1577 1625
3199 2 2 0 1 1577 1626 1625
3200 2 2 0 1 1577 1578 1626
3201 2 2 0 1 1578 1627 1626
3202 2 2 0 1 1578 1579 1627
3203 2 2 0 1 1579 1628 1627
3204 2 2 0 1 1579 1580 1628
3205 2 2 0 1 1580 1629 1628
3206 2 2 0 1 1580 1581 1629
3207 2 2 0 1 1581 1630 1629
3208 2 2 0 1 1581 1582 1630
3209 2 2 0 1 1582 1631 1630
3210 2 2 0 1 1582 1583 1631
3211 2 2 0 1 1583 1632 1631
3212 2 2 0 1 1583 1584 1632
3213 2 2 0 1 1584 1633 1632
3214 2 2 0 1 1584 1585 1633
3215 2 2 0 1 1585 1634 1633
3216 2 2 0 1 1585 1586 1634
3217 2 2 0 1 1586 1635 1634
3218 2 2 0 1 1586 1587 1635
3219 2 2 0 1 1587 1636 1635
3220 2 2 0 1 1587 1588 1636
3221 2 2 0 1 1588 1637 1636
3222 2 2 0 1 1588 1589 1637
3223 2 2 0 1 1589 1638 1637
3224 2 2 0 1 1589 1590 1638
3225 2 2 0 1 1590 1639 1638
3226 2 2 0 1 1590 1591 1639
3227 2 2 0 1 1591 1640 1639
3228 2 2 0 1 1591 1592 1640
3229 2 2 0 1 1592 1641 1640
3230 2 2 0 1 1592 1593 1641
3231 2 2 0 1 1593 1642 1641
3232 2 2 0 1 1593 1594 1642
3233 2 2 0 1 1594 1643 1642
3234 2 2 0 1 1594 1595 1643
3235 2 2 0 1 1595 1644 1643
3236 2 2 0 1 1595 1596 1644
3237 2 2 0 1 1596 1645 1644
3238 2 2 0 1 1596 1597 1645
3239 2 2 0 1 1597 1646 1645
3240 2 2 0 1 1597 1598 1646
3241 2 2 0 1 1598 1647 1646
3242 2 2 0 1 1598 1599 1647
3243 2 2 0 1 1599 1551 1647
3244 2 2 0 1 1551 1600 1647
3245 2 2 0 1 1600 1601 1648
3246 2 2 0 1 1601 1649 1648
3247 2 2 0 1 1601 1602 1649
3248 2 2 0 1 1602 1650 1649
3249 2 2 0 1 1602 1603 1650
3250 2 2 0 1 1603 1651 1650
3251 2 2 0 1 1603 1604 1651
3252 2 2 0 1 1604 1652 1651
3253 2 2 0 1 1604 1605 1652
3254 2 2 0 1 1605 1653 1652
3255 2 2 0 1 1605 1606 1653
3256 2 2 0 1 1606 1654 1653
3257 2 2 0 1 1606 1607 1654
3258 2 2 0 1 1607 1655 1654
3259 2 2 0 1 1607 1608 1655
3260 2 2 0 1 1608 1656 1655
3261 2 2 0 1 1608 1609 1656
3262 2 2 0 1 1609 1657 1656
3263 2 2 0 1 1609 1610 1657
3264 2 2 0 1 1610 1658 1657
3265 2 2 0 1 1610 1611 1658
3266 2 2 0 1 1611 1659 1658
3267 2 2 0 1 1611 1612 1659
3268 2 2 0 1 1612 1660 1659
3269 2 2 0 1 1612 1613 1660
3270 2 2 0 1 1613 1661 1660
3271 2 2 0 1 1613 1614 1661
3272 2 2 0 1 1614 1662 1661
3273 2 2 0 1 1614 1615 1662
3274 2 2 0 1 1615 1663 1662
3275 2 2 0 1 1615 1616 1663
3276 2 2 0 1 1616 1664 1663
3277 2 2 0 1 1616 1617 1664
3278 2 2 0 1 1617 1665 1664
3279 2 2 0 1 1617 1618 1665
3280 2 2 0 1 1618 1666 1665
3281 2 2 0 1 1618 1619 1666
3282 2 2 0 1 1619 1667 1666
3283 2 2 0 1 1619 1620 1667
3284 2 2 0 1 1620 1668 1667
3285 2 2 0 1 1620 1621 1668
3286 2 2 0 1 1621 1669 1668
3287 2 2 0 1 1621 1622 1669
3288 2 2 0 1 1622 1670 1669
3289 2 2 0 1 1622 1623 1670
3290 2 2 0 1 1623 1671 1670
3291 2 2 0 1 1623 1624 1671
3292 2 2 0 1 1624 1672 1671
3293 2 2 0 1 1624 1625 1672
3294 2 2 0 1 1625 1673 1672
3295 2 2 0 1 1625 1626 1673
3296 2 2 0 1 1626 1674 1673
3297 2 2 0 1 1626 1627 1674
3298 2 2 0 1 1627 1675 1674
3299 2 2 0 1 1627 1628 1675
3300 2 2 0 1 1628 1676 1675
3301 2 2 0 1 1628 1629 1676
3302 2 2 0 1 1629 1677 1676
3303 2 2 0 1 1629 1630 1677
3304 2 2 0 1 1630 1678 1677
3305 2 2 0 1 1630 1631 1678
3306 2 2 0 1 1631 1679 1678
3307 2 2 0 1 1631 1632 1679
3308 2 2 0 1 1632 1680 1679
3309 2 2 0 1 1632 1633 1680
3310 2 2 0 1 1633 1681 1680
3311 2 2 0 1 1633 1634 1681
3312 2 2 0 1 1634 1682 1681
3313 2 2 0 1 1634 1635 1682
3314 2 2 0 1 1635 1683 1682
3315 2 2 0 1 1635 1636 1683
3316 2 2 0 1 1636 1684 1683
3317 2 2 0 1 1636 1637 1684
3318 2 2 0 1 1637 1685 1684
3319 2 2 0 1 1637 1638 1685
3320 2 2 0 1 1638 1686 1685
3321 2 2 0 1 1638 1639 1686
3322 2 2 0 1 1639 1687 1686
3323 2 2 0 1 1639 1640 1687
3324 2 2 0 1 1640 1688 1687
3325 2 2 0 1 1640 1641 1688
3326 2 2 0 1 1641 1689 1688
3327 2 2 0 1 1641 1642 1689
3328 2 2 0 1 1642 1690 1689
3329 2 2 0 1 1642 1643 1690
3330 2 2 0 1 1643 1691 1690
3331 2 2 0 1 1643 1644 1691
3332 2 2 0 1 1644 1692 1691
3333 2 2 0 1 1644 1645 1692
3334 2 2 0 1 1645 1693 1692
3335 2 2 0 1 1645 1646 1693
3336 2 2 0 1 1646 1694 1693
3337 2 2 0 1 1646 1647 1694
3338 2 2 0 1 1647 1600 1694
3339 2 2 0 1 1600 1648 1694
3340 2 2 0 1 1648 1649 1695
3341 2 2 0 1 1649 1696 1695
3342 2 2 0 1 1649 1650 1696
3343 2 2 0 1 1650 1697 1696
3344 2 2 0 1 1650 1651 1697
3345 2 2 0 1 1651 1698 1697
3346 2 2 0 1 1651 1652 1698
3347 2 2 0 1 1652 1699 1698
3348 2 2 0 1 1652 1653 1699
3349 2 2 0 1 1653 1700 1699
3350 2 2 0 1 1653 1654 1700
3351 2 2 0 1 1654 1701 1700
3352 2 2 0 1 1654 1655 1701
3353 2 2 0 1 1655 1702 1701
3354 2 2 0 1 1655 1656 1702
3355 2 2 0 1 1656 1703 1702
3356 2 2 0 1 1656 1657 1703
3357 2 2 0 1 1657 1704 1703
3358 2 2 0 1 1657 1658 1704
3359 2 2 0 1 1658 1705 1704
3360 2 2 0 1 1658 1659 1705
3361 2 2 0 1 1659 1706 1705
3362 2 2 0 1 1659 1660 1706
3363 2 2 0 1 1660 1707 1706
3364 2 2 0 1 1660 1661 1707
3365 2 2 0 1 1661 1708 1707
3366 2 2 0 1 1661 1662 1708
3367 2 2 0 1 1662 1709 1708
3368 2 2 0 1 1662 1663 1709
3369 2 2 0 1 1663 1710 1709
3370 2 2 0 1 1663 1664 1710
3371 2 2 0 1 1664 1711 1710
3372 2 2 0 1 1664 1665 1711
3373 2 2 0 1 1665 1712 1711
3374 2 2 0 1 1665 1666 1712
3375 2 2 0 1 1666 1713 1712
3376 2 2 0 1 1666 1667 1713
3377 2 2 0 1 1667 1714 1713
3378 2 2 0 1 1667 1668 1714
3379 2 2 0 1 1668 1715 1714
3380 2 2 0 1 1668 1669 1715
3381 2 2 0 1 1669 1716 1715
3382 2 2 0 1 1669 1670 1716
3383 2 2 0 1 1670 1717 1716
3384 2 2 0 1 1670 1671 1717
3385 2 2 0 1 1671 1718 1717
3386 2 2 0 1 1671 1672 1718
3387 2 2 0 1 1672 1719 1718
3388 2 2 0 1 1672 1673 1719
3389 2 2 0 1 1673 1720 1719
3390 2 2 0 1 1673 1674 1720
3391 2 2 0 1 1674 1721 1720
3392 2 2 0 1 1674 1675 1721
3393 2 2 0 1 1675 1722 1721
3394 2 2 0 1 1675 1676 1722
3395 2 2 0 1 1676 1723 1722
3396 2 2 0 1 1676 1677 1723
3397 2 2 0 1 1677 1724 1723
3398 2 2 0 1 1677 1678 1724
3399 2 2 0 1 1678 1725 1724
3400 2 2 0 1 1678 1679 1725
3401 2 2 0 1 1679 1726 1725
3402 2 2 0 1 1679 1680 1726
3403 2 2 0 1 1680 1727 1726
3404 2 2 0 1 1680 1681 1727
3405 2 2 0 1 1681 1728 1727
3406 2 2 0 1 1681 1682 1728
3407 2 2 0 1 1682 1729 1728
3408 2 2 0 1 1682 1683 1729
3409 2 2 0 1 1683 1730 1729
3410 2 2 0 1 1683 1684 1730
3411 2 2 0 1 1684 1731 1730
3412 2 2 0 1 1684 1685 1731
3413 2 2 0 1 1685 1732 1731
3414 2 2 0 1 1685 1686 1732
3415 2 2 0 1 1686 1733 1732
3416 2 2 0 1 1686 1687 1733
3417 2 2 0 1 1687 1734 1733
3418 2 2 0 1 1687 1688 1734
3419 2 2 0 1 1688 1735 1734
3420 2 2 0 1 1688 1689 1735
3421 2 2 0 1 1689 1736 1735
3422 2 2 0 1 1689 1690 1736
3423 2 2 0 1 1690 1737 1736
3424 2 2 0 1 1690 1691 1737
3425 2 2 0 1 1691 1738 1737
3426 2 2 0 1 1691 1692 1738
3427 2 2 0 1 1692 1739 1738
3428 2 2 0 1 1692 1693 1739
3429 2 2 0 1 1693 1740 1739
3430 2 2 0 1 1693 1694 1740
3431 2 2 0 1 1694 1741 1740
3432 2 2 0 1 1694 1648 1741
3433 2 2 0 1 1648 1695 1741
3434 2 2 0 1 1695 1696 1742
3435 2 2 0 1 1696 1743 1742
3436 2 2 0 1 1696 1697 1743
3437 2 2 0 1 1697 1744 1743
3438 2 2 0 1 1697 1698 1744
3439 2 2 0 1 1698 1745 1744
3440 2 2 0 1 1698 1699 1745
3441 2 2 0 1 1699 1746 1745
3442 2 2 0 1 1699 1700 1746
3443 2 2 0 1 1700 1747 1746
3444 2 2 0 1 1700 1701 1747
3445 2 2 0 1 1701 1748 1747
3446 2 2 0 1 1701 1702 1748
3447 2 2 0 1 1702 1749 1748
3448 2 2 0 1 1702 1703 1749
3449 2 2 0 1 1703 1750 1749
3450 2 2 0 1 1703 1704 1750
3451 2 2 0 1 1704 1751 1750
3452 2 2 0 1 1704 1705 1751
3453 2 2 0 1 1705 1752 1751
3454 2 2 0 1 1705 1706 1752
3455 2 2 0 1 1706 1753 1752
3456 2 2 0 1 1706 1707 1753
3457 2 2 0 1 1707 1754 1753
3458 2 2 0 1 1707 1708 1754
3459 2 2 0 1 1708 1755 1754
3460 2 2 0 1 1708 1709 1755
3461 2 2 0 1 1709 1756 1755
3462 2 2 0 1 1709 1710 1756
3463 2 2 0 1 1710 1757 1756
3464 2 2 0 1 1710 1711 1757
3465 2 2 0 1 1711 1758 1757
3466 2 2 0 1 1711 1712 1758
3467 2 2 0 1 1712 1759 1758
3468 2 2 0 1 1712 1713 1759
3469 2 2 0 1 1713 1760 1759
3470 2 2 0 1 1713 1714 1760
3471 2 2 0 1 1714 1761 1760
3472 2 2 0 1 1714 1715 1761
3473 2 2 0 1 1715 1762 1761
3474 2 2 0 1 1715 1716 1762
3475 2 2 0 1 1716 1763 1762
3476 2 2 0 1 1716 1717 1763
3477 2 2 0 1 1717 1764 1763
3478 2 2 0 1 1717 1718 1764
3479 2 2 0 1 1718 1765 1764
3480 2 2 0 1 1718 1719 1765
3481 2 2 0 1 1719 1766 1765
3482 2 2 0 1 1719 1720 1766
3483 2 2 0 1 1720 1767 1766
3484 2 2 0 1 1720 1721 1767
3485 2 2 0 1 1721 1768 1767
3486 2 2 0 1 1721 1722 1768
3487 2 2 0 1 1722 1769 1768
3488 2 2 0 1 1722 1723 1769
3489 2 2 0 1 1723 1770 1769
3490 2 2 0 1 1723 1724 1770
3491 2 2 0 1 1724 1771 1770
3492 2 2 0 1 1724 1725 1771
3493 2 2 0 1 1725 1772 1771
3494 2 2 0 1 1725 1726 1772
3495 2 2 0 1 1726 1773 1772
3496 2 2 0 1 1726 1727 1773
3497 2 2 0 1 1727 1774 1773
3498 2 2 0 1 1727 1728 1774
3499 2 2 0 1 1728 1775 1774
3500 2 2 0 1 1728 1729 1775
3501 2 2 0 1 1729 1776 1775
3502 2 2 0 1 1729 1730 1776
3503 2 2 0 1 1730 1777 1776
3504 2 2 0 1 1730 1731 1777
3505 2 2 0 1 1731 1778 1777
3506 2 2 0 1 1731 1732 1778
3507 2 2 0 1 1732 1779 1778
3508 2 2 0 1 1732 1733 1779
3509 2 2 0 1 1733 1780 1779
3510 2 2 0 1 1733 1734 1780
3511 2 2 0 1 1734 1781 1780
3512 2 2 0 1 1734 1735 1781
3513 2 2 0 1 1735 1782 1781
3514 2 2 0 1 1735 1736 1782
3515 2 2 0 1 1736 1783 1782
3516 2 2 0 1 1736 1737 1783
3517 2 2 0 1 1737 1784 1783
3518 2 2 0 1 1737 1738 1784
3519 2 2 0 1 1738 1785 1784
3520 2 2 0 1 1738 1739 1785
3521 2 2 0 1 1739 1786 1785
3522 2 2 0 1 1739 1740 1786
3523 2 2 0 1 1740 1787 1786
3524 2 2 0 1 1740 1741 1787
3525 2 2 0 1 1741 1695 1787
3526 2 2 0 1 1695 1742 1787
3527 2 2 0 1 1742 1743 1788
3528 2 2 0 1 1743 1789 1788
3529 2 2 0 1 1743 1744 1789
3530 2 2 0 1 1744 1790 1789
3531 2 2 0 1 1744 1745 1790
3532 2 2 0 1 1745 1791 1790
3533 2 2 0 1 1745 1746 1791
3534 2 2 0 1 1746 1792 1791
3535 2 2 0 1 1746 1747 1792
3536 2 2 0 1 1747 1793 1792
3537 2 2 0 1 1747 1748 1793
3538 2 2 0 1 1748 1794 1793
3539 2 2 0 1 1748 1749 1794
3540 2 2 0 1 1749 1795 1794
3541 2 2 0 1 1749 1750 1795
3542 2 2 0 1 1750 1796 1795
3543 2 2 0 1 1750 1751 1796
3544 2 2 0 1 1751 1797 1796
3545 2 2 0 1 1751 1752 1797
3546 2 2 0 1 1752 1798 1797
3547 2 2 0 1 1752 1753 1798
3548 2 2 0 1 1753 1799 1798
3549 2 2 0 1 1753 1754 1799
3550 2 2 0 1 1754 1800 1799
3551 2 2 0 1 1754 1755 1800
3552 2 2 0 1 1755 1801 1800
3553 2 2 0 1 1755 1756 1801
3554 2 2 0 1 1756 1802 1801
3555 2 2 0 1 1756 1757 1802
3556 2 2 0 1 1757 1803 1802
3557 2 2 0 1 1757 1758 1803
3558 2 2 0 1 1758 1804 1803
3559 2 2 0 1 1758 1759 1804
3560 2 2 0 1 1759 1805 1804
3561 2 2 0 1 1759 1760 1805
3562 2 2 0 1 1760 1806 1805
3563 2 2 0 1 1760 1761 1806
3564 2 2 0 1 1761 1807 1806
3565 2 2 0 1 1761 1762 1807
3566 2 2 0 1 1762 1808 1807
3567 2 2 0 1 1762 1763 1808
3568 2 2 0 1 1763 1809 1808
3569 2 2 0 1 1763 1764 1809
3570 2 2 0 1 1764 1810 1809
3571 2 2 0 1 1764 1765 1810
3572 2 2 0 1 1765 1811 1810
3573 2 2 0 1 1765 1766 1811
3574 2 2 0 1 1766 1812 1811
3575 2 2 0 1 1766 1767 1812
3576 2 2 0 1 1767 1813 1812
3577 2 2 0 1 1767 1768 1813
3578 2 2 0 1 1768 1814 1813
3579 2 2 0 1 1768 1769 1814
3580 2 2 0 1 1769 1815 1814
3581 2 2 0 1 1769 1770 1815
3582 2 2 0 1 1770 1816 1815
3583 2 2 0 1 1770 1771 1816
3584 2 2 0 1 1771 1817 1816
3585 2 2 0 1 1771 1772 1817
3586 2 2 0 1 1772 1818 1817
3587 2 2 0 1 1772 1773 1818
3588 2 2 0 1 1773 1819 1818
3589 2 2 0 1 1773 1774 1819
3590 2 2 0 1 1774 1820 1819
3591 2 2 0 1 1774 1775 1820
3592 2 2 0 1 1775 1821 1820
3593 2 2 0 1 1775 1776 1821
3594 2 2 0 1 1776 1822 1821
3595 2 2 0 1 1776 1777 1822
3596 2 2 0 1 1777 1823 1822
3597 2 2 0 1 1777 1778 1823
3598 2 2 0 1 1778 1824 1823
3599 2 2 0 1 1778 1779 1824
3600 2 2 0 1 1779 1825 1824
3601 2 2 0 1 1779 1780 1825
3602 2 2 0 1 1780 1826 1825
3603 2 2 0 1 1780 1781 1826
3604 2 2 0 1 1781 1827 1826
3605 2 2 0 1 1781 1782 1827
3606 2 2 0 1 1782 1828 1827
3607 2 2 0 1 1782 1783 1828
3608 2 2 0 1 1783 1829 1828
3609 2 2 0 1 1783 1784 1829
3610 2 2 0 1 1784 1830 1829
3611 2 2 0 1 1784 1785 1830
3612 2 2 0 1 1785 1831 1830
3613 2 2 0 1 1785 1786 1831
3614 2 2 0 1 1786 1832 1831
3615 2 2 0 1 1786 1787 1832
3616 2 2 0 1 1787 1742 1832
3617 2 2 0 1 1742 1788 1832
3618 2 2 0 1 1788 1789 1833
3619 2 2 0 1 1789 1834 1833
3620 2 2 0 1 1789 1790 1834
3621 2 2 0 1 1790 1835 1834
3622 2 2 0 1 1790 1791 1835
3623 2 2 0 1 1791 1836 1835
3624 2 2 0 1 1791 1792 1836
3625 2 2 0 1 1792 1837 1836
3626 2 2 0 1 1792 1793 1837
3627 2 2 0 1 1793 1838 1837
3628 2 2 0 1 1793 1794 1838
3629 2 2 0 1 1794 1839 1838
3630 2 2 0 1 1794 1795 1839
3631 2 2 0 1 1795 1840 1839
3632 2 2 0 1 1795 1796 1840
3633 2 2 0 1 1796 1841 1840
3634 2 2 0 1 1796 1797 1841
3635 2 2 0 1 1797 1842 1841
3636 2 2 0 1 1797 1798 1842
3637 2 2 0 1 1798 1843 1842
3638 2 2 0 1 1798 1799 1843
3639 2 2 0 1 1799 1844 1843
3640 2 2 0 1 1799 1800 1844
3641 2 2 0 1 1800 1845 1844
3642 2 2 0 1 1800 1801 1845
3643 2 2 0 1 1801 1846 1845
3644 2 2 0 1 1801 1802 1846
3645 2 2 0 1 1802 1847 1846
3646 2 2 0 1 1802 1803 1847
3647 2 2 0 1 1803 1848 1847
3648 2 2 0 1 1803 1804 1848
3649 2 2 0 1 1804 1849 1848
3650 2 2 0 1 1804 1805 1849
3651 2 2 0 1 1805 1850 1849
3652 2 2 0 1 1805 1806 1850
3653 2 2 0 1 1806 1851 1850
3654 2 2 0 1 1806 1807 1851
3655 2 2 0 1 1807 1852 1851
3656 2 2 0 1 1807 1808 1852
3657 2 2 0 1 1808 1853 1852
3658 2 2 0 1 1808 1809 1853
3659 2 2 0 1 1809 1854 1853
3660 2 2 0 1 1809 1810 1854
3661 2 2 0 1 1810 1811 1854
3662 2 2 0 1 1811 1855 1854
3663 2 2 0 1 1811 1812 1855
3664 2 2 0 1 1812 1856 1855
3665 2 2 0 1 1812 1813 1856
3666 2 2 0 1 1813 1857 1856
3667 2 2 0 1 1813 1814 1857
3668 2 2 0 1 1814 1858 1857
3669 2 2 0 1 1814 1815 1858
3670 2 2 0 1 1815 1859 1858
3671 2 2 0 1 1815 1816 1859
3672 2 2 0 1 1816 1860 1859
3673 2 2 0 1 1816 1817 1860
3674 2 2 0 1 1817 1861 1860
3675 2 2 0 1 1817 1818 1861
3676 2 2 0 1 1818 1862 1861
3677 2 2 0 1 1818 1819 1862
3678 2 2 0 1 1819 1863 1862
3679 2 2 0 1 1819 1820 1863
3680 2 2 0 1 1820 1864 1863
3681 2 2 0 1 1820 1821 1864
3682 2 2 0 1 1821 1865 1864
3683 2 2 0 1 1821 1822 1865
3684 2 2 0 1 1822 1866 1865
3685 2 2 0 1 1822 1823 1866
3686 2 2 0 1 1823 1867 1866
3687 2 2 0 1 1823 1824 1867
3688 2 2 0 1 1824 1868 1867
3689 2 2 0 1 1824 1825 1868
3690 2 2 0 1 1825 1869 1868
3691 2 2 0 1 1825 1826 1869
3692 2 2 0 1 1826 1870 1869
3693 2 2 0 1 1826 1827 1870
3694 2 2 0 1 1827 1871 1870
3695 2 2 0 1 1827 1828 1871
3696 2 2 0 1 1828 1872 1871
3697 2 2 0 1 1828 1829 1872
3698 2 2 0 1 1829 1873 1872
3699 2 2 0 1 1829 1830 1873
3700 2 2 0 1 1830 1874 1873
3701 2 2 0 1 1830 1831 1874
3702 2 2 0 1 1831 1875 1874
3703 2 2 0 1 1831 1832 1875
3704 2 2 0 1 1832 1788 1875
3705 2 2 0 1 1788 1833 1875
3706 2 2 0 1 1833 1834 1876
3707 2 2 0 1 1834 1877 1876
3708 2 2 0 1 1834 1835 1877
3709 2 2 0 1 1835 1878 1877
3710 2 2 0 1 1835 1836 1878
3711 2 2 0 1 1836 1879 1878
3712 2 2 0 1 1836 1837 1879
3713 2 2 0 1 1837 1880 1879
3714 2 2 0 1 1837 1838 1880
3715 2 2 0 1 1838 1881 1880
3716 2 2 0 1 1838 1839 1881
3717 2 2 0 1 1839 1882 1881
3718 2 2 0 1 1839 1840 1882
3719 2 2 0 1 1840 1883 1882
3720 2 2 0 1 1840 1841 1883
3721 2 2 0 1 1841 1884 1883
3722 2 2 0 1 1841 1842 1884
3723 2 2 0 1 1842 1885 1884
3724 2 2 0 1 1842 1843 1885
3725 2 2 0 1 1843 1886 1885
3726 2 2 0 1 1843 1844 1886
3727 2 2 0 1 1844 1887 1886
3728 2 2 0 1 1844 1845 1887
3729 2 2 0 1 1845 1888 1887
3730 2 2 0 1 1845 1846 1888
3731 2 2 0 1 1846 1889 1888
3732 2 2 0 1 1846 1847 1889
3733 2 2 0 1 1847 1890 1889
3734 2 2 0 1 1847 1848 1890
3735 2 2 0 1 1848 1891 1890
3736 2 2 0 1 1848 1849 1891
3737 2 2 0 1 1849 1892 1891
3738 2 2 0 1 1849 1850 1892
3739 2 2 0 1 1850 1893 1892
3740 2 2 0 1 1850 1851 1893
3741 2 2 0 1 1851 1894 1893
3742 2 2 0 1 1851 1852 1894
3743 2 2 0 1 1852 1895 1894
3744 2 2 0 1 1852 1853 1895
3745 2 2 0 1 1853 1896 1895
3746 2 2 0 1 1853 1854 1896
3747 2 2 0 1 1854 1897 1896
3748 2 2 0 1 1854 1855 1897
3749 2 2 0 1 1855 1898 1897
3750 2 2 0 1 1855 1856 1898
3751 2 2 0 1 1856 1899 1898
3752 2 2 0 1 1856 1857 1899
3753 2 2 0 1 1857 1900 1899
3754 2 2 0 1 1857 1858 1900
3755 2 2 0 1 1858 1901 1900
3756 2 2 0 1 1858 1859 1901
3757 2 2 0 1 1859 1902 1901
3758 2 2 0 1 1859 1860 1902
3759 2 2 0 1 1860 1903 1902
3760 2 2 0 1 1860 1861 1903
3761 2 2 0 1 1861 1904 1903
3762 2 2 0 1 1861 1862 1904
3763 2 2 0 1 1862 1905 1904
3764 2 2 0 1 1862 1863 1905
3765 2 2 0 1 1863 1906 1905
3766 2 2 0 1 1863 1864 1906
3767 2 2 0 1 1864 1907 1906
3768 2 2 0 1 1864 1865 1907
3769 2 2 0 1 1865 1908 1907
3770 2 2 0 1 1865 1866 1908
3771 2 2 0 1 1866 1909 1908
3772 2 2 0 1 1866 1867 1909
3773 2 2 0 1 1867 1910 1909
3774 2 2 0 1 1867 1868 1910
3775 2 2 0 1 1868 1911 1910
3776 2 2 0 1 1868 1869 1911
3777 2 2 0 1 1869 1912 1911
3778 2 2 0 1 1869 1870 1912
3779 2 2 0 1 1870 1913 1912
3780 2 2 0 1 1870 1871 1913
3781 2 2 0 1 1871 1914 1913
3782 2 2 0 1 1871 1872 1914
3783 2 2 0 1 1872 1915 1914
3784 2 2 0 1 1872 1873 1915
3785 2 2 0 1 1873 1916 1915
3786 2 2 0 1 1873 1874 1916
3787 2 2 0 1 1874 1917 1916
3788 2 2 0 1 1874 1875 1917
3789 2 2 0 1 1875 1833 1917
3790 2 2 0 1 1833 1876 1917
3791 2 2 0 1 1876 1877 1918
3792 2 2 0 1 1877 1919 1918
3793 2 2 0 1 1877 1878 1919
3794 2 2 0 1 1878 1920 1919
3795 2 2 0 1 1878 1879 1920
3796 2 2 0 1 1879 1921 1920
3797 2 2 0 1 1879 1880 1921
3798 2 2 0 1 1880 1922 1921
3799 2 2 0 1 1880 1881 1922
3800 2 2 0 1 1881 1923 1922
3801 2 2 0 1 1881 1882 1923
3802 2 2 0 1 1882 1924 1923
3803 2 2 0 1 1882 1883 1924
3804 2 2 0 1 1883 1925 1924
3805 2 2 0 1 1883 1884 1925
3806 2 2 0 1 1884 1926 1925
3807 2 2 0 1 1884 1885 1926
3808 2 2 0 1 1885 1927 1926
3809 2 2 0 1 1885 1886 1927
3810 2 2 0 1 1886 1928 1927
3811 2 2 0 1 1886 1887 1928
3812 2 2 0 1 1887 1929 1928
3813 2 2 0 1 1887 1888 1929
3814 2 2 0 1 1888 1930 1929
3815 2 2 0 1 1888 1889 1930
3816 2 2 0 1 1889 1931 1930
3817 2 2 0 1 1889 1890 1931
3818 2 2 0 1 1890 1932 1931
3819 2 2 0 1 1890 1891 1932
3820 2 2 0 1 1891 1933 1932
3821 2 2 0 1 1891 1892 1933
3822 2 2 0 1 1892 1934 1933
3823 2 2 0 1 1892 1893 1934
3824 2 2 0 1 1893 1935 1934
3825 2 2 0 1 1893 1894 1935
3826 2 2 0 1 1894 1936 1935
3827 2 2 0 1 1894 1895 1936
3828 2 2 0 1 1895 1937 1936
3829 2 2 0 1 1895 1896 1937
3830 2 2 0 1 1896 1938 1937
3831 2 2 0 1 1896 1897 1938
3832 2 2 0 1 1897 1939 1938
3833 2 2 0 1 1897 1898 1939
3834 2 2 0 1 1898 1940 1939
3835 2 2 0 1 1898 1899 1940
3836 2 2 0 1 1899 1941 1940
3837 2 2 0 1 1899 1900 1941
3838 2 2 0 1 1900 1942 1941
3839 2 2 0 1 1900 1901 1942
3840 2 2 0 1 1901 1943 1942
3841 2 2 0 1 1901 1902 1943
3842 2 2 0 1 1902 1944 1943
3843 2 2 0 1 1902 1903 1944
3844 2 2 0 1 1903 1945 1944
3845 2 2 0 1 1903 1904 1945
3846 2 2 0 1 1904 1946 1945
3847 2 2 0 1 1904 1905 1946
3848 2 2 0 1 1905 1947 1946
3849 2 2 0 1 1905 1906 1947
3850 2 2 0 1 1906 1948 1947
3851 2 2 0 1 1906 1907 1948
3852 2 2 0 1 1907 1949 1948
3853 2 2 0 1 1907 1908 1949
3854 2 2 0 1 1908 1950 1949
3855 2 2 0 1 1908 1909 1950
3856 2 2 0 1 1909 1951 1950
3857 2 2 0 1 1909 1910 1951
3858 2 2 0 1 1910 1952 1951
3859 2 2 0 1 1910 1911 1952
3860 2 2 0 1 1911 1953 1952
3861 2 2 0 1 1911 1912 1953
3862 2 2 0 1 1912 1954 1953
3863 2 2 0 1 1912 1913 1954
3864 2 2 0 1 1913 1955 1954
3865 2 2 0 1 1913 1914 1955
3866 2 2 0 1 1914 1956 1955
3867 2 2 0 1 1914 1915 1956
3868 2 2 0 1 1915 1957 1956
3869 2 2 0 1 1915 1916 1957
3870 2 2 0 1 1916 1958 1957
3871 2 2 0 1 1916 1917 1958
3872 2 2 0 1 1917 1876 1958
3873 2 2 0 1 1876 1918 1958
3874 2 2 0 1 1918 1919 1959
3875 2 2 0 1 1919 1960 1959
3876 2 2 0 1 1919 1920 1960
3877 2 2 0 1 1920 1961 1960
3878 2 2 0 1 1920 1921 1961
3879 2 2 0 1 1921 1962 1961
3880 2 2 0 1 1921 1922 1962
3881 2 2 0 1 1922 1963 1962
3882 2 2 0 1 1922 1923 1963
3883 2 2 0 1 1923 1964 1963
3884 2 2 0 1 1923 1924 1964
3885 2 2 0 1 1924 1965 1964
3886 2 2 0 1 1924 1925 1965
3887 2 2 0 1 1925 1966 1965
3888 2 2 0 1 1925 1926 1966
3889 2 2 0 1 1926 1967 1966
3890 2 2 0 1 1926 1927 1967
3891 2 2 0 1 1927 1968 1967
3892 2 2 0 1 1927 1928 1968
3893 2 2 0 1 1928 1969 1968
3894 2 2 0 1 1928 1929 1969
3895 2 2 0 1 1929 1970 1969
3896 2 2 0 1 1929 1930 1970
3897 2 2 0 1 1930 1971 1970
3898 2 2 0 1 1930 1931 1971
3899 2 2 0 1 1931 1972 1971
3900 2 2 0 1 1931 1932 1972
3901 2 2 0 1 1932 1973 1972
3902 2 2 0 1 1932 1933 1973
3903 2 2 0 1 1933 1974 1973
3904 2 2 0 1 1933 1934 1974
3905 2 2 0 1 1934 1975 1974
3906 2 2 0 1 1934 1935 1975
3907 2 2 0 1 1935 1976 1975
3908 2 2 0 1 1935 1936 1976
3909 2 2 0 1 1936 1977 1976
3910 2 2 0 1 1936 1937 1977
3911 2 2 0 1 1937 1978 1977
3912 2 2 0 1 1937 1938 1978
3913 2 2 0 1 1938 1979 1978
3914 2 2 0 1 1938 1939 1979
3915 2 2 0 1 1939 1980 1979
3916 2 2 0 1 1939 1940 1980
3917 2 2 0 1 1940 1981 1980
3918 2 2 0 1 1940 1941 1981
3919 2 2 0 1 1941 1982 1981
3920 2 2 0 1 1941 1942 1982
3921 2 2 0 1 1942 1983 1982
3922 2 2 0 1 1942 1943 1983
3923 2 2 0 1 1943 1984 1983
3924 2 2 0 1 1943 1944 1984
3925 2 2 0 1 1944 1985 1984
3926 2 2 0 1 1944 1945 1985
3927 2 2 0 1 1945 1986 1985
3928 2 2 0 1 1945 1946 1986
3929 2 2 0 1 1946 1987 1986
3930 2 2 0 1 1946 1947 1987
3931 2 2 0 1 1947 1988 1987
3932 2 2 0 1 1947 1948 1988
3933 2 2 0 1 1948 1989 1988
3934 2 2 0 1 1948 1949 1989
3935 2 2 0 1 1949 1990 1989
3936 2 2 0 1 1949 1950 1990
3937 2 2 0 1 1950 1991 1990
3938 2 2 0 1 1950 1951 1991
3939 2 2 0 1 1951 1992 1991
3940 2 2 0 1 1951 1952 1992
3941 2 2 0 1 1952 1993 1992
3942 2 2 0 1 1952 1953 1993
3943 2 2 0 1 1953 1994 1993
3944 2 2 0 1 1953 1954 1994
3945 2 2 0 1 1954 1995 1994
3946 2 2 0 1 1954 1955 1995
3947 2 2 0 1 1955 1996 1995
3948 2 2 0 1 1955 1956 1996
3949 2 2 0 1 1956 1997 1996
3950 2 2 0 1 1956 1957 1997
3951 2 2 0 1 1957 1998 1997
3952 2 2 0 1 1957 1958 1998
3953 2 2 0 1 1958 1918 1998
3954 2 2 0 1 1918 1959 1998
3955 2 2 0 1 1959 1960 1999
3956 2 2 0 1 1960 2000 1999
3957 2 2 0 1 1960 1961 2000
3958 2 2 0 1 1961 2001 2000
3959 2 2 0 1 1961 1962 2001
3960 2 2 0 1 1962 2002 2001
3961 2 2 0 1 1962 1963 2002
3962 2 2 0 1 1963 2003 2002
3963 2 2 0 1 1963 1964 2003
3964 2 2 0 1 1964 2004 2003
3965 2 2 0 1 1964 1965 2004
3966 2 2 0 1 1965 2005 2004
3967 2 2 0 1 1965 1966 2005
3968 2 2 0 1 1966 2006 2005
3969 2 2 0 1 1966 1967 2006
3970 2 2 0 1 1967 2007 2006
3971 2 2 0 1 1967 1968 2007
3972 2 2 0 1 1968 2008 2007
3973 2 2 0 1 1968 1969 2008
3974 2 2 0 1 1969 2009 2008
3975 2 2 0 1 1969 1970 2009
3976 2 2 0 1 1970 2010 2009
3977 2 2 0 1 1970 1971 2010
3978 2 2 0 1 1971 2011 2010
3979 2 2 0 1 1971 1972 2011
3980 2 2 0 1 1972 2012 2011
3981 2 2 0 1 1972 1973 2012
3982 2 2 0 1 1973 2013 2012
3983 2 2 0 1 1973 1974 2013
3984 2 2 0 1 1974 2014 2013
3985 2 2 0 1 1974 1975 2014
3986 2 2 0 1 1975 2015 2014
3987 2 2 0 1 1975 1976 2015
3988 2 2 0 1 1976 2016 2015
3989 2 2 0 1 1976 1977 2016
3990 2 2 0 1 1977 2017 2016
3991 2 2 0 1 1977 1978 2017
3992 2 2 0 1 1978 1979 2017
3993 2 2 0 1 1979 2018 2017
3994 2 2 0 1 1979 1980 2018
3995 2 2 0 1 1980 2019 2018
3996 2 2 0 1 1980 1981 2019
3997 2 2 0 1 1981 2020 2019
3998 2 2 0 1 1981 1982 2020
3999 2 2 0 1 1982 2021 2020
4000 2 2 0 1 1982 1983 2021
4001 2 2 0 1 1983 2022 2021
4002 2 2 0 1 1983 1984 2022
4003 2 2 0 1 1984 2023 2022
4004 2 2 0 1 1984 1985 2023
4005 2 2 0 1 1985 2024 2023
4006 2 2 0 1 1985 1986 2024
4007 2 2 0 1 1986 2025 2024
4008 2 2 0 1 1986 1987 2025
4009 2 2 0 1 1987 2026 2025
4010 2 2 0 1 1987 1988 2026
4011 2 2 0 1 1988 2027 2026
4012 2 2 0 1 1988 1989 2027
4013 2 2 0 1 1989 2028 2027
4014 2 2 0 1 1989 1990 2028
4015 2 2 0 1 1990 2029 2028
4016 2 2 0 1 1990 1991 2029
4017 2 2 0 1 1991 2030 2029
4018 2 2 0 1 1991 1992 2030
4019 2 2 0 1 1992 2031 2030
4020 2 2 0 1 1992 1993 2031
4021 2 2 0 1 1993 2032 2031
4022 2 2 0 1 1993 1994 2032
4023 2 2 0 1 1994 2033 2032
4024 2 2 0 1 1994 1995 2033
4025 2 2 0 1 1995 2034 2033
4026 2 2 0 1 1995 1996 2034
4027 2 2 0 1 1996 2035 2034
4028 2 2 0 1 1996 1997 2035
4029 2 2 0 1 1997 2036 2035
4030 2 2 0 1 1997 1998 2036
4031 2 2 0 1 1998 1959 2036
4032 2 2 0 1 1959 1999 2036
4033 2 2 0 1 1999 2000 2037
4034 2 2 0 1 2000 2038 2037
4035 2 2 0 1 2000 2001 2038
4036 2 2 0 1 2001 2039 2038
4037 2 2 0 1 2001 2002 2039
4038 2 2 0 1 2002 2040 2039
4039 2 2 0 1 2002 2003 2040
4040 2 2 0 1 2003 2041 2040
4041 2 2 0 1 2003 2004 2041
4042 2 2 0 1 2004 2042 2041
4043 2 2 0 1 2004 2005 2042
4044 2 2 0 1 2005 2043 2042
4045 2 2 0 1 2005 2006 2043
4046 2 2 0 1 2006 2044 2043
4047 2 2 0 1 2006 2007 2044
4048 2 2 0 1 2007 2045 2044
4049 2 2 0 1 2007 2008 2045
4050 2 2 0 1 2008 2046 2045
4051 2 2 0 1 2008 2009 2046
4052 2 2 0 1 2009 2047 2046
4053 2 2 0 1 2009 2010 2047
4054 2 2 0 1 2010 2048 2047
4055 2 2 0 1 2010 2011 2048
4056 2 2 0 1 2011 2049 2048
4057 2 2 0 1 2011 2012 2049
4058 2 2 0 1 2012 2050 2049
4059 2 2 0 1 2012 2013 2050
4060 2 2 0 1 2013 2051 2050
4061 2 2 0 1 2013 2014 2051
4062 2 2 0 1 2014 2052 2051
4063 2 2 0 1 2014 2015 2052
4064 2 2 0 1 2015 2053 2052
4065 2 2 0 1 2015 2016 2053
4066 2 2 0 1 2016 2054 2053
4067 2 2 0 1 2016 2017 2054
4068 2 2 0 1 2017 2055 2054
4069 2 2 0 1 2017 2018 2055
4070 2 2 0 1 2018 2056 2055
4071 2 2 0 1 2018 2019 2056
4072 2 2 0 1 2019 2057 2056
4073 2 2 0 1 2019 2020 2057
4074 2 2 0 1 2020 2058 2057
4075 2 2 0 1 2020 2021 2058
4076 2 2 0 1 2021 2059 2058
4077 2 2 0 1 2021 2022 2059
4078 2 2 0 1 2022 2060 2059
4079 2 2 0 1 2022 2023 2060
4080 2 2 0 1 2023 2061 2060
4081 2 2 0 1 2023 2024 2061
4082 2 2 0 1 2024 2062 2061
4083 2 2 0 1 2024 2025 2062
4084 2 2 0 1 2025 2063 2062
4085 2 2 0 1 2025 2026 2063
4086 2 2 0 1 2026 2064 2063
4087 2 2 0 1 2026 2027 2064
4088 2 2 0 1 2027 2065 2064
4089 2 2 0 1 2027 2028 2065
4090 2 2 0 1 2028 2066 2065
4091 2 2 0 1 2028 2029 2066
4092 2 2 0 1 2029 2067 2066
4093 2 2 0 1 2029 2030 2067
4094 2 2 0 1 2030 2068 2067
4095 2 2 0 1 2030 2031 2068
4096 2 2 0 1 2031 2069 2068
4097 2 2 0 1 2031 2032 2069
4098 2 2 0 1 2032 2070 2069
4099 2 2 0 1 2032 2033 2070
4100 2 2 0 1 2033 2071 2070
4101 2 2 0 1 2033 2034 2071
4102 2 2 0 1 2034 2072 2071
4103 2 2 0 1 2034 2035 2072
4104 2 2 0 1 2035 2073 2072
4105 2 2 0 1 2035 2036 2073
4106 2 2 0 1 2036 1999 2073
4107 2 2 0 1 1999 2037 2073
4108 2 2 0 1 2037 2038 2074
4109 2 2 0 1 2038 2075 2074
4110 2 2 0 1 2038 2039 2075
4111 2 2 0 1 2039 2076 2075
4112 2 2 0 1 2039 2040 2076
4113 2 2 0 1 2040 2077 2076
4114 2 2 0 1 2040 2041 2077
4115 2 2 0 1 2041 2078 2077
4116 2 2 0 1 2041 2042 2078
4117 2 2 0 1 2042 2079 2078
4118 2 2 0 1 2042 2043 2079
4119 2 2 0 1 2043 2080 2079
4120 2 2 0 1 2043 2044 2080
4121 2 2 0 1 2044 2081 2080
4122 2 2 0 1 2044 2045 2081
4123 2 2 0 1 2045 2082 2081
4124 2 2 0 1 2045 2046 2082
4125 2 2 0 1 2046 2083 2082
4126 2 2 0 1 2046 2047 2083
4127 2 2 0 1 2047 2084 2083
4128 2 2 0 1 2047 2048 2084
4129 2 2 0 1 2048 2085 2084
4130 2 2 0 1 2048 2049 2085
4131 2 2 0 1 2049 2086 2085
4132 2 2 0 1 2049 2050 2086
4133 2 2 0 1 2050 2087 2086
4134 2 2 0 1 2050 2051 2087
4135 2 2 0 1 2051 2088 2087
4136 2 2 0 1 2051 2052 2088
4137 2 2 0 1 2052 2089 2088
4138 2 2 0 1 2052 2053 2089
4139 2 2 0 1 2053 2090 2089
4140 2 2 0 1 2053 2054 2090
4141 2 2 0 1 2054 2091 2090
4142 2 2 0 1 2054 2055 2091
4143 2 2 0 1 2055 2056 2091
4144 2 2 0 1 2056 2092 2091
4145 2 2 0 1 2056 2057 2092
4146 2 2 0 1 2057 2093 2092
4147 2 2 0 1 2057 2058 2093
4148 2 2 0 1 2058 2094 2093
4149 2 2 0 1 2058 2059 2094
4150 2 2 0 1 2059 2095 2094
4151 2 2 0 1 2059 2060 2095
4152 2 2 0 1 2060 2096 2095
4153 2 2 0 1 2060 2061 2096
4154 2 2 0 1 2061 2097 2096
4155 2 2 0 1 2061 2062 2097
4156 2 2 0 1 2062 2098 2097
4157 2 2 0 1 2062 2063 2098
4158 2 2 0 1 2063 2099 2098
4159 2 2 0 1 2063 2064 2099
4160 2 2 0 1 2064 2100 2099
4161 2 2 0 1 2064 2065 2100
4162 2 2 0 1 2065 2101 2100
4163 2 2 0 1 2065 2066 2101
4164 2 2 0 1 2066 2102 2101
4165 2 2 0 1 2066 2067 2102
4166 2 2 0 1 2067 2103 2102
4167 2 2 0 1 2067 2068 2103
4168 2 2 0 1 2068 2104 2103
4169 2 2 0 1 2068 2069 2104
4170 2 2 0 1 2069 2105 2104
4171 2 2 0 1 2069 2070 2105
4172 2 2 0 1 2070 2106 2105
4173 2 2 0 1 2070 2071 2106
4174 2 2 0 1 2071 2107 2106
4175 2 2 0 1 2071 2072 2107
4176 2 2 0 1 2072 2108 2107
4177 2 2 0 1 2072 2073 2108
4178 2 2 0 1 2073 2037 2108
4179 2 2 0 1 2037 2074 2108
4180 2 2 0 1 2074 2075 2109
4181 2 2 0 1 2075 2110 2109
4182 2 2 0 1 2075 2076 2110
4183 2 2 0 1 2076 2111 2110
4184 2 2 0 1 2076 2077 2111
4185 2 2 0 1 2077 2112 2111
4186 2 2 0 1 2077 2078 2112
4187 2 2 0 1 2078 2113 2112
4188 2 2 0 1 2078 2079 2113
4189 2 2 0 1 2079 2114 2113
4190 2 2 0 1 2079 2080 2114
4191 2 2 0 1 2080 2115 2114
4192 2 2 0 1 2080 2081 2115
4193 2 2 0 1 2081 2116 2115
4194 2 2 0 1 2081 2082 2116
4195 2 2 0 1 2082 2117 2116
4196 2 2 0 1 2082 2083 2117
4197 2 2 0 1 2083 2118 2117
4198 2 2 0 1 2083 2084 2118
4199 2 2 0 1 2084 2119 2118
4200 2 2 0 1 2084 2085 2119
4201 2 2 0 1 2085 2120 2119
4202 2 2 0 1 2085 2086 2120
4203 2 2 0 1 2086 2121 2120
4204 2 2 0 1 2086 2087 2121
4205 2 2 0 1 2087 2122 2121
4206 2 2 0 1 2087 2088 2122
4207 2 2 0 1 2088 2123 2122
4208 2 2 0 1 2088 2089 2123
4209 2 2 0 1 2089 2124 2123
4210 2 2 0 1 2089 2090 2124
4211 2 2 0 1 2090 2125 2124
4212 2 2 0 1 2090 2091 2125
4213 2 2 0 1 2091 2126 2125
4214 2 2 0 1 2091 2092 2126
4215 2 2 0 1 2092 2127 2126
4216 2 2 0 1 2092 2093 2127
4217 2 2 0 1 2093 2128 2127
4218 2 2 0 1 2093 2094 2128
4219 2 2 0 1 2094 2129 2128
4220 2 2 0 1 2094 2095 2129
4221 2 2 0 1 2095 2130 2129
4222 2 2 0 1 2095 2096 2130
4223 2 2 0 1 2096 2131 2130
4224 2 2 0 1 2096 2097 2131
4225 2 2 0 1 2097 2132 2131
4226 2 2 0 1 2097 2098 2132
4227 2 2 0 1 2098 2133 2132
4228 2 2 0 1 2098 2099 2133
4229 2 2 0 1 2099 2134 2133
4230 2 2 0 1 2099 2100 2134
4231 2 2 0 1 2100 2135 2134
4232 2 2 0 1 2100 2101 2135
4233 2 2 0 1 2101 2136 2135
4234 2 2 0 1 2101 2102 2136
4235 2 2 0 1 2102 2137 2136
4236 2 2 0 1 2102 2103 2137
4237 2 2 0 1 2103 2138 2137
4238 2 2 0 1 2103 2104 2138
4239 2 2 0 1 2104 2139 2138
4240 2 2 0 1 2104 2105 2139
4241 2 2 0 1 2105 2140 2139
4242 2 2 0 1 2105 2106 2140
4243 2 2 0 1 2106 2141 2140
4244 2 2 0 1 2106 2107 2141
4245 2 2 0 1 2107 2142 2141
4246 2 2 0 1 2107 2108 2142
4247 2 2 0 1 2108 2074 2142
4248 2 2 0 1 2074 2109 2142
4249 2 2 0 1 2109 2110 2143
4250 2 2 0 1 2110 2144 2143
4251 2 2 0 1 2110 2111 2144
4252 2 2 0 1 2111 2145 2144
4253 2 2 0 1 2111 2112 2145
4254 2 2 0 1 2112 2146 2145
4255 2 2 0 1 2112 2113 2146
4256 2 2 0 1 2113 2147 2146
4257 2 2 0 1 2113 2114 2147
4258 2 2 0 1 2114 2148 2147
4259 2 2 0 1 2114 2115 2148
4260 2 2 0 1 2115 2149 2148
4261 2 2 0 1 2115 2116 2149
4262 2 2 0 1 2116 2150 2149
4263 2 2 0 1 2116 2117 2150
4264 2 2 0 1 2117 2151 2150
4265 2 2 0 1 2117 2118 2151
4266 2 2 0 1 2118 2152 2151
4267 2 2 0 1 2118 2119 2152
4268 2 2 0 1 2119 2153 2152
4269 2 2 0 1 2119 2120 2153
4270 2 2 0 1 2120 2154 2153
4271 2 2 0 1 2120 2121 2154
4272 2 2 0 1 2121 2155 2154
4273 2 2 0 1 2121 2122 2155
4274 2 2 0 1 2122 2156 2155
4275 2 2 0 1 2122 2123 2156
4276 2 2 0 1 2123 2157 2156
4277 2 2 0 1 2123 2124 2157
4278 2 2 0 1 2124 2158 2157
4279 2 2 0 1 2124 2125 2158
4280 2 2 0 1 2125 2126 2158
4281 2 2 0 1 2126 2159 2158
4282 2 2 0 1 2126 2127 2159
4283 2 2 0 1 2127 2160 2159
4284 2 2 0 1 2127 2128 2160
4285 2 2 0 1 2128 2161 2160
4286 2 2 0 1 2128 2129 2161
4287 2 2 0 1 2129 2162 2161
4288 2 2 0 1 2129 2130 2162
4289 2 2 0 1 2130 2163 2162
4290 2 2 0 1 2130 2131 2163
4291 2 2 0 1 2131 2164 2163
4292 2 2 0 1 2131 2132 2164
4293 2 2 0 1 2132 2165 2164
4294 2 2 0 1 2132 2133 2165
4295 2 2 0 1 2133 2166 2165
4296 2 2 0 1 2133 2134 2166
4297 2 2 0 1 2134 2167 2166
4298 2 2 0 1 2134 2135 2167
4299 2 2 0 1 2135 2168 2167
4300 2 2 0 1 2135 2136 2168
4301 2 2 0 1 2136 2169 2168
4302 2 2 0 1 2136 2137 2169
4303 2 2 0 1 2137 2170 2169
4304 2 2 0 1 2137 2138 2170
4305 2 2 0 1 2138 2171 2170
4306 2 2 0 1 2138 2139 2171
4307 2 2 0 1 2139 2172 2171
4308 2 2 0 1 2139 2140 2172
4309 2 2 0 1 2140 2173 2172
4310 2 2 0 1 2140 2141 2173
4311 2 2 0 1 2141 2174 2173
4312 2 2 0 1 2141 2142 2174
4313 2 2 0 1 2142 2109 2174
4314 2 2 0 1 2109 2143 2174
4315 2 2 0 1 2143 2144 2175
4316 2 2 0 1 2144 2176 2175
4317 2 2 0 1 2144 2145 2176
4318 2 2 0 1 2145 2177 2176
4319 2 2 0 1 2145 2146 2177
4320 2 2 0 1 2146 2178 2177
4321 2 2 0 1 2146 2147 2178
4322 2 2 0 1 2147 2179 2178
4323 2 2 0 1 2147 2148 2179
4324 2 2 0 1 2148 2180 2179
4325 2 2 0 1 2148 2149 2180
4326 2 2 0 1 2149 2181 2180
4327 2 2 0 1 2149 2150 2181
4328 2 2 0 1 2150 2182 2181
4329 2 2 0 1 2150 2151 2182
4330 2 2 0 1 2151 2183 2182
4331 2 2 0 1 2151 2152 2183
4332 2 2 0 1 2152 2184 2183
4333 2 2 0 1 2152 2153 2184
4334 2 2 0 1 2153 2185 2184
4335 2 2 0 1 2153 2154 2185
4336 2 2 0 1 2154 2186 2185
4337 2 2 0 1 2154 2155 2186
4338 2 2 0 1 2155 2187 2186
4339 2 2 0 1 2155 2156 2187
4340 2 2 0 1 2156 2188 2187
4341 2 2 0 1 2156 2157 2188
4342 2 2 0 1 2157 2189 2188
4343 2 2 0 1 2157 2158 2189
4344 2 2 0 1 2158 2159 2189
4345 2 2 0 1 2159 2190 2189
4346 2 2 0 1 2159 2160 2190
4347 2 2 0 1 2160 2191 2190
4348 2 2 0 1 2160 2161 2191
4349 2 2 0 1 2161 2192 2191
4350 2 2 0 1 2161 2162 2192
4351 2 2 0 1 2162 2193 2192
4352 2 2 0 1 2162 2163 2193
4353 2 2 0 1 2163 2194 2193
4354 2 2 0 1 2163 2164 2194
4355 2 2 0 1 2164 2195 2194
4356 2 2 0 1 2164 2165 2195
4357 2 2 0 1 2165 2196 2195
4358 2 2 0 1 2165 2166 2196
4359 2 2 0 1 2166 2197 2196
4360 2 2 0 1 2166 2167 2197
4361 2 2 0 1 2167 2198 2197
4362 2 2 0 1 2167 2168 2198
4363 2 2 0 1 2168 2199 2198
4364 2 2 0 1 2168 2169 2199
4365 2 2 0 1 2169 2200 2199
4366 2 2 0 1 2169 2170 2200
4367 2 2 0 1 2170 2201 2200
4368 2 2 0 1 2170 2171 2201
4369 2 2 0 1 2171 2202 2201
4370 2 2 0 1 2171 2172 2202
4371 2 2 0 1 2172 2203 2202
4372 2 2 0 1 2172 2173 2203
4373 2 2 0 1 2173 2204 2203
4374 2 2 0 1 2173 2174 2204
4375 2 2 0 1 2174 2143 2204
4376 2 2 0 1 2143 2175 2204
4377 2 2 0 1 2175 2176 2205
4378 2 2 0 1 2176 2206 2205
4379 2 2 0 1 2176 2177 2206
4380 2 2 0 1 2177 2207 2206
4381 2 2 0 1 2177 2178 2207
4382 2 2 0 1 2178 2208 2207
4383 2 2 0 1 2178 2179 2208
4384 2 2 0 1 2179 2209 2208
4385 2 2 0 1 2179 2180 2209
4386 2 2 0 1 2180 2210 2209
4387 2 2 0 1 2180 2181 2210
4388 2 2 0 1 2181 2211 2210
4389 2 2 0 1 2181 2182 2211
4390 2 2 0 1 2182 2212 2211
4391 2 2 0 1 2182 2183 2212
4392 2 2 0 1 2183 2213 2212
4393 2 2 0 1 2183 2184 2213
4394 2 2 0 1 2184 2214 2213
4395 2 2 0 1 2184 2185 2214
4396 2 2 0 1 2185 2215 2214
4397 2 2 0 1 2185 2186 2215
4398 2 2 0 1 2186 2216 2215
4399 2 2 0 1 2186 2187 2216
4400 2 2 0 1 2187 2217 2216
4401 2 2 0 1 2187 2188 2217
4402 2 2 0 1 2188 2218 2217
4403 2 2 0 1 2188 2189 2218
4404 2 2 0 1 2189 2190 2218
4405 2 2 0 1 2190 2219 2218
4406 2 2 0 1 2190 2191 2219
4407 2 2 0 1 2191 2220 2219
4408 2 2 0 1 2191 2192 2220
4409 2 2 0 1 2192 2221 2220
4410 2 2 0 1 2192 2193 2221
4411 2 2 0 1 2193 2222 2221
4412 2 2 0 1 2193 2194 2222
4413 2 2 0 1 2194 2223 2222
4414 2 2 0 1 2194 2195 2223
4415 2 2 0 1 2195 2224 2223
4416 2 2 0 1 2195 2196 2224
4417 2 2 0 1 2196 2225 2224
4418 2 2 0 1 2196 2197 2225
4419 2 2 0 1 2197 2226 2225
4420 2 2 0 1 2197 2198 2226
4421 2 2 0 1 2198 2227 2226
4422 2 2 0 1 2198 2199 2227
4423 2 2 0 1 2199 2228 2227
4424 2 2 0 1 2199 2200 2228
4425 2 2 0 1 2200 2229 2228
4426 2 2 0 1 2200 2201 2229
4427 2 2 0 1 2201 2230 2229
4428 2 2 0 1 2201 2202 2230
4429 2 2 0 1 2202 2231 2230
4430 2 2 0 1 2202 2203 2231
4431 2 2 0 1 2203 2232 2231
4432 2 2 0 1 2203 2204 2232
4433 2 2 0 1 2204 2175 2232
4434 2 2 0 1 2175 2205 2232
4435 2 2 0 1 2205 2206 2233
4436 2 2 0 1 2206 2234 2233
4437 2 2 0 1 2206 2207 2234
4438 2 2 0 1 2207 2235 2234
4439 2 2 0 1 2207 2208 2235
4440 2 2 0 1 2208 2236 2235
4441 2 2 0 1 2208 2209 2236
4442 2 2 0 1 2209 2237 2236
4443 2 2 0 1 2209 2210 2237
4444 2 2 0 1 2210 2238 2237
4445 2 2 0 1 2210 2211 2238
4446 2 2 0 1 2211 2239 2238
4447 2 2 0 1 2211 2212 2239
4448 2 2 0 1 2212 2240 2239
4449 2 2 0 1 2212 2213 2240
4450 2 2 0 1 2213 2241 2240
4451 2 2 0 1 2213 2214 2241
4452 2 2 0 1 2214 2242 2241
4453 2 2 0 1 2214 2215 2242
4454 2 2 0 1 2215 2243 2242
4455 2 2 0 1 2215 2216 2243
4456 2 2 0 1 2216 2244 2243
4457 2 2 0 1 2216 2217 2244
4458 2 2 0 1 2217 2245 2244
4459 2 2 0 1 2217 2218 2245
4460 2 2 0 1 2218 2246 2245
4461 2 2 0 1 2218 2219 2246
4462 2 2 0 1 2219 2247 2246
4463 2 2 0 1 2219 2220 2247
4464 2 2 0 1 2220 2248 2247
4465 2 2 0 1 2220 2221 2248
4466 2 2 0 1 2221 2249 2248
4467 2 2 0 1 2221 2222 2249
4468 2 2 0 1 2222 2250 2249
4469 2 2 0 1 2222 2223 2250
4470 2 2 0 1 2223 2251 2250
4471 2 2 0 1 2223 2224 2251
4472 2 2 0 1 2224 2252 2251
4473 2 2 0 1 2224 2225 2252
4474 2 2 0 1 2225 2253 2252
4475 2 2 0 1 2225 2226 2253
4476 2 2 0 1 2226 2254 2253
4477 2 2 0 1 2226 2227 2254
4478 2 2 0 1 2227 2255 2254
4479 2 2 0 1 2227 2228 2255
4480 2 2 0 1 2228 2256 2255
4481 2 2 0 1 2228 2229 2256
4482 2 2 0 1 2229 2257 2256
4483 2 2 0 1 2229 2230 2257
4484 2 2 0 1 2230 2258 2257
4485 2 2 0 1 2230 2231 2258
4486 2 2 0 1 2231 2259 2258
4487 2 2 0 1 2231 2232 2259
4488 2 2 0 1 2232 2205 2259
4489 2 2 0 1 2205 2233 2259
4490 2 2 0 1 2233 2234 2260
4491 2 2 0 1 2234 2261 2260
4492 2 2 0 1 2234 2235 2261
4493 2 2 0 1 2235 2262 2261
4494 2 2 0 1 2235 2236 2262
4495 2 2 0 1 2236 2263 2262
4496 2 2 0 1 2236 2237 2263
4497 2 2 0 1 2237 2264 2263
4498 2 2 0 1 2237 2238 2264
4499 2 2 0 1 2238 2265 2264
4500 2 2 0 1 2238 2239 2265
4501 2 2 0 1 2239 2266 2265
4502 2 2 0 1 2239 2240 2266
4503 2 2 0 1 2240 2267 2266
4504 2 2 0 1 2240 2241 2267
4505 2 2 0 1 2241 2268 2267
4506 2 2 0 1 2241 2242 2268
4507 2 2 0 1 2242 2269 2268
4508 2 2 0 1 2242 2243 2269
4509 2 2 0 1 2243 2270 2269
4510 2 2 0 1 2243 2244 2270
4511 2 2 0 1 2244 2271 2270
4512 2 2 0 1 2244 2245 2271
4513 2 2 0 1 2245 2272 2271
4514 2 2 0 1 2245 2246 2272
4515 2 2 0 1 2246 2247 2272
4516 2 2 0 1 2247 2273 2272
4517 2 2 0 1 2247 2248 2273
4518 2 2 0 1 2248 2274 2273
4519 2 2 0 1 2248 2249 2274
4520 2 2 0 1 2249 2275 2274
4521 2 2 0 1 2249 2250 2275
4522 2 2 0 1 2250 2276 2275
4523 2 2 0 1 2250 2251 2276
4524 2 2 0 1 2251 2277 2276
4525 2 2 0 1 2251 2252 2277
4526 2 2 0 1 2252 2278 2277
4527 2 2 0 1 2252 2253 2278
4528 2 2 0 1 2253 2279 2278
4529 2 2 0 1 2253 2254 2279
4530 2 2 0 1 2254 2280 2279
4531 2 2 0 1 2254 2255 2280
4532 2 2 0 1 2255 2281 2280
4533 2 2 0 1 2255 2256 2281
4534 2 2 0 1 2256 2282 2281
4535 2 2 0 1 2256 2257 2282
4536 2 2 0 1 2257 2283 2282
4537 2 2 0 1 2257 2258 2283
4538 2 2 0 1 2258 2284 2283
4539 2 2 0 1 2258 2259 2284
4540 2 2 0 1 2259 2233 2284
4541 2 2 0 1 2233 2260 2284
4542 2 2 0 1 2260 2261 2285
4543 2 2 0 1 2261 2286 2285
4544 2 2 0 1 2261 2262 2286
4545 2 2 0 1 2262 2287 2286
4546 2 2 0 1 2262 2263 2287
4547 2 2 0 1 2263 2288 2287
4548 2 2 0 1 2263 2264 2288
4549 2 2 0 1 2264 2289 2288
4550 2 2 0 1 2264 2265 2289
4551 2 2 0 1 2265 2290 2289
4552 2 2 0 1 2265 2266 2290
4553 2 2 0 1 2266 2291 2290
4554 2 2 0 1 2266 2267 2291
4555 2 2 0 1 2267 2292 2291
4556 2 2 0 1 2267 2268 2292
4557 2 2 0 1 2268 2293 2292
4558 2 2 0 1 2268 2269 2293
4559 2 2 0 1 2269 2294 2293
4560 2 2 0 1 2269 2270 2294
4561 2 2 0 1 2270 2295 2294
4562 2 2 0 1 2270 2271 2295
4563 2 2 0 1 2271 2296 2295
4564 2 2 0 1 2271 2272 2296
4565 2 2 0 1 2272 2273 2296
4566 2 2 0 1 2273 2297 2296
4567 2 2 0 1 2273 2274 2297
4568 2 2 0 1 2274 2298 2297
4569 2 2 0 1 2274 2275 2298
4570 2 2 0 1 2275 2299 2298
4571 2 2 0 1 2275 2276 2299
4572 2 2 0 1 2276 2300 2299
4573 2 2 0 1 2276 2277 2300
4574 2 2 0 1 2277 2301 2300
4575 2 2 0 1 2277 2278 2301
4576 2 2 0 1 2278 2302 2301
4577 2 2 0 1 2278 2279 2302
4578 2 2 0 1 2279 2303 2302
4579 2 2 0 1 2279 2280 2303
4580 2 2 0 1 2280 2304 2303
4581 2 2 0 1 2280 2281 2304
4582 2 2 0 1 2281 2305 2304
4583 2 2 0 1 2281 2282 2305
4584 2 2 0 1 2282 2306 2305
4585 2 2 0 1 2282 2283 2306
4586 2 2 0 1 2283 2307 2306
4587 2 2 0 1 2283 2284 2307
4588 2 2 0 1 2284 2260 2307
4589 2 2 0 1 2260 2285 2307
4590 2 2 0 1 2285 2286 2308
4591 2 2 0 1 2286 2309 2308
4592 2 2 0 1 2286 2287 2309
4593 2 2 0 1 2287 2310 2309
4594 2 2 0 1 2287 2288 2310
4595 2 2 0 1 2288 2311 2310
4596 2 2 0 1 2288 2289 2311
4597 2 2 0 1 2289 2312 2311
4598 2 2 0 1 2289 2290 2312
4599 2 2 0 1 2290 2313 2312
4600 2 2 0 1 2290 2291 2313
4601 2 2 0 1 2291 2314 2313
4602 2 2 0 1 2291 2292 2314
4603 2 2 0 1 2292 2315 2314
4604 2 2 0 1 2292 2293 2315
4605 2 2 0 1 2293 2316 2315
4606 2 2 0 1 2293 2294 2316
4607 2 2 0 1 2294 2317 2316
4608 2 2 0 1 2294 2295 2317
4609 2 2 0 1 2295 2318 2317
4610 2 2 0 1 2295 2296 2318
4611 2 2 0 1 2296 2297 2318
4612 2 2 0 1 2297 2319 2318
4613 2 2 0 1 2297 2298 2319
4614 2 2 0 1 2298 2320 2319
4615 2 2 0 1 2298 2299 2320
4616 2 2 0 1 2299 2321 2320
4617 2 2 0 1 2299 2300 2321
4618 2 2 0 1 2300 2322 2321
4619 2 2 0 1 2300 2301 2322
4620 2 2 0 1 2301 2323 2322
4621 2 2 0 1 2301 2302 2323
4622 2 2 0 1 2302 2324 2323
4623 2 2 0 1 2302 2303 2324
4624 2 2 0 1 2303 2325 2324
4625 2 2 0 1 2303 2304 2325
4626 2 2 0 1 2304 2326 2325
4627 2 2 0 1 2304 2305 2326
4628 2 2 0 1 2305 2327 2326
4629 2 2 0 1 2305 2306 2327
4630 2 2 0 1 2306 2328 2327
4631 2 2 0 1 2306 2307 2328
4632 2 2 0 1 2307 2285 2328
4633 2 2 0 1 2285 2308 2328
4634 2 2 0 1 2308 2309 2329
4635 2 2 0 1 2309 2330 2329
4636 2 2 0 1 2309 2310 2330
4637 2 2 0 1 2310 2331 2330
4638 2 2 0 1 2310 2311 2331
4639 2 2 0 1 2311 2332 2331
4640 2 2 0 1 2311 2312 2332
4641 2 2 0 1 2312 2333 2332
4642 2 2 0 1 2312 2313 2333
4643 2 2 0 1 2313 2334 2333
4644 2 2 0 1 2313 2314 2334
4645 2 2 0 1 2314 2335 2334
4646 2 2 0 1 2314 2315 2335
4647 2 2 0 1 2315 2336 2335
4648 2 2 0 1 2315 2316 2336
4649 2 2 0 1 2316 2337 2336
4650 2 2 0 1 2316 2317 2337
4651 2 2 0 1 2317 2338 2337
4652 2 2 0 1 2317 2318 2338
4653 2 2 0 1 2318 2319 2338
4654 2 2 0 1 2319 2339 2338
4655 2 2 0 1 2319 2320 2339
4656 2 2 0 1 2320 2340 2339
4657 2 2 0 1 2320 2321 2340
4658 2 2 0 1 2321 2341 2340
4659 2 2 0 1 2321 2322 2341
4660 2 2 0 1 2322 2342 2341
4661 2 2 0 1 2322 2323 2342
4662 2 2 0 1 2323 2343 2342
4663 2 2 0 1 2323 2324 2343
4664 2 2 0 1 2324 2344 2343
4665 2 2 0 1 2324 2325 2344
4666 2 2 0 1 2325 2345 2344
4667 2 2 0 1 2325 2326 2345
4668 2 2 0 1 2326 2346 2345
4669 2 2 0 1 2326 2327 2346
4670 2 2 0 1 2327 2347 2346
4671 2 2 0 1 2327 2328 2347
4672 2 2 0 1 2328 2308 2347
4673 2 2 0 1 2308 2329 2347
4674 2 2 0 1 2329 2330 2348
4675 2 2 0 1 2330 2349 2348
4676 2 2 0 1 2330 2331 2349
4677 2 2 0 1 2331 2350 2349
4678 2 2 0 1 2331 2332 2350
4679 2 2 0 1 2332 2351 2350
4680 2 2 0 1 2332 2333 2351
4681 2 2 0 1 2333 2352 2351
4682 2 2 0 1 2333 2334 2352
4683 2 2 0 1 2334 2353 2352
4684 2 2 0 1 2334 2335 2353
4685 2 2 0 1 2335 2354 2353
4686 2 2 0 1 2335 2336 2354
4687 2 2 0 1 2336 2355 2354
4688 2 2 0 1 2336 2337 2355
4689 2 2 0 1 2337 2356 2355
4690 2 2 0 1 2337 2338 2356
4691 2 2 0 1 2338 2339 2356
4692 2 2 0 1 2339 2357 2356
4693 2 2 0 1 2339 2340 2357
4694 2 2 0 1 2340 2358 2357
4695 2 2 0 1 2340 2341 2358
4696 2 2 0 1 2341 2359 2358
4697 2 2 0 1 2341 2342 2359
4698 2 2 0 1 2342 2360 2359
4699 2 2 0 1 2342 2343 2360
4700 2 2 0 1 2343 2361 2360
4701 2 2 0 1 2343 2344 2361
4702 2 2 0 1 2344 2362 2361
4703 2 2 0 1 2344 2345 2362
4704 2 2 0 1 2345 2363 2362
4705 2 2 0 1 2345 2346 2363
4706 2 2 0 1 2346 2364 2363
4707 2 2 0 1 2346 2347 2364
4708 2 2 0 1 2347 2329 2364
4709 2 2 0 1 2329 2348 2364
4710 2 2 0 1 2348 2349 2365
4711 2 2 0 1 2349 2366 2365
4712 2 2 0 1 2349 2350 2366
4713 2 2 0 1 2350 2367 2366
4714 2 2 0 1 2350 2351 2367
4715 2 2 0 1 2351 2368 2367
4716 2 2 0 1 2351 2352 2368
4717 2 2 0 1 2352 2369 2368
4718 2 2 0 1 2352 2353 2369
4719 2 2 0 1 2353 2354 2369
4720 2 2 0 1 2354 2370 2369
4721 2 2 0 1 2354 2355 2370
4722 2 2 0 1 2355 2371 2370
4723 2 2 0 1 2355 2356 2371
4724 2 2 0 1 2356 2372 2371
4725 2 2 0 1 2356 2357 2372
4726 2 2 0 1 2357 2373 2372
4727 2 2 0 1 2357 2358 2373
4728 2 2 0 1 2358 2374 2373
4729 2 2 0 1 2358 2359 2374
4730 2 2 0 1 2359 2360 2374
4731 2 2 0 1 2360 2375 2374
4732 2 2 0 1 2360 2361 2375
4733 2 2 0 1 2361 2376 2375
4734 2 2 0 1 2361 2362 2376
4735 2 2 0 1 2362 2377 2376
4736 2 2 0 1 2362 2363 2377
4737 2 2 0 1 2363 2378 2377
4738 2 2 0 1 2363 2364 2378
4739 2 2 0 1 2364 2348 2378
4740 2 2 0 1 2348 2365 2378
4741 2 2 0 1 2365 2366 2379
4742 2 2 0 1 2366 2380 2379
4743 2 2 0 1 2366 2367 2380
4744 2 2 0 1 2367 2381 2380
4745 2 2 0 1 2367 2368 2381
4746 2 2 0 1 2368 2382 2381
4747 2 2 0 1 2368 2369 2382
4748 2 2 0 1 2369 2383 2382
4749 2 2 0 1 2369 2370 2383
4750 2 2 0 1 2370 2384 2383
4751 2 2 0 1 2370 2371 2384
4752 2 2 0 1 2371 2372 2384
4753 2 2 0 1 2372 2385 2384
4754 2 2 0 1 2372 2373 2385
4755 2 2 0 1 2373 2386 2385
4756 2 2 0 1 2373 2374 2386
4757 2 2 0 1 2374 2387 2386
4758 2 2 0 1 2374 2375 2387
4759 2 2 0 1 2375 2388 2387
4760 2 2 0 1 2375 2376 2388
4761 2 2 0 1 2376 2389 2388
4762 2 2 0 1 2376 2377 2389
4763 2 2 0 1 2377 2390 2389
4764 2 2 0 1 2377 2378 2390
4765 2 2 0 1 2378 2365 2390
4766 2 2 0 1 2365 2379 2390
4767 2 2 0 1 2379 2380 2391
4768 2 2 0 1 2380 2392 2391
4769 2 2 0 1 2380 2381 2392
4770 2 2 0 1 2381 2393 2392
4771 2 2 0 1 2381 2382 2393
4772 2 2 0 1 2382 2394 2393
4773 2 2 0 1 2382 2383 2394
4774 2 2 0 1 2383 2395 2394
4775 2 2 0 1 2383 2384 2395
4776 2 2 0 1 2384 2385 2395
4777 2 2 0 1 2385 2396 2395
4778 2 2 0 1 2385 2386 2396
4779 2 2 0 1 2386 2397 2396
4780 2 2 0 1 2386 2387 2397
4781 2 2 0 1 2387 2398 2397
4782 2 2 0 1 2387 2388 2398
4783 2 2 0 1 2388 2399 2398
4784 2 2 0 1 2388 2389 2399
4785 2 2 0 1 2389 2400 2399
4786 2 2 0 1 2389 2390 2400
4787 2 2 0 1 2390 2379 2400
4788 2 2 0 1 2379 2391 2400
4789 2 2 0 1 2391 2392 2401
4790 2 2 0 1 2392 2402 2401
4791 2 2 0 1 2392 2393 2402
4792 2 2 0 1 2393 2403 2402
4793 2 2 0 1 2393 2394 2403
4794 2 2 0 1 2394 2404 2403
4795 2 2 0 1 2394 2395 2404
4796 2 2 0 1 2395 2396 2404
4797 2 2 0 1 2396 2405 2404
4798 2 2 0 1 2396 2397 2405
4799 2 2 0 1 2397 2406 2405
4800 2 2 0 1 2397 2398 2406
4801 2 2 0 1 2398 2407 2406
4802 2 2 0 1 2398 2399 2407
4803 2 2 0 1 2399 2408 2407
4804 2 2 0 1 2399 2400 2408
4805 2 2 0 1 2400 2391 2408
4806 2 2 0 1 2391 2401 2408
4807 2 2 0 1 2401 2402 2409
4808 2 2 0 1 2402 2410 2409
4809 2 2 0 1 2402 2403 2410
4810 2 2 0 1 2403 2411 2410
4811 2 2 0 1 2403 2404 2411
4812 2 2 0 1 2404 2412 2411
4813 2 2 0 1 2404 2405 2412
4814 2 2 0 1 2405 2413 2412
4815 2 2 0 1 2405 2406 2413
4816 2 2 0 1 2406 2414 2413
4817 2 2 0 1 2406 2407 2414
4818 2 2 0 1 2407 2415 2414
4819 2 2 0 1 2407 2408 2415
4820 2 2 0 1 2408 2416 2415
4821 2 2 0 1 2408 2401 2416
4822 2 2 0 1 2401 2409 2416
4823 2 2 0 1 2409 2410 2417
4824 2 2 0 1 2410 2418 2417
4825 2 2 0 1 2410 2411 2418
4826 2 2 0 1 2411 2419 2418
4827 2 2 0 1 2411 2412 2419
4828 2 2 0 1 2412 2420 2419
4829 2 2 0 1 2412 2413 2420
4830 2 2 0 1 2413 2421 2420
4831 2 2 0 1 2413 2414 2421
4832 2 2 0 1 2414 2422 2421
4833 2 2 0 1 2414 2415 2422
4834 2 2 0 1 2415 2423 2422
4835 2 2 0 1 2415 2416 2423
4836 2 2 0 1 2416 2424 2423
4837 2 2 0 1 2416 2409 2424
4838 2 2 0 1 2409 2417 2424
4839 2 2 0 1 2417 2418 2425
4840 2 2 0 1 2418 2419 2425
4841 2 2 0 1 2419 2420 2425
4842 2 2 0 1 2420 2421 2425
4843 2 2 0 1 2421 2422 2425
4844 2 2 0 1 2422 2423 2425
4845 2 2 0 1 2423 2424 2425
4846 2 2 0 1 2424 2417 2425
$EndElements
