$MeshFormat
2.2 0 8
$EndMeshFormat
$Nodes
893
1 -0.105156841248 0 0
2 -0.10421371924264197 0.0060214183202429699 0.00083138007738404963
3 -0.10421371924264197 0.0024941531329664593 0.0020071290583073657
4 -0.10421371924264197 -0.0024941531329664584 0.0020071290583073657
5 -0.10421371924264197 -0.0060214183202429699 0.00083138007738404996
6 -0.10421371924264197 -0.0060214183202429708 -0.00083138007738404942
7 -0.10421371924264197 -0.0024941531329664623 -0.0020071290583073653
8 -0.10421371924264197 0.0024941531329664601 -0.0020071290583073657
9 -0.10421371924264197 0.0060214183202429682 -0.00083138007738405104
10 -0.10158383903133726 0.012609552778864162 0
11 -0.10158383903133726 0.0096594778364643592 0.0027017407886964205
12 -0.10158383903133726 0.0021896258612447402 0.0041393070358575566
13 -0.10158383903133726 -0.0063047763894320792 0.0036400455176675184
14 -0.10158383903133726 -0.011849103697709097 0.0014375662471611361
15 -0.10158383903133726 -0.011849103697709099 -0.0014375662471611352
16 -0.10158383903133726 -0.0063047763894320862 -0.0036400455176675167
17 -0.10158383903133726 0.0021896258612447345 -0.0041393070358575566
18 -0.10158383903133726 0.0096594778364643558 -0.0027017407886964218
19 -0.097685453756395993 0.017446878401064833 0.001558284265856489
20 -0.097685453756395993 0.012772001423055514 0.0042573117869550963
21 -0.097685453756395993 0.0046748769780093225 0.0058155960528115851
22 -0.097685453756395993 -0.0046748769780093173 0.005815596052811586
23 -0.097685453756395993 -0.012772001423055512 0.0042573117869550972
24 -0.097685453756395993 -0.01744687840106483 0.0015582842658564907
25 -0.097685453756395993 -0.017446878401064833 -0.0015582842658564894
26 -0.097685453756395993 -0.012772001423055516 -0.0042573117869550963
27 -0.097685453756395993 -0.0046748769780093329 -0.0058155960528115842
28 -0.097685453756395993 0.0046748769780093112 -0.0058155960528115868
29 -0.097685453756395993 0.0127720014230555 -0.0042573117869551015
30 -0.097685453756395993 0.01744687840106483 -0.0015582842658564942
31 -0.092910221860696307 0.02285161352348743 0
32 -0.092910221860696307 0.020875987734186172 0.0030981801659559364
33 -0.092910221860696307 0.01529071401324943 0.005660656835134891
34 -0.092910221860696307 0.007061536927645988 0.0072443545120661037
35 -0.092910221860696307 -0.0023886440447964661 0.0075754374809664498
36 -0.092910221860696307 -0.011425806761743712 0.0065966584887187096
37 -0.092910221860696307 -0.018487343689389701 0.0044772573150105134
38 -0.092910221860696307 -0.022352250940895414 0.0015836976769312166
39 -0.092910221860696307 -0.022352250940895418 -0.0015836976769312116
40 -0.092910221860696307 -0.018487343689389705 -0.0044772573150105117
41 -0.092910221860696307 -0.011425806761743726 -0.006596658488718707
42 -0.092910221860696307 -0.0023886440447964865 -0.0075754374809664489
43 -0.092910221860696307 0.0070615369276459837 -0.0072443545120661045
44 -0.092910221860696307 0.015290714013249419 -0.0056606568351348936
45 -0.092910221860696307 0.020875987734186165 -0.0030981801659559424
46 -0.087537325136913174 0.026624988631120925 0.0015648931912433028
47 -0.087537325136913174 0.023413622059225155 0.0045059303595021884
48 -0.087537325136913174 0.017378227118727153 0.0069034858259555019
49 -0.087537325136913174 0.0092467615123937776 0.0084683790171988047
50 -0.087537325136913174 1.6554605203251642e-18 0.0090118607190043786
51 -0.087537325136913174 -0.0092467615123937742 0.0084683790171988065
52 -0.087537325136913174 -0.017378227118727146 0.0069034858259555054
53 -0.087537325136913174 -0.023413622059225148 0.0045059303595021919
54 -0.087537325136913174 -0.026624988631120925 0.0015648931912433063
55 -0.087537325136913174 -0.026624988631120929 -0.0015648931912433002
56 -0.087537325136913174 -0.023413622059225158 -0.0045059303595021876
57 -0.087537325136913174 -0.017378227118727156 -0.006903485825955501
58 -0.087537325136913174 -0.0092467615123937932 -0.008468379017198803
59 -0.087537325136913174 -4.9663815609754919e-18 -0.0090118607190043786
60 -0.087537325136913174 0.0092467615123937585 -0.0084683790171988065
61 -0.087537325136913174 0.017378227118727149 -0.0069034858259555028
62 -0.087537325136913174 0.023413622059225144 -0.0045059303595021936
63 -0.087537325136913174 0.026624988631120922 -0.0015648931912433113
64 -0.081749448307011585 0.030690040512593095 0
65 -0.081749448307011585 0.029187963014863916 0.0031612316741712141
66 -0.081749448307011585 0.024828764332743437 0.0060130199664783423
67 -0.081749448307011585 0.018039153205560755 0.0082762119692929726
68 -0.081749448307011585 0.0094837440764468893 0.0097292706807937095
69 -0.081749448307011585 1.8792229939724863e-18 0.010229960590243515
70 -0.081749448307011585 -0.0094837440764468858 0.0097292706807937113
71 -0.081749448307011585 -0.018039153205560751 0.0082762119692929726
72 -0.081749448307011585 -0.024828764332743433 0.0060130199664783432
73 -0.081749448307011585 -0.029187963014863916 0.003161231674171215
74 -0.081749448307011585 -0.030690040512593095 1.2528088492245289e-18
75 -0.081749448307011585 -0.02918796301486392 -0.0031612316741712128
76 -0.081749448307011585 -0.024828764332743437 -0.0060130199664783406
77 -0.081749448307011585 -0.018039153205560758 -0.0082762119692929709
78 -0.081749448307011585 -0.0094837440764468928 -0.0097292706807937095
79 -0.081749448307011585 -5.6376689819174586e-18 -0.010229960590243515
80 -0.081749448307011585 0.0094837440764468824 -0.0097292706807937113
81 -0.081749448307011585 0.018039153205560748 -0.0082762119692929726
82 -0.081749448307011585 0.024828764332743433 -0.0060130199664783441
83 -0.081749448307011585 0.029187963014863916 -0.0031612316741712167
84 -0.075665223130172196 0.033538394598330974 0.0016073560722580291
85 -0.075665223130172196 0.030821313328486998 0.0046918497871143794
86 -0.075665223130172196 0.025607272554177281 0.0073962377357238169
87 -0.075665223130172196 0.018318682849841936 0.0095014264901044226
88 -0.075665223130172196 0.0095460224064141883 0.010836866177415883
89 -0.075665223130172196 2.0747523672217847e-18 0.011294367416357852
90 -0.075665223130172196 -0.0095460224064141778 0.010836866177415885
91 -0.075665223130172196 -0.018318682849841936 0.0095014264901044226
92 -0.075665223130172196 -0.025607272554177277 0.0073962377357238178
93 -0.075665223130172196 -0.030821313328486991 0.0046918497871143829
94 -0.075665223130172196 -0.033538394598330974 0.0016073560722580295
95 -0.075665223130172196 -0.033538394598330981 -0.0016073560722580267
96 -0.075665223130172196 -0.030821313328487001 -0.004691849787114376
97 -0.075665223130172196 -0.025607272554177284 -0.0073962377357238152
98 -0.075665223130172196 -0.018318682849841929 -0.0095014264901044244
99 -0.075665223130172196 -0.0095460224064141865 -0.010836866177415883
100 -0.075665223130172196 -6.2242571016653546e-18 -0.011294367416357852
101 -0.075665223130172196 0.0095460224064141744 -0.010836866177415885
102 -0.075665223130172196 0.018318682849841918 -0.0095014264901044261
103 -0.075665223130172196 0.025607272554177284 -0.0073962377357238152
104 -0.075665223130172196 0.030821313328486994 -0.0046918497871143794
105 -0.075665223130172196 0.033538394598330974 -0.001607356072258031
106 -0.069363474797523847 0.036672086282418158 0
107 -0.069363474797523847 0.035422515244088765 0.0031637950866073689
108 -0.069363474797523847 0.03175895833034896 0.0061119827664810342
109 -0.069363474797523847 0.025931080890556048 0.0086436489213481092
110 -0.069363474797523847 0.018336043141209082 0.010586264686530537
111 -0.069363474797523847 0.0094914343535327256 0.011807444007955477
112 -0.069363474797523847 2.2455176541909479e-18 0.01222396553296207
113 -0.069363474797523847 -0.0094914343535327135 0.011807444007955479
114 -0.069363474797523847 -0.018336043141209072 0.010586264686530539
115 -0.069363474797523847 -0.025931080890556044 0.0086436489213481092
116 -0.069363474797523847 -0.031758958330348953 0.0061119827664810394
117 -0.069363474797523847 -0.035422515244088765 0.0031637950866073724
118 -0.069363474797523847 -0.036672086282418158 1.4970040262829568e-18
119 -0.069363474797523847 -0.035422515244088772 -0.0031637950866073641
120 -0.069363474797523847 -0.031758958330348967 -0.0061119827664810325
121 -0.069363474797523847 -0.025931080890556062 -0.008643648921348104
122 -0.069363474797523847 -0.018336043141209096 -0.010586264686530534
123 -0.069363474797523847 -0.0094914343535327465 -0.011807444007955477
124 -0.069363474797523847 -6.7365529625728432e-18 -0.01222396553296207
125 -0.069363474797523847 0.0094914343535327014 -0.01180744400795548
126 -0.069363474797523847 0.018336043141209055 -0.010586264686530542
127 -0.069363474797523847 0.025931080890556041 -0.008643648921348111
128 -0.069363474797523847 0.031758958330348946 -0.0061119827664810403
129 -0.069363474797523847 0.035422515244088758 -0.0031637950866073793
130 -0.062898272562790264 0.038793338716198188 0.0016335710063920758
131 -0.062898272562790264 0.036355810572739719 0.0047980697449907074
132 -0.062898272562790264 0.031633913143677708 0.0076610881154454136
133 -0.062898272562790264 0.024924340610404085 0.010042732144095503
134 -0.062898272562790264 0.016648680091266108 0.011793354377546864
135 -0.062898272562790264 0.0073269217724315867 0.012802956782533537
136 -0.062898272562790264 -0.0024552139878981612 0.013008102326892302
137 -0.062898272562790264 -0.012083079623722853 0.012395900961598556
138 -0.062898272562790264 -0.020951720928330701 0.011004819549952834
139 -0.062898272562790264 -0.028503888551972036 0.0089222648530883943
140 -0.062898272562790264 -0.034265052027923848 0.006279091441709646
141 -0.062898272562790264 -0.037873216266914957 0.0032413796221653249
142 -0.062898272562790264 -0.039101667039909714 -4.1919967442415644e-18
143 -0.062898272562790264 -0.037873216266914957 -0.0032413796221653331
144 -0.062898272562790264 -0.034265052027923841 -0.0062790914417096538
145 -0.062898272562790264 -0.028503888551972018 -0.0089222648530884012
146 -0.062898272562790264 -0.02095172092833068 -0.011004819549952837
147 -0.062898272562790264 -0.01208307962372282 -0.012395900961598559
148 -0.062898272562790264 -0.0024552139878981534 -0.013008102326892302
149 -0.062898272562790264 0.0073269217724316014 -0.012802956782533537
150 -0.062898272562790264 0.016648680091266108 -0.011793354377546864
151 -0.062898272562790264 0.024924340610404098 -0.010042732144095502
152 -0.062898272562790264 0.031633913143677715 -0.0076610881154454058
153 -0.062898272562790264 0.036355810572739719 -0.0047980697449907066
154 -0.062898272562790264 0.038793338716198188 -0.0016335710063920697
155 -0.056307990650096541 0.041207725843275853 0
156 -0.056307990650096541 0.040096966260059215 0.003167702140775028
157 -0.056307990650096541 0.036824568847049911 0.0061646326392117362
158 -0.056307990650096541 0.031566949395811769 0.0088292261964128538
159 -0.056307990650096541 0.024607547531845114 0.011017833884005337
160 -0.056307990650096541 0.016321546411010419 0.012612467295051088
161 -0.056307990650096541 0.0071556464984833248 0.013527159329605156
162 -0.056307990650096541 -0.0023960161689470655 0.013712598703325524
163 -0.056307990650096541 -0.01181850898452385 0.013158788331575733
164 -0.056307990650096541 -0.020603862921637919 0.011895584274845286
165 -0.056307990650096541 -0.028278457275535358 0.0099910861908007065
166 -0.056307990650096541 -0.034428552678102839 0.0075479660641137904
167 -0.056307990650096541 -0.038722595894295088 0.0046979331331923032
168 -0.056307990650096541 -0.040929093942855529 0.0015946334110457524
169 -0.056307990650096541 -0.040929093942855529 -0.0015946334110457491
170 -0.056307990650096541 -0.038722595894295095 -0.0046979331331923006
171 -0.056307990650096541 -0.034428552678102846 -0.0075479660641137878
172 -0.056307990650096541 -0.028278457275535362 -0.0099910861908007031
173 -0.056307990650096541 -0.020603862921637944 -0.011895584274845283
174 -0.056307990650096541 -0.011818508984523869 -0.013158788331575732
175 -0.056307990650096541 -0.0023960161689470846 -0.013712598703325524
176 -0.056307990650096541 0.0071556464984833066 -0.013527159329605158
177 -0.056307990650096541 0.016321546411010402 -0.01261246729505109
178 -0.056307990650096541 0.0246075475318451 -0.011017833884005341
179 -0.056307990650096541 0.031566949395811762 -0.008829226196412859
180 -0.056307990650096541 0.036824568847049904 -0.0061646326392117397
181 -0.056307990650096541 0.040096966260059215 -0.0031677021407750319
182 -0.04962076578924738 0.042747935455429646 0.0016055035497551731
183 -0.04962076578924738 0.040604375471861111 0.0047360039972818074
184 -0.04962076578924738 0.036424742553027155 0.007629021428554276
185 -0.04962076578924738 0.030418620946105274 0.010139487869379817
186 -0.04962076578924738 0.022887182667846249 0.01214151804962051
187 -0.04962076578924738 0.014208085482069454 0.013534721816289084
188 -0.04962076578924738 0.0048165355624234527 0.014249238115012483
189 -0.04962076578924738 -0.0048165355624234484 0.014249238115012483
190 -0.04962076578924738 -0.014208085482069447 0.013534721816289084
191 -0.04962076578924738 -0.022887182667846243 0.012141518049620511
192 -0.04962076578924738 -0.030418620946105271 0.010139487869379819
193 -0.04962076578924738 -0.036424742553027155 0.0076290214285542769
194 -0.04962076578924738 -0.040604375471861111 0.00473600399728181
195 -0.04962076578924738 -0.042747935455429646 0.0016055035497551749
196 -0.04962076578924738 -0.042747935455429646 -0.0016055035497551714
197 -0.04962076578924738 -0.040604375471861111 -0.0047360039972818057
198 -0.04962076578924738 -0.036424742553027155 -0.0076290214285542743
199 -0.04962076578924738 -0.030418620946105278 -0.010139487869379817
200 -0.04962076578924738 -0.022887182667846253 -0.01214151804962051
201 -0.04962076578924738 -0.01420808548206946 -0.013534721816289083
202 -0.04962076578924738 -0.0048165355624234588 -0.014249238115012483
203 -0.04962076578924738 0.0048165355624234431 -0.014249238115012483
204 -0.04962076578924738 0.014208085482069442 -0.013534721816289086
205 -0.04962076578924738 0.022887182667846239 -0.012141518049620511
206 -0.04962076578924738 0.030418620946105264 -0.010139487869379821
207 -0.04962076578924738 0.036424742553027148 -0.0076290214285542786
208 -0.04962076578924738 0.040604375471861104 -0.0047360039972818117
209 -0.04962076578924738 0.042747935455429646 -0.0016055035497551766
210 -0.042857895833833107 0.044555975977549629 0
211 -0.042857895833833107 0.043514282019399789 0.0031927227424448442
212 -0.042857895833833107 0.040437908596673684 0.0062361573179094314
213 -0.042857895833833107 0.035470703511474501 0.0089879961081796213
214 -0.042857895833833107 0.028844927752934214 0.011319566189871524
215 -0.042857895833833107 0.020870395231501328 0.013121845937319252
216 -0.042857895833833107 0.011919986224821724 0.01431056275262222
217 -0.042857895833833107 0.0024122119103826222 0.014830133558660705
218 -0.042857895833833107 -0.0072083547520050027 0.014656263802005829
219 -0.042857895833833107 -0.016491866757699761 0.013797083439236415
220 -0.042857895833833107 -0.02500423740319788 0.012292766789205175
221 -0.042857895833833107 -0.03234743769793634 0.010213654026539697
222 -0.042857895833833107 -0.038178107757514117 0.0076569621532543482
223 -0.042857895833833107 -0.042223611930269675 0.0047422392397850318
224 -0.042857895833833107 -0.04429478693733991 0.0016057744900837315
225 -0.042857895833833107 -0.04429478693733991 -0.0016057744900837281
226 -0.042857895833833107 -0.042223611930269675 -0.0047422392397850344
227 -0.042857895833833107 -0.038178107757514117 -0.0076569621532543517
228 -0.042857895833833107 -0.03234743769793634 -0.010213654026539698
229 -0.042857895833833107 -0.025004237403197887 -0.012292766789205174
230 -0.042857895833833107 -0.016491866757699761 -0.013797083439236415
231 -0.042857895833833107 -0.0072083547520050036 -0.014656263802005829
232 -0.042857895833833107 0.0024122119103826213 -0.014830133558660705
233 -0.042857895833833107 0.011919986224821735 -0.014310562752622219
234 -0.042857895833833107 0.020870395231501339 -0.013121845937319252
235 -0.042857895833833107 0.028844927752934228 -0.011319566189871521
236 -0.042857895833833107 0.035470703511474515 -0.0089879961081796179
237 -0.042857895833833107 0.040437908596673677 -0.0062361573179094366
238 -0.042857895833833107 0.043514282019399789 -0.0031927227424448489
239 -0.036036000879836425 0.045586739928830548 0.0015971115518462122
240 -0.036036000879836425 0.043594380644492607 0.0047215332169314467
241 -0.036036000879836425 0.039696737736942857 0.0076396012240067118
242 -0.036036000879836425 0.034064156904206937 0.010223781998718975
243 -0.036036000879836425 0.026942808956796977 0.01236113444093816
244 -0.036036000879836425 0.018643930972033578 0.01395824599278437
245 -0.036036000879836425 0.0095302237402856774 0.01494531521565042
246 -0.036036000879836425 1.2984804532036603e-17 0.015279202448013425
247 -0.036036000879836425 -0.0095302237402856618 0.014945315215650422
248 -0.036036000879836425 -0.018643930972033561 0.013958245992784373
249 -0.036036000879836425 -0.026942808956796974 0.01236113444093816
250 -0.036036000879836425 -0.03406415690420693 0.010223781998718979
251 -0.036036000879836425 -0.039696737736942857 0.0076396012240067118
252 -0.036036000879836425 -0.043594380644492607 0.0047215332169314485
253 -0.036036000879836425 -0.045586739928830548 0.0015971115518462163
254 -0.036036000879836425 -0.045586739928830548 -0.0015971115518462128
255 -0.036036000879836425 -0.043594380644492614 -0.0047215332169314459
256 -0.036036000879836425 -0.039696737736942864 -0.0076396012240067092
257 -0.036036000879836425 -0.034064156904206937 -0.010223781998718975
258 -0.036036000879836425 -0.026942808956796984 -0.012361134440938159
259 -0.036036000879836425 -0.018643930972033602 -0.013958245992784368
260 -0.036036000879836425 -0.009530223740285693 -0.01494531521565042
261 -0.036036000879836425 -4.9132459654682527e-17 -0.015279202448013425
262 -0.036036000879836425 0.0095302237402856357 -0.014945315215650424
263 -0.036036000879836425 0.01864393097203355 -0.013958245992784375
264 -0.036036000879836425 0.026942808956796939 -0.012361134440938171
265 -0.036036000879836425 0.034064156904206909 -0.010223781998718984
266 -0.036036000879836425 0.039696737736942843 -0.0076396012240067196
267 -0.036036000879836425 0.043594380644492593 -0.0047215332169314641
268 -0.036036000879836425 0.045586739928830548 -0.001597111551846225
269 -0.029168449439588282 0.046877670060469605 0
270 -0.029168449439588282 0.045853280497639301 0.0032487884104292208
271 -0.029168449439588282 0.042824882548610554 0.0063555891779062731
272 -0.029168449439588282 0.037924831735621584 0.0091846202008083033
273 -0.029168449439588282 0.031367283792252523 0.011612239248237496
274 -0.029168449439588282 0.023438835030234809 0.013532347718812574
275 -0.029168449439588282 0.014485996705386778 0.014861027658666717
276 -0.029168449439588282 0.0049000508129889856 0.015540209378714575
277 -0.029168449439588282 -0.0049000508129889691 0.015540209378714576
278 -0.029168449439588282 -0.014485996705386773 0.014861027658666719
279 -0.029168449439588282 -0.023438835030234795 0.013532347718812576
280 -0.029168449439588282 -0.031367283792252502 0.0116122392482375
281 -0.029168449439588282 -0.037924831735621577 0.009184620200808305
282 -0.029168449439588282 -0.042824882548610547 0.0063555891779062774
283 -0.029168449439588282 -0.045853280497639294 0.0032487884104292273
284 -0.029168449439588282 -0.046877670060469605 1.9136097216517459e-18
285 -0.029168449439588282 -0.045853280497639301 -0.0032487884104292169
286 -0.029168449439588282 -0.042824882548610561 -0.0063555891779062679
287 -0.029168449439588282 -0.037924831735621584 -0.0091846202008083015
288 -0.029168449439588282 -0.03136728379225253 -0.011612239248237493
289 -0.029168449439588282 -0.023438835030234823 -0.01353234771881257
290 -0.029168449439588282 -0.014485996705386783 -0.014861027658666717
291 -0.029168449439588282 -0.0049000508129890116 -0.015540209378714575
292 -0.029168449439588282 0.0049000508129889535 -0.015540209378714576
293 -0.029168449439588282 0.014485996705386767 -0.014861027658666719
294 -0.029168449439588282 0.023438835030234771 -0.013532347718812581
295 -0.029168449439588282 0.031367283792252502 -0.011612239248237502
296 -0.029168449439588282 0.037924831735621577 -0.0091846202008083067
297 -0.029168449439588282 0.042824882548610541 -0.0063555891779062861
298 -0.029168449439588282 0.045853280497639294 -0.0032487884104292295
299 -0.022266331920565933 0.047441265177917309 0.0016080933957333919
300 -0.022266331920565933 0.045499014207421397 0.0047584446546358999
301 -0.022266331920565933 0.04169402824936648 0.0077139846302841071
302 -0.022266331920565933 0.036182083875942198 0.010353713168813774
303 -0.022266331920565933 0.029188840737422492 0.012569559473702561
304 -0.022266331920565933 0.021000603029569541 0.014270806536877439
305 -0.022266331920565933 0.011952598166219934 0.015387805103683981
306 -0.022266331920565933 0.002415252529574633 0.015874825121555372
307 -0.022266331920565933 -0.0072209738294115779 0.015711927933737532
308 -0.022266331920565933 -0.016561572671393278 0.014905782570239334
309 -0.022266331920565933 -0.025224138782305984 0.013489392716960449
310 -0.022266331920565933 -0.032854025687760614 0.011520745540912859
311 -0.022266331920565933 -0.039138864921374208 0.009080437688790171
312 -0.022266331920565933 -0.043821354426485382 0.0062683756507822871
313 -0.022266331920565933 -0.046709792532585719 0.0031996855771285111
314 -0.022266331920565933 -0.047685926244234414 1.9466038292693462e-18
315 -0.022266331920565933 -0.046709792532585719 -0.0031996855771285072
316 -0.022266331920565933 -0.043821354426485382 -0.0062683756507822836
317 -0.022266331920565933 -0.039138864921374208 -0.0090804376887901675
318 -0.022266331920565933 -0.032854025687760621 -0.011520745540912855
319 -0.022266331920565933 -0.02522413878230596 -0.013489392716960454
320 -0.022266331920565933 -0.016561572671393261 -0.014905782570239336
321 -0.022266331920565933 -0.0072209738294115589 -0.015711927933737532
322 -0.022266331920565933 0.0024152525295746529 -0.015874825121555372
323 -0.022266331920565933 0.011952598166219956 -0.015387805103683979
324 -0.022266331920565933 0.021000603029569558 -0.014270806536877435
325 -0.022266331920565933 0.029188840737422502 -0.012569559473702557
326 -0.022266331920565933 0.036182083875942204 -0.010353713168813771
327 -0.022266331920565933 0.041694028249366494 -0.0077139846302841028
328 -0.022266331920565933 0.045499014207421404 -0.0047584446546358964
329 -0.022266331920565933 0.047441265177917309 -0.0016080933957333887
330 -0.015339151773516154 0.048270403748497448 0
331 -0.015339151773516154 0.047282305747999895 0.0032389035264867349
332 -0.015339151773516154 0.044358464594744192 0.0063452059620440976
333 -0.015339151773516154 0.039618582689081375 0.009191734919985331
334 -0.015339151773516154 0.03325671135314176 0.011661953170319369
335 -0.015339151773516154 0.025533306346906849 0.013654729687639216
336 -0.015339151773516154 0.016764564778793466 0.015088479967184498
337 -0.015339151773516154 0.0073094799588835566 0.015904506104052127
338 -0.015339151773516154 -0.0024448558293704748 0.016069399892319741
339 -0.015339151773516154 -0.012099098932711716 0.01557641056092147
340 -0.015339151773516154 -0.021258003504163989 0.014445721151008541
341 -0.015339151773516154 -0.02954660291444642 0.012723622219873158
342 -0.015339151773516154 -0.036625560929832983 0.010480616700094036
343 -0.015339151773516154 -0.042205064177431494 0.0078085335011928887
344 -0.015339151773516154 -0.046056687138721485 0.0048167680232891752
345 -0.015339151773516154 -0.048022743917121254 0.0016278034965657906
346 -0.015339151773516154 -0.048022743917121254 -0.0016278034965657869
347 -0.015339151773516154 -0.046056687138721492 -0.0048167680232891709
348 -0.015339151773516154 -0.042205064177431501 -0.0078085335011928844
349 -0.015339151773516154 -0.03662556092983299 -0.010480616700094033
350 -0.015339151773516154 -0.029546602914446409 -0.01272362221987316
351 -0.015339151773516154 -0.021258003504163979 -0.014445721151008542
352 -0.015339151773516154 -0.012099098932711718 -0.01557641056092147
353 -0.015339151773516154 -0.0024448558293704761 -0.016069399892319741
354 -0.015339151773516154 0.0073094799588835557 -0.015904506104052127
355 -0.015339151773516154 0.016764564778793466 -0.015088479967184498
356 -0.015339151773516154 0.025533306346906849 -0.013654729687639217
357 -0.015339151773516154 0.033256711353141753 -0.011661953170319369
358 -0.015339151773516154 0.039618582689081375 -0.0091917349199853327
359 -0.015339151773516154 0.044358464594744192 -0.0063452059620441002
360 -0.015339151773516154 0.047282305747999895 -0.0032389035264867383
361 -0.0083953318568900388 0.04838701365565215 0.0016401509699858216
362 -0.0083953318568900388 0.046406043631357044 0.0048533049365366895
363 -0.0083953318568900388 0.042525204728315578 0.0078677640287466277
364 -0.0083953318568900388 0.036903378947197481 0.010560115937196659
365 -0.0083953318568900388 0.029770724496018194 0.012820135458416919
366 -0.0083953318568900388 0.021419253086060318 0.014555297127667635
367 -0.0083953318568900388 0.01219087493810376 0.015694563222336842
368 -0.0083953318568900388 0.002463400937814253 0.016191292054650697
369 -0.0083953318568900388 -0.0073649249863066936 0.016025147487851117
370 -0.0083953318568900388 -0.0168917300161463 0.015202931500024034
371 -0.0083953318568900388 -0.025726985634430884 0.013758305710317357
372 -0.0083953318568900388 -0.033508975438049399 0.011750413268298012
373 -0.0083953318568900388 -0.039919103850096727 0.0092614575264596075
374 -0.0083953318568900388 -0.044694939460225555 0.0063933366253128921
375 -0.0083953318568900388 -0.047640958997420345 0.0032634717715407115
376 -0.0083953318568900388 -0.048636552075685742 1.9854096579372801e-18
377 -0.0083953318568900388 -0.047640958997420345 -0.0032634717715407076
378 -0.0083953318568900388 -0.044694939460225562 -0.0063933366253128886
379 -0.0083953318568900388 -0.039919103850096734 -0.0092614575264596023
380 -0.0083953318568900388 -0.033508975438049406 -0.011750413268298008
381 -0.0083953318568900388 -0.025726985634430856 -0.013758305710317362
382 -0.0083953318568900388 -0.016891730016146279 -0.015202931500024035
383 -0.0083953318568900388 -0.0073649249863066727 -0.016025147487851121
384 -0.0083953318568900388 0.0024634009378142734 -0.016191292054650697
385 -0.0083953318568900388 0.012190874938103783 -0.015694563222336838
386 -0.0083953318568900388 0.021419253086060339 -0.014555297127667632
387 -0.0083953318568900388 0.029770724496018204 -0.012820135458416915
388 -0.0083953318568900388 0.036903378947197488 -0.010560115937196655
389 -0.0083953318568900388 0.042525204728315592 -0.0078677640287466242
390 -0.0083953318568900388 0.046406043631357051 -0.0048533049365366851
391 -0.0083953318568900388 0.04838701365565215 -0.0016401509699858182
392 -0.0014426120493591435 0.048787708190805162 0
393 -0.0014426120493591435 0.047850266058149821 0.0031726534900678449
394 -0.0014426120493591435 0.045073965035618148 0.006223383685756958
395 -0.0014426120493591435 0.040565496814538478 0.0090349527365162097
396 -0.0014426120493591435 0.034498119300268804 0.011499313620471014
397 -0.0014426120493591435 0.027104998408057985 0.013521762330880491
398 -0.0014426120493591435 0.018670247627683725 0.015024577298005909
399 -0.0014426120493591435 0.0095180097013730803 0.015950006185448978
400 -0.0014426120493591435 2.9873855336802324e-18 0.016262485280051767
401 -0.0014426120493591435 -0.0095180097013730734 0.015950006185448978
402 -0.0014426120493591435 -0.018670247627683722 0.015024577298005909
403 -0.0014426120493591435 -0.027104998408057968 0.013521762330880493
404 -0.0014426120493591435 -0.034498119300268797 0.011499313620471015
405 -0.0014426120493591435 -0.040565496814538485 0.0090349527365162097
406 -0.0014426120493591435 -0.045073965035618148 0.0062233836857569606
407 -0.0014426120493591435 -0.047850266058149821 0.0031726534900678506
408 -0.0014426120493591435 -0.048787708190805162 1.9915800544396343e-18
409 -0.0014426120493591435 -0.047850266058149821 -0.0031726534900678467
410 -0.0014426120493591435 -0.045073965035618155 -0.0062233836857569563
411 -0.0014426120493591435 -0.040565496814538492 -0.0090349527365162063
412 -0.0014426120493591435 -0.034498119300268804 -0.011499313620471014
413 -0.0014426120493591435 -0.027104998408057978 -0.013521762330880491
414 -0.0014426120493591435 -0.01867024762768375 -0.015024577298005904
415 -0.0014426120493591435 -0.0095180097013730976 -0.015950006185448978
416 -0.0014426120493591435 -8.9621566010406963e-18 -0.016262485280051767
417 -0.0014426120493591435 0.0095180097013730803 -0.015950006185448978
418 -0.0014426120493591435 0.018670247627683736 -0.015024577298005907
419 -0.0014426120493591435 0.027104998408057961 -0.013521762330880495
420 -0.0014426120493591435 0.03449811930026879 -0.011499313620471017
421 -0.0014426120493591435 0.040565496814538478 -0.0090349527365162097
422 -0.0014426120493591435 0.045073965035618141 -0.0062233836857569684
423 -0.0014426120493591435 0.047850266058149821 -0.0031726534900678523
424 0.0055116090367353619 0.048476538275956091 0.0016431940416112073
425 0.0055116090367353619 0.046491903103187043 0.0048623095677029571
426 0.0055116090367353619 0.042603883954806861 0.0078823615687958325
427 0.0055116090367353619 0.03697165679157307 0.010579708761124048
428 0.0055116090367353619 0.029825805655307056 0.012843921433708844
429 0.0055116090367353619 0.021458882531129399 0.014582302453700912
430 0.0055116090367353619 0.012213430234815673 0.015723682297890677
431 0.0055116090367353619 0.0024679586696714747 0.016221332741350573
432 0.0055116090367353619 -0.0073785514133819065 0.016054879916453907
433 0.0055116090367353619 -0.016922982734628451 0.015231138421409328
434 0.0055116090367353619 -0.025774585154353276 0.013783832329809471
435 0.0055116090367353619 -0.033570973029473705 0.011772214523095684
436 0.0055116090367353619 -0.039992961324345627 0.0092786408706298854
437 0.0055116090367353619 -0.044777633083625409 0.0064051985707264886
438 0.0055116090367353619 -0.047729103283313083 0.0032695266887586725
439 0.0055116090367353619 -0.048726538386650399 1.9890933089580684e-18
440 0.0055116090367353619 -0.047729103283313083 -0.0032695266887586686
441 0.0055116090367353619 -0.044777633083625416 -0.0064051985707264851
442 0.0055116090367353619 -0.039992961324345634 -0.0092786408706298819
443 0.0055116090367353619 -0.033570973029473712 -0.011772214523095681
444 0.0055116090367353619 -0.025774585154353248 -0.013783832329809476
445 0.0055116090367353619 -0.016922982734628434 -0.015231138421409329
446 0.0055116090367353619 -0.0073785514133818866 -0.01605487991645391
447 0.0055116090367353619 0.002467958669671495 -0.016221332741350573
448 0.0055116090367353619 0.012213430234815695 -0.015723682297890677
449 0.0055116090367353619 0.02145888253112942 -0.014582302453700909
450 0.0055116090367353619 0.029825805655307066 -0.012843921433708841
451 0.0055116090367353619 0.036971656791573076 -0.010579708761124044
452 0.0055116090367353619 0.042603883954806875 -0.0078823615687958273
453 0.0055116090367353619 0.04649190310318705 -0.0048623095677029536
454 0.0055116090367353619 0.048476538275956091 -0.001643194041611204
455 0.01246008900584677 0.048450982746376305 0
456 0.01246008900584677 0.047459188283183608 0.0032510370412289179
457 0.01246008900584677 0.044524409075459521 0.0063689762440092912
458 0.01246008900584677 0.039766795328790183 0.0092261688110369909
459 0.01246008900584677 0.033381124308960133 0.01170564094291203
460 0.01246008900584677 0.025628826137805674 0.013705882759229838
461 0.01246008900584677 0.016827280813310246 0.015145004125011931
462 0.01246008900584677 0.0073368246351963552 0.015964087242453611
463 0.01246008900584677 -0.0024540020055227665 0.016129598752488629
464 0.01246008900584677 -0.012144361515802792 0.015634762594449386
465 0.01246008900584677 -0.021337529438723975 0.014499837418786776
466 0.01246008900584677 -0.02965713639937053 0.012771287195540482
467 0.01246008900584677 -0.036762576711261291 0.010519878973946231
468 0.01246008900584677 -0.042362952813173656 0.0078377856711253236
469 0.01246008900584677 -0.046228984649479082 0.0048348125020278333
470 0.01246008900584677 -0.04820239642255978 0.0016339015410309749
471 0.01246008900584677 -0.04820239642255978 -0.001633901541030971
472 0.01246008900584677 -0.046228984649479089 -0.004834812502027829
473 0.01246008900584677 -0.042362952813173656 -0.0078377856711253201
474 0.01246008900584677 -0.036762576711261298 -0.010519878973946227
475 0.01246008900584677 -0.02965713639937052 -0.012771287195540484
476 0.01246008900584677 -0.021337529438723968 -0.014499837418786778
477 0.01246008900584677 -0.012144361515802796 -0.015634762594449386
478 0.01246008900584677 -0.0024540020055227674 -0.016129598752488629
479 0.01246008900584677 0.0073368246351963543 -0.015964087242453611
480 0.01246008900584677 0.016827280813310246 -0.015145004125011931
481 0.01246008900584677 0.025628826137805674 -0.01370588275922984
482 0.01246008900584677 0.033381124308960126 -0.01170564094291203
483 0.01246008900584677 0.039766795328790183 -0.0092261688110369926
484 0.01246008900584677 0.044524409075459521 -0.0063689762440092938
485 0.01246008900584677 0.047459188283183608 -0.0032510370412289213
486 0.01939561529962433 0.047717220807338444 0.0016174556950935336
487 0.01939561529962433 0.045763672180950621 0.0047861482590804971
488 0.01939561529962433 0.041936553438471517 0.0077588953509921633
489 0.01939561529962433 0.036392547270885582 0.010413992355602716
490 0.01939561529962433 0.029358625942086849 0.012642739289582745
491 0.01939561529962433 0.021122759017726995 0.014353890991588465
492 0.01939561529962433 0.012022123857362598 0.015477392709887974
493 0.01939561529962433 0.0024293015337382064 0.01596724815212824
494 0.01939561529962433 -0.0072629766801082405 0.015803402578948383
495 0.01939561529962433 -0.01665790777530753 0.014992563847365418
496 0.01939561529962433 -0.02537086216896468 0.013567927790319855
497 0.01939561529962433 -0.033045130484474682 0.011587819175374775
498 0.01939561529962433 -0.039366527275312313 0.009133303881878909
499 0.01939561529962433 -0.044076253814128108 0.0063048700543412804
500 0.01939561529962433 -0.046981493343053571 0.0032183141059881444
501 0.01939561529962433 -0.047963305014423342 1.9579369320813916e-18
502 0.01939561529962433 -0.046981493343053571 -0.0032183141059881405
503 0.01939561529962433 -0.044076253814128115 -0.0063048700543412769
504 0.01939561529962433 -0.03936652727531232 -0.0091333038818789056
505 0.01939561529962433 -0.033045130484474688 -0.011587819175374771
506 0.01939561529962433 -0.025370862168964656 -0.01356792779031986
507 0.01939561529962433 -0.016657907775307512 -0.01499256384736542
508 0.01939561529962433 -0.0072629766801082206 -0.015803402578948383
509 0.01939561529962433 0.0024293015337382264 -0.01596724815212824
510 0.01939561529962433 0.012022123857362621 -0.015477392709887973
511 0.01939561529962433 0.021122759017727012 -0.014353890991588462
512 0.01939561529962433 0.029358625942086859 -0.012642739289582742
513 0.01939561529962433 0.036392547270885589 -0.010413992355602713
514 0.01939561529962433 0.041936553438471524 -0.007758895350992159
515 0.01939561529962433 0.045763672180950628 -0.0047861482590804937
516 0.01939561529962433 0.047717220807338444 -0.0016174556950935303
517 0.026311136629530097 0.047265261006330009 0
518 0.026311136629530097 0.046297738336814255 0.0031714756973928275
519 0.026311136629530097 0.043434780820036045 0.0062131108071018211
520 0.026311136629530097 0.038793598273115508 0.0090003804303585445
521 0.026311136629530097 0.032564201254839373 0.011419173421296591
522 0.026311136629530097 0.025001622011058919 0.013370464110670846
523 0.026311136629530097 0.016415473424579868 0.01477436642839141
524 0.026311136629530097 0.0071572734273622858 0.015573404448619283
525 0.026311136629530097 -0.0023939461849154294 0.015734865460923356
526 0.026311136629530097 -0.011847157359105973 0.015252139232489036
527 0.026311136629530097 -0.020815344519032844 0.014144988631826347
528 0.026311136629530097 -0.028931349028651368 0.012458740534611094
529 0.026311136629530097 -0.035862900709747736 0.010262430136069008
530 0.026311136629530097 -0.041326221022075109 0.0076459746419719112
531 0.026311136629530097 -0.045097640990133935 0.0047164920476686122
532 0.026311136629530097 -0.047022758237308865 0.0015939157147694741
533 0.026311136629530097 -0.047022758237308865 -0.0015939157147694704
534 0.026311136629530097 -0.045097640990133941 -0.0047164920476686079
535 0.026311136629530097 -0.041326221022075116 -0.0076459746419719078
536 0.026311136629530097 -0.035862900709747736 -0.010262430136069003
537 0.026311136629530097 -0.028931349028651358 -0.012458740534611096
538 0.026311136629530097 -0.020815344519032837 -0.014144988631826349
539 0.026311136629530097 -0.011847157359105975 -0.015252139232489036
540 0.026311136629530097 -0.0023939461849154307 -0.015734865460923356
541 0.026311136629530097 0.007157273427362284 -0.015573404448619283
542 0.026311136629530097 0.016415473424579868 -0.01477436642839141
543 0.026311136629530097 0.025001622011058919 -0.013370464110670848
544 0.026311136629530097 0.032564201254839366 -0.011419173421296591
545 0.026311136629530097 0.038793598273115508 -0.0090003804303585462
546 0.026311136629530097 0.043434780820036045 -0.0062131108071018237
547 0.026311136629530097 0.046297738336814255 -0.003171475697392831
548 0.033199823668271351 0.04610536519882609 0.0016152897169557834
549 0.033199823668271351 0.04409033950154919 0.0047752732392163585
550 0.033199823668271351 0.040148354399132467 0.007726554406619875
551 0.033199823668271351 0.03445169355629471 0.010340148070332532
552 0.033199823668271351 0.027249328387479496 0.012501827645836235
553 0.033199823668271351 0.018856036811346604 0.014117117362792015
554 0.033199823668271351 0.0096386459452544888 0.015115421309548889
555 0.033199823668271351 1.3132528360649491e-17 0.015453108813239752
556 0.033199823668271351 -0.0096386459452544732 0.01511542130954889
557 0.033199823668271351 -0.018856036811346587 0.014117117362792019
558 0.033199823668271351 -0.027249328387479493 0.012501827645836235
559 0.033199823668271351 -0.034451693556294696 0.010340148070332535
560 0.033199823668271351 -0.040148354399132467 0.007726554406619875
561 0.033199823668271351 -0.04409033950154919 0.0047752732392163603
562 0.033199823668271351 -0.04610536519882609 0.0016152897169557875
563 0.033199823668271351 -0.04610536519882609 -0.001615289716955784
564 0.033199823668271351 -0.044090339501549197 -0.0047752732392163568
565 0.033199823668271351 -0.040148354399132474 -0.0077265544066198724
566 0.033199823668271351 -0.03445169355629471 -0.010340148070332532
567 0.033199823668271351 -0.027249328387479503 -0.012501827645836234
568 0.033199823668271351 -0.018856036811346628 -0.014117117362792012
569 0.033199823668271351 -0.0096386459452545044 -0.015115421309548889
570 0.033199823668271351 -4.9691423405846484e-17 -0.015453108813239752
571 0.033199823668271351 0.0096386459452544471 -0.015115421309548892
572 0.033199823668271351 0.018856036811346573 -0.014117117362792021
573 0.033199823668271351 0.027249328387479458 -0.012501827645836246
574 0.033199823668271351 0.034451693556294682 -0.010340148070332541
575 0.033199823668271351 0.040148354399132453 -0.0077265544066198828
576 0.033199823668271351 0.044090339501549176 -0.0047752732392163759
577 0.033199823668271351 0.04610536519882609 -0.0016152897169557964
578 0.04005513908332637 0.045248649826596252 0
579 0.04005513908332637 0.044190761538781549 0.0032423740573926255
580 0.04005513908332637 0.041066562355917269 0.0063331383075015089
581 0.04005513908332637 0.036022136359496158 0.0091277720491292971
582 0.04005513908332637 0.029293355302634033 0.011495601314529792
583 0.04005513908332637 0.021194849509046779 0.013325909038906082
584 0.04005513908332637 0.012105296108799807 0.014533112067307256
585 0.04005513908332637 0.0024497125165756669 0.015060762927835075
586 0.04005513908332637 -0.0073204169102636532 0.014884189252693072
587 0.04005513908332637 -0.016748251778438077 0.01401164743068334
588 0.04005513908332637 -0.025392957007797617 0.012483936547642472
589 0.04005513908332637 -0.032850315789717234 0.010372490666532765
590 0.04005513908332637 -0.038771630315813342 0.0077760386500513572
591 0.04005513908332637 -0.042880026499914105 0.0048159877087397742
592 0.04005513908332637 -0.044983400302605364 0.0016307465347534193
593 0.04005513908332637 -0.044983400302605364 -0.0016307465347534156
594 0.04005513908332637 -0.042880026499914105 -0.0048159877087397768
595 0.04005513908332637 -0.038771630315813335 -0.0077760386500513607
596 0.04005513908332637 -0.032850315789717227 -0.010372490666532766
597 0.04005513908332637 -0.025392957007797628 -0.012483936547642471
598 0.04005513908332637 -0.016748251778438077 -0.01401164743068334
599 0.04005513908332637 -0.007320416910263655 -0.014884189252693072
600 0.04005513908332637 0.0024497125165756656 -0.015060762927835075
601 0.04005513908332637 0.012105296108799818 -0.014533112067307254
602 0.04005513908332637 0.021194849509046789 -0.01332590903890608
603 0.04005513908332637 0.02929335530263405 -0.011495601314529789
604 0.04005513908332637 0.036022136359496165 -0.0091277720491292937
605 0.04005513908332637 0.041066562355917262 -0.0063331383075015141
606 0.04005513908332637 0.044190761538781549 -0.0032423740573926298
607 0.046870895007494008 0.043660728550961786 0.0016397942146725269
608 0.046870895007494008 0.041471397310091238 0.0048371565149095659
609 0.046870895007494008 0.037202517038618509 0.0077919635892824525
610 0.046870895007494008 0.031068147218646879 0.010356049072882291
611 0.046870895007494008 0.023375890767847355 0.012400839012872835
612 0.046870895007494008 0.0145114695447287 0.013823799103363748
613 0.046870895007494008 0.0049193826440175822 0.014553576183653931
614 0.046870895007494008 -0.0049193826440175779 0.014553576183653931
615 0.046870895007494008 -0.014511469544728694 0.013823799103363748
616 0.046870895007494008 -0.023375890767847348 0.012400839012872837
617 0.046870895007494008 -0.031068147218646872 0.010356049072882293
618 0.046870895007494008 -0.037202517038618502 0.0077919635892824543
619 0.046870895007494008 -0.041471397310091238 0.0048371565149095685
620 0.046870895007494008 -0.043660728550961786 0.0016397942146725286
621 0.046870895007494008 -0.043660728550961786 -0.001639794214672525
622 0.046870895007494008 -0.041471397310091238 -0.0048371565149095642
623 0.046870895007494008 -0.037202517038618509 -0.0077919635892824508
624 0.046870895007494008 -0.031068147218646883 -0.010356049072882291
625 0.046870895007494008 -0.023375890767847358 -0.012400839012872835
626 0.046870895007494008 -0.014511469544728706 -0.013823799103363746
627 0.046870895007494008 -0.0049193826440175883 -0.014553576183653931
628 0.046870895007494008 0.0049193826440175718 -0.014553576183653931
629 0.046870895007494008 0.014511469544728688 -0.013823799103363749
630 0.046870895007494008 0.023375890767847345 -0.012400839012872837
631 0.046870895007494008 0.031068147218646869 -0.010356049072882295
632 0.046870895007494008 0.037202517038618495 -0.007791963589282456
633 0.046870895007494008 0.041471397310091231 -0.0048371565149095694
634 0.046870895007494008 0.043660728550961786 -0.0016397942146725304
635 0.053641304013286914 0.04242867576352341 0
636 0.053641304013286914 0.041285005317190947 0.0032615753352178731
637 0.053641304013286914 0.037915649547983397 0.0063473182998868422
638 0.053641304013286914 0.032502251297543971 0.0090908756920668049
639 0.053641304013286914 0.025336648266759777 0.011344341622601981
640 0.053641304013286914 0.0168051399697676 0.012986231159889302
641 0.053641304013286914 0.007367662227156898 0.013928029613986341
642 0.053641304013286914 -0.0024670080931681188 0.014118964386457284
643 0.053641304013286914 -0.012168681368629197 0.013548742134296599
644 0.053641304013286914 -0.021214337881761698 0.012248103686714798
645 0.053641304013286914 -0.029116323948561743 0.010287166799078727
646 0.053641304013286914 -0.035448641454815265 0.0077716460865704454
647 0.053641304013286914 -0.039869913524700866 0.0048371539219195375
648 0.053641304013286914 -0.042141788236527374 0.0016418895372873222
649 0.053641304013286914 -0.042141788236527374 -0.0016418895372873187
650 0.053641304013286914 -0.039869913524700866 -0.0048371539219195341
651 0.053641304013286914 -0.035448641454815279 -0.0077716460865704419
652 0.053641304013286914 -0.029116323948561746 -0.010287166799078725
653 0.053641304013286914 -0.021214337881761722 -0.012248103686714792
654 0.053641304013286914 -0.012168681368629216 -0.013548742134296597
655 0.053641304013286914 -0.0024670080931681383 -0.014118964386457284
656 0.053641304013286914 0.0073676622271568789 -0.013928029613986342
657 0.053641304013286914 0.016805139969767582 -0.012986231159889304
658 0.053641304013286914 0.02533664826675976 -0.011344341622601985
659 0.053641304013286914 0.032502251297543958 -0.0090908756920668101
660 0.053641304013286914 0.03791564954798339 -0.0063473182998868456
661 0.053641304013286914 0.041285005317190947 -0.003261575335217877
662 0.060361017072935001 0.040431526236181993 0.0016364253667666923
663 0.060361017072935001 0.038081792893953303 0.0048141730061477834
664 0.060361017072935001 0.033518884170413078 0.0077121384092184459
665 0.060361017072935001 0.027007979735075099 0.010161902360427858
666 0.060361017072935001 0.018927469687546515 0.012021093483461377
667 0.060361017072935001 0.0097469639003307587 0.013181662348133063
668 0.060361017072935001 1.1537440157895578e-17 0.013576160910524377
669 0.060361017072935001 -0.0097469639003307362 0.013181662348133064
670 0.060361017072935001 -0.018927469687546512 0.012021093483461379
671 0.060361017072935001 -0.027007979735075089 0.010161902360427862
672 0.060361017072935001 -0.033518884170413064 0.007712138409218452
673 0.060361017072935001 -0.038081792893953297 0.0048141730061477869
674 0.060361017072935001 -0.040431526236181993 0.0016364253667666983
675 0.060361017072935001 -0.040431526236181993 -0.0016364253667666892
676 0.060361017072935001 -0.03808179289395331 -0.0048141730061477791
677 0.060361017072935001 -0.033518884170413078 -0.007712138409218445
678 0.060361017072935001 -0.027007979735075106 -0.010161902360427853
679 0.060361017072935001 -0.018927469687546505 -0.01202109348346138
680 0.060361017072935001 -0.0097469639003307466 -0.013181662348133063
681 0.060361017072935001 -7.481700901702391e-18 -0.013576160910524377
682 0.060361017072935001 0.0097469639003307327 -0.013181662348133064
683 0.060361017072935001 0.018927469687546522 -0.012021093483461377
684 0.060361017072935001 0.027007979735075099 -0.010161902360427858
685 0.060361017072935001 0.033518884170413078 -0.0077121384092184494
686 0.060361017072935001 0.038081792893953297 -0.0048141730061477886
687 0.060361017072935001 0.040431526236181993 -0.0016364253667667001
688 0.067025148906255258 0.038841610577364113 0
689 0.067025148906255258 0.037621329956350605 0.0032198385839286377
690 0.067025148906255258 0.034037162812606561 0.0062373628678910704
691 0.067025148906255258 0.028314315549418097 0.0088629707034479175
692 0.067025148906255258 0.020812375707491306 0.01093168549398099
693 0.067025148906255258 0.012002717757299226 0.012313522281000302
694 0.067025148906255258 0.0024388849075079634 0.012921655177137219
695 0.067025148906255258 -0.007278192050613282 0.012717872955971116
696 0.067025148906255258 -0.016537953434876528 0.011714980003916447
697 0.067025148906255258 -0.024758574382488342 0.0099759917735330744
698 0.067025148906255258 -0.031423523045981276 0.0076101752908873214
699 0.067025148906255258 -0.036114016188861543 0.0047661835064482048
700 0.067025148906255258 -0.038535332876534864 0.0016227148835021737
701 0.067025148906255258 -0.038535332876534864 -0.0016227148835021763
702 0.067025148906255258 -0.036114016188861536 -0.0047661835064482117
703 0.067025148906255258 -0.031423523045981276 -0.0076101752908873232
704 0.067025148906255258 -0.024758574382488335 -0.0099759917735330762
705 0.067025148906255258 -0.016537953434876507 -0.01171498000391645
706 0.067025148906255258 -0.0072781920506132742 -0.012717872955971118
707 0.067025148906255258 0.0024388849075079799 -0.012921655177137219
708 0.067025148906255258 0.012002717757299218 -0.012313522281000303
709 0.067025148906255258 0.020812375707491313 -0.010931685493980988
710 0.067025148906255258 0.028314315549418111 -0.0088629707034479106
711 0.067025148906255258 0.034037162812606561 -0.0062373628678910704
712 0.067025148906255258 0.037621329956350612 -0.0032198385839286338
713 0.073629295029077918 0.036458978593684431 0.001599971863781319
714 0.073629295029077918 0.033974359453835742 0.0046908801529057824
715 0.073629295029077918 0.029174443862491788 0.0074621127116556961
716 0.073629295029077918 0.022386338134967088 0.009724814620830597
717 0.073629295029077918 0.014072640458717344 0.011324786484611916
718 0.073629295029077918 0.0047999155913439609 0.012152992864561479
719 0.073629295029077918 -0.0047999155913439565 0.012152992864561479
720 0.073629295029077918 -0.014072640458717341 0.011324786484611916
721 0.073629295029077918 -0.022386338134967074 0.0097248146208306005
722 0.073629295029077918 -0.029174443862491781 0.0074621127116557004
723 0.073629295029077918 -0.033974359453835735 0.0046908801529057884
724 0.073629295029077918 -0.036458978593684431 0.001599971863781324
725 0.073629295029077918 -0.036458978593684431 -0.001599971863781316
726 0.073629295029077918 -0.033974359453835749 -0.0046908801529057754
727 0.073629295029077918 -0.029174443862491795 -0.0074621127116556935
728 0.073629295029077918 -0.022386338134967095 -0.0097248146208305953
729 0.073629295029077918 -0.014072640458717364 -0.011324786484611913
730 0.073629295029077918 -0.0047999155913439895 -0.012152992864561478
731 0.073629295029077918 0.0047999155913439444 -0.012152992864561481
732 0.073629295029077918 0.01407264045871732 -0.01132478648461192
733 0.073629295029077918 0.022386338134967061 -0.009724814620830604
734 0.073629295029077918 0.029174443862491777 -0.0074621127116557004
735 0.073629295029077918 0.033974359453835735 -0.0046908801529057893
736 0.073629295029077918 0.036458978593684424 -0.0015999718637813311
737 0.080169534300143105 0.034530173521274063 0
738 0.080169534300143105 0.033131458871351833 0.0032427580247755923
739 0.080169534300143105 0.029048630464045513 0.0062228070798084146
740 0.080169534300143105 0.022612454775399582 0.0086987213136938534
741 0.080169534300143105 0.01434435248229746 0.010469916880031429
742 0.080169534300143105 0.0049141560602285906 0.011392902047742102
743 0.080169534300143105 -0.0049141560602285863 0.011392902047742102
744 0.080169534300143105 -0.014344352482297455 0.010469916880031431
745 0.080169534300143105 -0.022612454775399582 0.0086987213136938534
746 0.080169534300143105 -0.029048630464045506 0.0062228070798084172
747 0.080169534300143105 -0.033131458871351833 0.0032427580247755923
748 0.080169534300143105 -0.034530173521274063 1.4095755492276994e-18
749 0.080169534300143105 -0.033131458871351833 -0.0032427580247755892
750 0.080169534300143105 -0.029048630464045513 -0.0062228070798084146
751 0.080169534300143105 -0.022612454775399585 -0.0086987213136938517
752 0.080169534300143105 -0.014344352482297458 -0.010469916880031431
753 0.080169534300143105 -0.0049141560602285941 -0.011392902047742102
754 0.080169534300143105 0.0049141560602285819 -0.011392902047742102
755 0.080169534300143105 0.014344352482297446 -0.010469916880031432
756 0.080169534300143105 0.022612454775399589 -0.0086987213136938517
757 0.080169534300143105 0.029048630464045513 -0.0062228070798084146
758 0.080169534300143105 0.033131458871351833 -0.0032427580247755936
759 0.086642431030754488 0.031758622138318572 0.0015956140284034688
760 0.086642431030754488 0.028936729190911271 0.0046450647765499276
761 0.086642431030754488 0.023543680868147041 0.0072817811347689063
762 0.086642431030754488 0.01605867318050623 0.0092714792835934933
763 0.086642431030754488 0.0071467819084509287 0.01043736581085412
764 0.086642431030754488 -0.0024001322993060636 0.010675846582194927
765 0.086642431030754488 -0.011733784219462595 0.0099657315345266541
766 0.086642431030754488 -0.020024837918855981 0.0083701175061231814
767 0.086642431030754488 -0.026536596891605212 0.0060307818056449967
768 0.086642431030754488 -0.030690462776597968 0.0031555846760852155
769 0.086642431030754488 -0.032117346361012454 -3.4432421420435755e-18
770 0.086642431030754488 -0.030690462776597965 -0.0031555846760852172
771 0.086642431030754488 -0.026536596891605209 -0.0060307818056449993
772 0.086642431030754488 -0.020024837918855974 -0.0083701175061231831
773 0.086642431030754488 -0.011733784219462595 -0.0099657315345266523
774 0.086642431030754488 -0.0024001322993060783 -0.010675846582194927
775 0.086642431030754488 0.0071467819084509217 -0.01043736581085412
776 0.086642431030754488 0.01605867318050623 -0.0092714792835934933
777 0.086642431030754488 0.023543680868147031 -0.0072817811347689098
778 0.086642431030754488 0.028936729190911267 -0.0046450647765499302
779 0.086642431030754488 0.031758622138318572 -0.0015956140284034681
780 0.093045015906033923 0.029541180242814141 0
781 0.093045015906033923 0.027940557613839755 0.003197335181507212
782 0.093045015906033923 0.023312142024985029 0.0060481894843310994
783 0.093045015906033923 0.016157494122569824 0.0082436286091984359
784 0.093045015906033923 0.0072519310226213827 0.009545742661181909
785 0.093045015906033923 -0.0024394913289317853 0.0098134273783678626
786 0.093045015906033923 -0.011866556942387132 0.0090176749680928574
787 0.093045015906033923 -0.02000769698253245 0.0072447175513810271
788 0.093045015906033923 -0.025980692603214769 0.0046866825746019001
789 0.093045015906033923 -0.029138277048356906 0.0016207728194917699
790 0.093045015906033923 -0.029138277048356909 -0.0016207728194917673
791 0.093045015906033923 -0.025980692603214773 -0.0046866825746018984
792 0.093045015906033923 -0.020007696982532464 -0.0072447175513810219
793 0.093045015906033923 -0.01186655694238715 -0.0090176749680928557
794 0.093045015906033923 -0.0024394913289317991 -0.0098134273783678626
795 0.093045015906033923 0.0072519310226213697 -0.0095457426611819107
796 0.093045015906033923 0.016157494122569813 -0.0082436286091984376
797 0.093045015906033923 0.023312142024985025 -0.0060481894843311011
798 0.093045015906033923 0.027940557613839755 -0.0031973351815072146
799 0.099374775035833376 0.026400541631257352 0.0015517092649692474
800 0.099374775035833376 0.023216246680030053 0.0044679687567627021
801 0.099374775035833376 0.017231729743881818 0.0068453252762945543
802 0.099374775035833376 0.0091688118873755383 0.0083970345412638023
803 0.099374775035833376 1.6415050909979467e-18 0.0089359375135254059
804 0.099374775035833376 -0.0091688118873755348 0.0083970345412638023
805 0.099374775035833376 -0.017231729743881808 0.0068453252762945577
806 0.099374775035833376 -0.023216246680030049 0.0044679687567627056
807 0.099374775035833376 -0.026400541631257352 0.0015517092649692508
808 0.099374775035833376 -0.026400541631257355 -0.0015517092649692445
809 0.099374775035833376 -0.023216246680030056 -0.0044679687567627012
810 0.099374775035833376 -0.017231729743881822 -0.0068453252762945534
811 0.099374775035833376 -0.0091688118873755539 -0.0083970345412638005
812 0.099374775035833376 -4.9245152729938395e-18 -0.0089359375135254059
813 0.099374775035833376 0.009168811887375521 -0.008397034541263804
814 0.099374775035833376 0.017231729743881815 -0.006845325276294556
815 0.099374775035833376 0.023216246680030046 -0.0044679687567627073
816 0.099374775035833376 0.026400541631257348 -0.0015517092649692558
817 0.10562962057717976 0.023923387037411294 0
818 0.10562962057717976 0.022102327632210123 0.0030516946217583507
819 0.10562962057717976 0.016916389203103878 0.0056387964010346254
820 0.10562962057717976 0.0091550838652750509 0.0073674425440700417
821 0.10562962057717976 1.464884968006451e-18 0.0079744623458037657
822 0.10562962057717976 -0.0091550838652750492 0.0073674425440700417
823 0.10562962057717976 -0.016916389203103874 0.0056387964010346263
824 0.10562962057717976 -0.022102327632210123 0.0030516946217583516
825 0.10562962057717976 -0.023923387037411294 9.7658997867096753e-19
826 0.10562962057717976 -0.022102327632210126 -0.0030516946217583499
827 0.10562962057717976 -0.016916389203103878 -0.0056387964010346254
828 0.10562962057717976 -0.009155083865275063 -0.00736744254407004
829 0.10562962057717976 -4.3946549040193528e-18 -0.0079744623458037657
830 0.10562962057717976 0.0091550838652750561 -0.0073674425440700408
831 0.10562962057717976 0.016916389203103871 -0.0056387964010346271
832 0.10562962057717976 0.022102327632210119 -0.0030516946217583555
833 0.11180786781562738 0.02037014933468646 0.0015497845526650129
834 0.11180786781562738 0.01633559143546489 0.0043423998204795205
835 0.11180786781562738 0.009065569309568056 0.0062749495478091905
836 0.11180786781562738 1.2793888588669773e-18 0.0069646685599893659
837 0.11180786781562738 -0.0090655693095680542 0.0062749495478091905
838 0.11180786781562738 -0.01633559143546489 0.0043423998204795214
839 0.11180786781562738 -0.02037014933468646 0.0015497845526650138
840 0.11180786781562738 -0.02037014933468646 -0.0015497845526650121
841 0.11180786781562738 -0.016335591435464893 -0.0043423998204795197
842 0.11180786781562738 -0.0090655693095680577 -0.0062749495478091897
843 0.11180786781562738 -3.8381665766009318e-18 -0.0069646685599893659
844 0.11180786781562738 0.0090655693095680508 -0.0062749495478091914
845 0.11180786781562738 0.01633559143546489 -0.0043423998204795223
846 0.11180786781562738 0.020370149334686456 -0.0015497845526650147
847 0.11790820507127017 0.017725688887041291 0
848 0.11790820507127017 0.015350896875757272 0.0029542814811735481
849 0.11790820507127017 0.0088628444435206472 0.005116965625252423
850 0.11790820507127017 1.0853854079098464e-18 0.005908562962347097
851 0.11790820507127017 -0.008862844443520642 0.0051169656252524238
852 0.11790820507127017 -0.015350896875757268 0.0029542814811735507
853 0.11790820507127017 -0.017725688887041291 7.2359027193989751e-19
854 0.11790820507127017 -0.015350896875757273 -0.0029542814811735472
855 0.11790820507127017 -0.0088628444435206542 -0.0051169656252524221
856 0.11790820507127017 -3.2561562237295389e-18 -0.005908562962347097
857 0.11790820507127017 0.0088628444435206333 -0.0051169656252524256
858 0.11790820507127017 0.015350896875757266 -0.0029542814811735511
859 0.12392966495923748 0.013718363480881091 0.0014857888316734934
860 0.12392966495923748 0.0084784149012098325 0.0038898456614262023
861 0.12392966495923748 8.8323615045749622e-19 0.0048081136595054174
862 0.12392966495923748 -0.0084784149012098308 0.0038898456614262023
863 0.12392966495923748 -0.013718363480881091 0.0014857888316734938
864 0.12392966495923748 -0.013718363480881093 -0.0014857888316734927
865 0.12392966495923748 -0.0084784149012098343 -0.0038898456614262019
866 0.12392966495923748 -2.6497084513724887e-18 -0.0048081136595054174
867 0.12392966495923748 0.0084784149012098291 -0.0038898456614262027
868 0.12392966495923748 0.013718363480881091 -0.0014857888316734947
869 0.12987158556652431 0.010995727108215139 0
870 0.12987158556652431 0.0077751532022956715 0.002591717734098557
871 0.12987158556652431 6.7329410036867257e-19 0.0036652423694050465
872 0.12987158556652431 -0.0077751532022956706 0.0025917177340985574
873 0.12987158556652431 -0.010995727108215139 4.4886273357911508e-19
874 0.12987158556652431 -0.0077751532022956723 -0.002591717734098557
875 0.12987158556652431 -2.0198823011060176e-18 -0.0036652423694050465
876 0.12987158556652431 0.0077751532022956689 -0.0025917177340985579
877 0.13573359078847622 0.0068786946890066498 0.00094974954387011122
878 0.13573359078847622 0.0028492486316103339 0.0022928982296688831
879 0.13573359078847622 -0.002849248631610333 0.0022928982296688831
880 0.13573359078847622 -0.0068786946890066498 0.00094974954387011155
881 0.13573359078847622 -0.0068786946890066506 -0.00094974954387011101
882 0.13573359078847622 -0.0028492486316103378 -0.0022928982296688827
883 0.13573359078847622 0.0028492486316103352 -0.0022928982296688831
884 0.13573359078847622 0.006878694689006648 -0.00094974954387011274
885 0.14151554975547939 0.0037789168760328264 0
886 0.14151554975547939 0.0026720977485830957 0.00089069924952769842
887 0.14151554975547939 2.3139192282387583e-19 0.0012596389586776089
888 0.14151554975547939 -0.0026720977485830953 0.00089069924952769864
889 0.14151554975547939 -0.0037789168760328264 1.5426128188258387e-19
890 0.14151554975547939 -0.0026720977485830961 -0.00089069924952769842
891 0.14151554975547939 -6.9417576847162734e-19 -0.0012596389586776089
892 0.14151554975547939 0.0026720977485830948 -0.00089069924952769875
893 0.14721755875200002 0 0
$EndNodes
$Elements
1782
1 2 2 0 1 1 3 2
2 2 2 0 1 1 4 3
3 2 2 0 1 1 5 4
4 2 2 0 1 1 6 5
5 2 2 0 1 1 7 6
6 2 2 0 1 1 8 7
7 2 2 0 1 1 9 8
8 2 2 0 1 1 2 9
9 2 2 0 1 2 11 10
10 2 2 0 1 2 3 11
11 2 2 0 1 3 12 11
12 2 2 0 1 3 4 12
13 2 2 0 1 4 13 12
14 2 2 0 1 4 5 13
15 2 2 0 1 5 14 13
16 2 2 0 1 5 6 14
17 2 2 0 1 6 15 14
18 2 2 0 1 6 7 15
19 2 2 0 1 7 16 15
20 2 2 0 1 7 8 16
21 2 2 0 1 8 17 16
22 2 2 0 1 8 9 17
23 2 2 0 1 9 18 17
24 2 2 0 1 9 2 18
25 2 2 0 1 2 10 18
26 2 2 0 1 10 20 19
27 2 2 0 1 10 11 20
28 2 2 0 1 11 21 20
29 2 2 0 1 11 12 21
30 2 2 0 1 12 22 21
31 2 2 0 1 12 13 22
32 2 2 0 1 13 23 22
33 2 2 0 1 13 24 23
34 2 2 0 1 13 14 24
35 2 2 0 1 14 25 24
36 2 2 0 1 14 15 25
37 2 2 0 1 15 26 25
38 2 2 0 1 15 16 26
39 2 2 0 1 16 27 26
40 2 2 0 1 16 28 27
41 2 2 0 1 16 17 28
42 2 2 0 1 17 29 28
43 2 2 0 1 17 18 29
44 2 2 0 1 18 30 29
45 2 2 0 1 18 10 30
46 2 2 0 1 10 19 30
47 2 2 0 1 19 32 31
48 2 2 0 1 19 20 32
49 2 2 0 1 20 33 32
50 2 2 0 1 20 21 33
51 2 2 0 1 21 34 33
52 2 2 0 1 21 22 34
53 2 2 0 1 22 35 34
54 2 2 0 1 22 23 35
55 2 2 0 1 23 36 35
56 2 2 0 1 23 37 36
57 2 2 0 1 23 24 37
58 2 2 0 1 24 38 37
59 2 2 0 1 24 25 38
60 2 2 0 1 25 39 38
61 2 2 0 1 25 26 39
62 2 2 0 1 26 40 39
63 2 2 0 1 26 27 40
64 2 2 0 1 27 41 40
65 2 2 0 1 27 42 41
66 2 2 0 1 27 28 42
67 2 2 0 1 28 43 42
68 2 2 0 1 28 29 43
69 2 2 0 1 29 44 43
70 2 2 0 1 29 30 44
71 2 2 0 1 30 45 44
72 2 2 0 1 30 19 45
73 2 2 0 1 19 31 45
74 2 2 0 1 31 47 46
75 2 2 0 1 31 32 47
76 2 2 0 1 32 48 47
77 2 2 0 1 32 33 48
78 2 2 0 1 33 49 48
79 2 2 0 1 33 34 49
80 2 2 0 1 34 50 49
81 2 2 0 1 34 35 50
82 2 2 0 1 35 51 50
83 2 2 0 1 35 36 51
84 2 2 0 1 36 52 51
85 2 2 0 1 36 53 52
86 2 2 0 1 36 37 53
87 2 2 0 1 37 54 53
88 2 2 0 1 37 38 54
89 2 2 0 1 38 55 54
90 2 2 0 1 38 39 55
91 2 2 0 1 39 56 55
92 2 2 0 1 39 40 56
93 2 2 0 1 40 57 56
94 2 2 0 1 40 41 57
95 2 2 0 1 41 58 57
96 2 2 0 1 41 59 58
97 2 2 0 1 41 42 59
98 2 2 0 1 42 60 59
99 2 2 0 1 42 43 60
100 2 2 0 1 43 61 60
101 2 2 0 1 43 44 61
102 2 2 0 1 44 62 61
103 2 2 0 1 44 45 62
104 2 2 0 1 45 63 62
105 2 2 0 1 45 31 63
106 2 2 0 1 31 46 63
107 2 2 0 1 46 65 64
108 2 2 0 1 46 47 65
109 2 2 0 1 47 66 65
110 2 2 0 1 47 48 66
111 2 2 0 1 48 67 66
112 2 2 0 1 48 49 67
113 2 2 0 1 49 68 67
114 2 2 0 1 49 50 68
115 2 2 0 1 50 69 68
116 2 2 0 1 50 51 69
117 2 2 0 1 51 70 69
118 2 2 0 1 51 52 70
119 2 2 0 1 52 71 70
120 2 2 0 1 52 53 71
121 2 2 0 1 53 72 71
122 2 2 0 1 53 54 72
123 2 2 0 1 54 73 72
124 2 2 0 1 54 55 73
125 2 2 0 1 55 74 73
126 2 2 0 1 55 75 74
127 2 2 0 1 55 56 75
128 2 2 0 1 56 76 75
129 2 2 0 1 56 57 76
130 2 2 0 1 57 77 76
131 2 2 0 1 57 58 77
132 2 2 0 1 58 78 77
133 2 2 0 1 58 59 78
134 2 2 0 1 59 79 78
135 2 2 0 1 59 60 79
136 2 2 0 1 60 80 79
137 2 2 0 1 60 61 80
138 2 2 0 1 61 81 80
139 2 2 0 1 61 62 81
140 2 2 0 1 62 82 81
141 2 2 0 1 62 63 82
142 2 2 0 1 63 83 82
143 2 2 0 1 63 46 83
144 2 2 0 1 46 64 83
145 2 2 0 1 64 85 84
146 2 2 0 1 64 65 85
147 2 2 0 1 65 86 85
148 2 2 0 1 65 66 86
149 2 2 0 1 66 87 86
150 2 2 0 1 66 67 87
151 2 2 0 1 67 88 87
152 2 2 0 1 67 68 88
153 2 2 0 1 68 89 88
154 2 2 0 1 68 69 89
155 2 2 0 1 69 90 89
156 2 2 0 1 69 70 90
157 2 2 0 1 70 91 90
158 2 2 0 1 70 71 91
159 2 2 0 1 71 92 91
160 2 2 0 1 71 72 92
161 2 2 0 1 72 93 92
162 2 2 0 1 72 73 93
163 2 2 0 1 73 94 93
164 2 2 0 1 73 74 94
165 2 2 0 1 74 95 94
166 2 2 0 1 74 96 95
167 2 2 0 1 74 75 96
168 2 2 0 1 75 97 96
169 2 2 0 1 75 76 97
170 2 2 0 1 76 98 97
171 2 2 0 1 76 77 98
172 2 2 0 1 77 99 98
173 2 2 0 1 77 78 99
174 2 2 0 1 78 100 99
175 2 2 0 1 78 79 100
176 2 2 0 1 79 101 100
177 2 2 0 1 79 80 101
178 2 2 0 1 80 102 101
179 2 2 0 1 80 81 102
180 2 2 0 1 81 103 102
181 2 2 0 1 81 82 103
182 2 2 0 1 82 104 103
183 2 2 0 1 82 83 104
184 2 2 0 1 83 105 104
185 2 2 0 1 83 64 105
186 2 2 0 1 64 84 105
187 2 2 0 1 84 107 106
188 2 2 0 1 84 85 107
189 2 2 0 1 85 108 107
190 2 2 0 1 85 86 108
191 2 2 0 1 86 109 108
192 2 2 0 1 86 87 109
193 2 2 0 1 87 110 109
194 2 2 0 1 87 88 110
195 2 2 0 1 88 111 110
196 2 2 0 1 88 89 111
197 2 2 0 1 89 112 111
198 2 2 0 1 89 90 112
199 2 2 0 1 90 113 112
200 2 2 0 1 90 91 113
201 2 2 0 1 91 114 113
202 2 2 0 1 91 92 114
203 2 2 0 1 92 115 114
204 2 2 0 1 92 93 115
205 2 2 0 1 93 116 115
206 2 2 0 1 93 94 116
207 2 2 0 1 94 117 116
208 2 2 0 1 94 95 117
209 2 2 0 1 95 118 117
210 2 2 0 1 95 119 118
211 2 2 0 1 95 96 119
212 2 2 0 1 96 120 119
213 2 2 0 1 96 97 120
214 2 2 0 1 97 121 120
215 2 2 0 1 97 98 121
216 2 2 0 1 98 122 121
217 2 2 0 1 98 99 122
218 2 2 0 1 99 123 122
219 2 2 0 1 99 100 123
220 2 2 0 1 100 124 123
221 2 2 0 1 100 101 124
222 2 2 0 1 101 125 124
223 2 2 0 1 101 102 125
224 2 2 0 1 102 126 125
225 2 2 0 1 102 103 126
226 2 2 0 1 103 127 126
227 2 2 0 1 103 104 127
228 2 2 0 1 104 128 127
229 2 2 0 1 104 105 128
230 2 2 0 1 105 129 128
231 2 2 0 1 105 84 129
232 2 2 0 1 84 106 129
233 2 2 0 1 106 131 130
234 2 2 0 1 106 107 131
235 2 2 0 1 107 132 131
236 2 2 0 1 107 108 132
237 2 2 0 1 108 133 132
238 2 2 0 1 108 109 133
239 2 2 0 1 109 134 133
240 2 2 0 1 109 110 134
241 2 2 0 1 110 135 134
242 2 2 0 1 110 111 135
243 2 2 0 1 111 136 135
244 2 2 0 1 111 112 136
245 2 2 0 1 112 137 136
246 2 2 0 1 112 113 137
247 2 2 0 1 113 138 137
248 2 2 0 1 113 114 138
249 2 2 0 1 114 139 138
250 2 2 0 1 114 115 139
251 2 2 0 1 115 140 139
252 2 2 0 1 115 116 140
253 2 2 0 1 116 141 140
254 2 2 0 1 116 117 141
255 2 2 0 1 117 142 141
256 2 2 0 1 117 118 142
257 2 2 0 1 118 143 142
258 2 2 0 1 118 119 143
259 2 2 0 1 119 144 143
260 2 2 0 1 119 120 144
261 2 2 0 1 120 145 144
262 2 2 0 1 120 121 145
263 2 2 0 1 121 146 145
264 2 2 0 1 121 122 146
265 2 2 0 1 122 147 146
266 2 2 0 1 122 123 147
267 2 2 0 1 123 148 147
268 2 2 0 1 123 124 148
269 2 2 0 1 124 149 148
270 2 2 0 1 124 125 149
271 2 2 0 1 125 150 149
272 2 2 0 1 125 126 150
273 2 2 0 1 126 151 150
274 2 2 0 1 126 127 151
275 2 2 0 1 127 152 151
276 2 2 0 1 127 128 152
277 2 2 0 1 128 153 152
278 2 2 0 1 128 129 153
279 2 2 0 1 129 154 153
280 2 2 0 1 129 106 154
281 2 2 0 1 106 130 154
282 2 2 0 1 130 156 155
283 2 2 0 1 130 131 156
284 2 2 0 1 131 157 156
285 2 2 0 1 131 132 157
286 2 2 0 1 132 158 157
287 2 2 0 1 132 133 158
288 2 2 0 1 133 159 158
289 2 2 0 1 133 134 159
290 2 2 0 1 134 160 159
291 2 2 0 1 134 135 160
292 2 2 0 1 135 161 160
293 2 2 0 1 135 136 161
294 2 2 0 1 136 162 161
295 2 2 0 1 136 137 162
296 2 2 0 1 137 163 162
297 2 2 0 1 137 138 163
298 2 2 0 1 138 164 163
299 2 2 0 1 138 139 164
300 2 2 0 1 139 165 164
301 2 2 0 1 139 140 165
302 2 2 0 1 140 166 165
303 2 2 0 1 140 141 166
304 2 2 0 1 141 167 166
305 2 2 0 1 141 142 167
306 2 2 0 1 142 168 167
307 2 2 0 1 142 169 168
308 2 2 0 1 142 143 169
309 2 2 0 1 143 170 169
310 2 2 0 1 143 144 170
311 2 2 0 1 144 171 170
312 2 2 0 1 144 145 171
313 2 2 0 1 145 172 171
314 2 2 0 1 145 146 172
315 2 2 0 1 146 173 172
316 2 2 0 1 146 147 173
317 2 2 0 1 147 174 173
318 2 2 0 1 147 148 174
319 2 2 0 1 148 175 174
320 2 2 0 1 148 149 175
321 2 2 0 1 149 176 175
322 2 2 0 1 149 150 176
323 2 2 0 1 150 177 176
324 2 2 0 1 150 151 177
325 2 2 0 1 151 178 177
326 2 2 0 1 151 152 178
327 2 2 0 1 152 179 178
328 2 2 0 1 152 153 179
329 2 2 0 1 153 180 179
330 2 2 0 1 153 154 180
331 2 2 0 1 154 181 180
332 2 2 0 1 154 130 181
333 2 2 0 1 130 155 181
334 2 2 0 1 155 183 182
335 2 2 0 1 155 156 183
336 2 2 0 1 156 184 183
337 2 2 0 1 156 157 184
338 2 2 0 1 157 185 184
339 2 2 0 1 157 158 185
340 2 2 0 1 158 186 185
341 2 2 0 1 158 159 186
342 2 2 0 1 159 187 186
343 2 2 0 1 159 160 187
344 2 2 0 1 160 188 187
345 2 2 0 1 160 161 188
346 2 2 0 1 161 189 188
347 2 2 0 1 161 162 189
348 2 2 0 1 162 190 189
349 2 2 0 1 162 163 190
350 2 2 0 1 163 191 190
351 2 2 0 1 163 164 191
352 2 2 0 1 164 192 191
353 2 2 0 1 164 165 192
354 2 2 0 1 165 193 192
355 2 2 0 1 165 166 193
356 2 2 0 1 166 194 193
357 2 2 0 1 166 167 194
358 2 2 0 1 167 195 194
359 2 2 0 1 167 168 195
360 2 2 0 1 168 196 195
361 2 2 0 1 168 169 196
362 2 2 0 1 169 197 196
363 2 2 0 1 169 170 197
364 2 2 0 1 170 198 197
365 2 2 0 1 170 171 198
366 2 2 0 1 171 199 198
367 2 2 0 1 171 172 199
368 2 2 0 1 172 200 199
369 2 2 0 1 172 173 200
370 2 2 0 1 173 201 200
371 2 2 0 1 173 174 201
372 2 2 0 1 174 202 201
373 2 2 0 1 174 175 202
374 2 2 0 1 175 203 202
375 2 2 0 1 175 176 203
376 2 2 0 1 176 204 203
377 2 2 0 1 176 177 204
378 2 2 0 1 177 205 204
379 2 2 0 1 177 178 205
380 2 2 0 1 178 206 205
381 2 2 0 1 178 179 206
382 2 2 0 1 179 207 206
383 2 2 0 1 179 180 207
384 2 2 0 1 180 208 207
385 2 2 0 1 180 181 208
386 2 2 0 1 181 209 208
387 2 2 0 1 181 155 209
388 2 2 0 1 155 182 209
389 2 2 0 1 182 211 210
390 2 2 0 1 182 183 211
391 2 2 0 1 183 212 211
392 2 2 0 1 183 184 212
393 2 2 0 1 184 213 212
394 2 2 0 1 184 185 213
395 2 2 0 1 185 214 213
396 2 2 0 1 185 186 214
397 2 2 0 1 186 215 214
398 2 2 0 1 186 187 215
399 2 2 0 1 187 216 215
400 2 2 0 1 187 188 216
401 2 2 0 1 188 217 216
402 2 2 0 1 188 189 217
403 2 2 0 1 189 218 217
404 2 2 0 1 189 190 218
405 2 2 0 1 190 219 218
406 2 2 0 1 190 191 219
407 2 2 0 1 191 220 219
408 2 2 0 1 191 192 220
409 2 2 0 1 192 221 220
410 2 2 0 1 192 193 221
411 2 2 0 1 193 222 221
412 2 2 0 1 193 194 222
413 2 2 0 1 194 223 222
414 2 2 0 1 194 195 223
415 2 2 0 1 195 224 223
416 2 2 0 1 195 196 224
417 2 2 0 1 196 225 224
418 2 2 0 1 196 197 225
419 2 2 0 1 197 226 225
420 2 2 0 1 197 198 226
421 2 2 0 1 198 227 226
422 2 2 0 1 198 199 227
423 2 2 0 1 199 228 227
424 2 2 0 1 199 200 228
425 2 2 0 1 200 229 228
426 2 2 0 1 200 201 229
427 2 2 0 1 201 230 229
428 2 2 0 1 201 202 230
429 2 2 0 1 202 231 230
430 2 2 0 1 202 203 231
431 2 2 0 1 203 232 231
432 2 2 0 1 203 204 232
433 2 2 0 1 204 233 232
434 2 2 0 1 204 205 233
435 2 2 0 1 205 234 233
436 2 2 0 1 205 206 234
437 2 2 0 1 206 235 234
438 2 2 0 1 206 207 235
439 2 2 0 1 207 236 235
440 2 2 0 1 207 208 236
441 2 2 0 1 208 237 236
442 2 2 0 1 208 209 237
443 2 2 0 1 209 238 237
444 2 2 0 1 209 182 238
445 2 2 0 1 182 210 238
446 2 2 0 1 210 240 239
447 2 2 0 1 210 211 240
448 2 2 0 1 211 241 240
449 2 2 0 1 211 212 241
450 2 2 0 1 212 242 241
451 2 2 0 1 212 213 242
452 2 2 0 1 213 243 242
453 2 2 0 1 213 214 243
454 2 2 0 1 214 244 243
455 2 2 0 1 214 215 244
456 2 2 0 1 215 245 244
457 2 2 0 1 215 216 245
458 2 2 0 1 216 246 245
459 2 2 0 1 216 217 246
460 2 2 0 1 217 247 246
461 2 2 0 1 217 218 247
462 2 2 0 1 218 248 247
463 2 2 0 1 218 219 248
464 2 2 0 1 219 249 248
465 2 2 0 1 219 220 249
466 2 2 0 1 220 250 249
467 2 2 0 1 220 221 250
468 2 2 0 1 221 251 250
469 2 2 0 1 221 222 251
470 2 2 0 1 222 252 251
471 2 2 0 1 222 223 252
472 2 2 0 1 223 253 252
473 2 2 0 1 223 224 253
474 2 2 0 1 224 254 253
475 2 2 0 1 224 225 254
476 2 2 0 1 225 255 254
477 2 2 0 1 225 226 255
478 2 2 0 1 226 256 255
479 2 2 0 1 226 227 256
480 2 2 0 1 227 257 256
481 2 2 0 1 227 228 257
482 2 2 0 1 228 258 257
483 2 2 0 1 228 229 258
484 2 2 0 1 229 259 258
485 2 2 0 1 229 230 259
486 2 2 0 1 230 260 259
487 2 2 0 1 230 231 260
488 2 2 0 1 231 261 260
489 2 2 0 1 231 232 261
490 2 2 0 1 232 262 261
491 2 2 0 1 232 233 262
492 2 2 0 1 233 263 262
493 2 2 0 1 233 234 263
494 2 2 0 1 234 264 263
495 2 2 0 1 234 235 264
496 2 2 0 1 235 265 264
497 2 2 0 1 235 236 265
498 2 2 0 1 236 266 265
499 2 2 0 1 236 237 266
500 2 2 0 1 237 267 266
501 2 2 0 1 237 238 267
502 2 2 0 1 238 268 267
503 2 2 0 1 238 210 268
504 2 2 0 1 210 239 268
505 2 2 0 1 239 240 269
506 2 2 0 1 240 270 269
507 2 2 0 1 240 241 270
508 2 2 0 1 241 271 270
509 2 2 0 1 241 242 271
510 2 2 0 1 242 272 271
511 2 2 0 1 242 243 272
512 2 2 0 1 243 273 272
513 2 2 0 1 243 244 273
514 2 2 0 1 244 274 273
515 2 2 0 1 244 245 274
516 2 2 0 1 245 275 274
517 2 2 0 1 245 246 275
518 2 2 0 1 246 276 275
519 2 2 0 1 246 247 276
520 2 2 0 1 247 277 276
521 2 2 0 1 247 248 277
522 2 2 0 1 248 278 277
523 2 2 0 1 248 249 278
524 2 2 0 1 249 279 278
525 2 2 0 1 249 250 279
526 2 2 0 1 250 280 279
527 2 2 0 1 250 251 280
528 2 2 0 1 251 281 280
529 2 2 0 1 251 252 281
530 2 2 0 1 252 282 281
531 2 2 0 1 252 253 282
532 2 2 0 1 253 283 282
533 2 2 0 1 253 254 283
534 2 2 0 1 254 284 283
535 2 2 0 1 254 255 284
536 2 2 0 1 255 285 284
537 2 2 0 1 255 256 285
538 2 2 0 1 256 286 285
539 2 2 0 1 256 257 286
540 2 2 0 1 257 287 286
541 2 2 0 1 257 258 287
542 2 2 0 1 258 288 287
543 2 2 0 1 258 259 288
544 2 2 0 1 259 289 288
545 2 2 0 1 259 260 289
546 2 2 0 1 260 290 289
547 2 2 0 1 260 261 290
548 2 2 0 1 261 291 290
549 2 2 0 1 261 262 291
550 2 2 0 1 262 292 291
551 2 2 0 1 262 263 292
552 2 2 0 1 263 293 292
553 2 2 0 1 263 264 293
554 2 2 0 1 264 294 293
555 2 2 0 1 264 265 294
556 2 2 0 1 265 295 294
557 2 2 0 1 265 266 295
558 2 2 0 1 266 296 295
559 2 2 0 1 266 267 296
560 2 2 0 1 267 297 296
561 2 2 0 1 267 268 297
562 2 2 0 1 268 298 297
563 2 2 0 1 268 239 298
564 2 2 0 1 239 269 298
565 2 2 0 1 269 300 299
566 2 2 0 1 269 270 300
567 2 2 0 1 270 301 300
568 2 2 0 1 270 271 301
569 2 2 0 1 271 302 301
570 2 2 0 1 271 272 302
571 2 2 0 1 272 303 302
572 2 2 0 1 272 273 303
573 2 2 0 1 273 304 303
574 2 2 0 1 273 274 304
575 2 2 0 1 274 305 304
576 2 2 0 1 274 275 305
577 2 2 0 1 275 306 305
578 2 2 0 1 275 276 306
579 2 2 0 1 276 307 306
580 2 2 0 1 276 277 307
581 2 2 0 1 277 308 307
582 2 2 0 1 277 278 308
583 2 2 0 1 278 309 308
584 2 2 0 1 278 279 309
585 2 2 0 1 279 310 309
586 2 2 0 1 279 280 310
587 2 2 0 1 280 311 310
588 2 2 0 1 280 281 311
589 2 2 0 1 281 312 311
590 2 2 0 1 281 282 312
591 2 2 0 1 282 313 312
592 2 2 0 1 282 283 313
593 2 2 0 1 283 314 313
594 2 2 0 1 283 284 314
595 2 2 0 1 284 315 314
596 2 2 0 1 284 285 315
597 2 2 0 1 285 316 315
598 2 2 0 1 285 286 316
599 2 2 0 1 286 317 316
600 2 2 0 1 286 287 317
601 2 2 0 1 287 318 317
602 2 2 0 1 287 288 318
603 2 2 0 1 288 319 318
604 2 2 0 1 288 289 319
605 2 2 0 1 289 320 319
606 2 2 0 1 289 290 320
607 2 2 0 1 290 321 320
608 2 2 0 1 290 291 321
609 2 2 0 1 291 322 321
610 2 2 0 1 291 292 322
611 2 2 0 1 292 323 322
612 2 2 0 1 292 293 323
613 2 2 0 1 293 324 323
614 2 2 0 1 293 294 324
615 2 2 0 1 294 325 324
616 2 2 0 1 294 295 325
617 2 2 0 1 295 326 325
618 2 2 0 1 295 296 326
619 2 2 0 1 296 327 326
620 2 2 0 1 296 297 327
621 2 2 0 1 297 328 327
622 2 2 0 1 297 298 328
623 2 2 0 1 298 329 328
624 2 2 0 1 298 269 329
625 2 2 0 1 269 299 329
626 2 2 0 1 299 300 330
627 2 2 0 1 300 331 330
628 2 2 0 1 300 301 331
629 2 2 0 1 301 332 331
630 2 2 0 1 301 302 332
631 2 2 0 1 302 333 332
632 2 2 0 1 302 303 333
633 2 2 0 1 303 334 333
634 2 2 0 1 303 304 334
635 2 2 0 1 304 335 334
636 2 2 0 1 304 305 335
637 2 2 0 1 305 336 335
638 2 2 0 1 305 306 336
639 2 2 0 1 306 337 336
640 2 2 0 1 306 307 337
641 2 2 0 1 307 338 337
642 2 2 0 1 307 308 338
643 2 2 0 1 308 339 338
644 2 2 0 1 308 309 339
645 2 2 0 1 309 340 339
646 2 2 0 1 309 310 340
647 2 2 0 1 310 341 340
648 2 2 0 1 310 311 341
649 2 2 0 1 311 342 341
650 2 2 0 1 311 312 342
651 2 2 0 1 312 343 342
652 2 2 0 1 312 313 343
653 2 2 0 1 313 344 343
654 2 2 0 1 313 314 344
655 2 2 0 1 314 345 344
656 2 2 0 1 314 315 345
657 2 2 0 1 315 346 345
658 2 2 0 1 315 316 346
659 2 2 0 1 316 347 346
660 2 2 0 1 316 317 347
661 2 2 0 1 317 348 347
662 2 2 0 1 317 318 348
663 2 2 0 1 318 349 348
664 2 2 0 1 318 319 349
665 2 2 0 1 319 350 349
666 2 2 0 1 319 320 350
667 2 2 0 1 320 351 350
668 2 2 0 1 320 321 351
669 2 2 0 1 321 352 351
670 2 2 0 1 321 322 352
671 2 2 0 1 322 353 352
672 2 2 0 1 322 323 353
673 2 2 0 1 323 354 353
674 2 2 0 1 323 324 354
675 2 2 0 1 324 355 354
676 2 2 0 1 324 325 355
677 2 2 0 1 325 356 355
678 2 2 0 1 325 326 356
679 2 2 0 1 326 357 356
680 2 2 0 1 326 327 357
681 2 2 0 1 327 358 357
682 2 2 0 1 327 328 358
683 2 2 0 1 328 359 358
684 2 2 0 1 328 329 359
685 2 2 0 1 329 360 359
686 2 2 0 1 329 299 360
687 2 2 0 1 299 330 360
688 2 2 0 1 330 331 361
689 2 2 0 1 331 362 361
690 2 2 0 1 331 332 362
691 2 2 0 1 332 363 362
692 2 2 0 1 332 333 363
693 2 2 0 1 333 364 363
694 2 2 0 1 333 334 364
695 2 2 0 1 334 365 364
696 2 2 0 1 334 335 365
697 2 2 0 1 335 366 365
698 2 2 0 1 335 336 366
699 2 2 0 1 336 367 366
700 2 2 0 1 336 337 367
701 2 2 0 1 337 368 367
702 2 2 0 1 337 338 368
703 2 2 0 1 338 369 368
704 2 2 0 1 338 339 369
705 2 2 0 1 339 370 369
706 2 2 0 1 339 340 370
707 2 2 0 1 340 371 370
708 2 2 0 1 340 341 371
709 2 2 0 1 341 372 371
710 2 2 0 1 341 342 372
711 2 2 0 1 342 373 372
712 2 2 0 1 342 343 373
713 2 2 0 1 343 374 373
714 2 2 0 1 343 344 374
715 2 2 0 1 344 375 374
716 2 2 0 1 344 345 375
717 2 2 0 1 345 376 375
718 2 2 0 1 345 346 376
719 2 2 0 1 346 377 376
720 2 2 0 1 346 347 377
721 2 2 0 1 347 378 377
722 2 2 0 1 347 348 378
723 2 2 0 1 348 379 378
724 2 2 0 1 348 349 379
725 2 2 0 1 349 380 379
726 2 2 0 1 349 350 380
727 2 2 0 1 350 381 380
728 2 2 0 1 350 351 381
729 2 2 0 1 351 382 381
730 2 2 0 1 351 352 382
731 2 2 0 1 352 383 382
732 2 2 0 1 352 353 383
733 2 2 0 1 353 384 383
734 2 2 0 1 353 354 384
735 2 2 0 1 354 385 384
736 2 2 0 1 354 355 385
737 2 2 0 1 355 386 385
738 2 2 0 1 355 356 386
739 2 2 0 1 356 387 386
740 2 2 0 1 356 357 387
741 2 2 0 1 357 388 387
742 2 2 0 1 357 358 388
743 2 2 0 1 358 389 388
744 2 2 0 1 358 359 389
745 2 2 0 1 359 390 389
746 2 2 0 1 359 360 390
747 2 2 0 1 360 391 390
748 2 2 0 1 360 330 391
749 2 2 0 1 330 361 391
750 2 2 0 1 361 393 392
751 2 2 0 1 361 362 393
752 2 2 0 1 362 394 393
753 2 2 0 1 362 363 394
754 2 2 0 1 363 395 394
755 2 2 0 1 363 364 395
756 2 2 0 1 364 396 395
757 2 2 0 1 364 365 396
758 2 2 0 1 365 397 396
759 2 2 0 1 365 366 397
760 2 2 0 1 366 398 397
761 2 2 0 1 366 367 398
762 2 2 0 1 367 399 398
763 2 2 0 1 367 368 399
764 2 2 0 1 368 400 399
765 2 2 0 1 368 369 400
766 2 2 0 1 369 401 400
767 2 2 0 1 369 370 401
768 2 2 0 1 370 402 401
769 2 2 0 1 370 371 402
770 2 2 0 1 371 403 402
771 2 2 0 1 371 372 403
772 2 2 0 1 372 404 403
773 2 2 0 1 372 373 404
774 2 2 0 1 373 405 404
775 2 2 0 1 373 374 405
776 2 2 0 1 374 406 405
777 2 2 0 1 374 375 406
778 2 2 0 1 375 407 406
779 2 2 0 1 375 376 407
780 2 2 0 1 376 408 407
781 2 2 0 1 376 377 408
782 2 2 0 1 377 409 408
783 2 2 0 1 377 378 409
784 2 2 0 1 378 410 409
785 2 2 0 1 378 379 410
786 2 2 0 1 379 411 410
787 2 2 0 1 379 380 411
788 2 2 0 1 380 412 411
789 2 2 0 1 380 381 412
790 2 2 0 1 381 413 412
791 2 2 0 1 381 382 413
792 2 2 0 1 382 414 413
793 2 2 0 1 382 383 414
794 2 2 0 1 383 415 414
795 2 2 0 1 383 384 415
796 2 2 0 1 384 416 415
797 2 2 0 1 384 385 416
798 2 2 0 1 385 417 416
799 2 2 0 1 385 386 417
800 2 2 0 1 386 418 417
801 2 2 0 1 386 387 418
802 2 2 0 1 387 419 418
803 2 2 0 1 387 388 419
804 2 2 0 1 388 420 419
805 2 2 0 1 388 389 420
806 2 2 0 1 389 421 420
807 2 2 0 1 389 390 421
808 2 2 0 1 390 422 421
809 2 2 0 1 390 391 422
810 2 2 0 1 391 423 422
811 2 2 0 1 391 361 423
812 2 2 0 1 361 392 423
813 2 2 0 1 392 393 424
814 2 2 0 1 393 425 424
815 2 2 0 1 393 394 425
816 2 2 0 1 394 426 425
817 2 2 0 1 394 395 426
818 2 2 0 1 395 427 426
819 2 2 0 1 395 396 427
820 2 2 0 1 396 428 427
821 2 2 0 1 396 397 428
822 2 2 0 1 397 429 428
823 2 2 0 1 397 398 429
824 2 2 0 1 398 430 429
825 2 2 0 1 398 399 430
826 2 2 0 1 399 431 430
827 2 2 0 1 399 400 431
828 2 2 0 1 400 432 431
829 2 2 0 1 400 401 432
830 2 2 0 1 401 433 432
831 2 2 0 1 401 402 433
832 2 2 0 1 402 434 433
833 2 2 0 1 402 403 434
834 2 2 0 1 403 435 434
835 2 2 0 1 403 404 435
836 2 2 0 1 404 436 435
837 2 2 0 1 404 405 436
838 2 2 0 1 405 437 436
839 2 2 0 1 405 406 437
840 2 2 0 1 406 438 437
841 2 2 0 1 406 407 438
842 2 2 0 1 407 439 438
843 2 2 0 1 407 408 439
844 2 2 0 1 408 440 439
845 2 2 0 1 408 409 440
846 2 2 0 1 409 441 440
847 2 2 0 1 409 410 441
848 2 2 0 1 410 442 441
849 2 2 0 1 410 411 442
850 2 2 0 1 411 443 442
851 2 2 0 1 411 412 443
852 2 2 0 1 412 444 443
853 2 2 0 1 412 413 444
854 2 2 0 1 413 445 444
855 2 2 0 1 413 414 445
856 2 2 0 1 414 446 445
857 2 2 0 1 414 415 446
858 2 2 0 1 415 447 446
859 2 2 0 1 415 416 447
860 2 2 0 1 416 448 447
861 2 2 0 1 416 417 448
862 2 2 0 1 417 449 448
863 2 2 0 1 417 418 449
864 2 2 0 1 418 450 449
865 2 2 0 1 418 419 450
866 2 2 0 1 419 451 450
867 2 2 0 1 419 420 451
868 2 2 0 1 420 452 451
869 2 2 0 1 420 421 452
870 2 2 0 1 421 453 452
871 2 2 0 1 421 422 453
872 2 2 0 1 422 454 453
873 2 2 0 1 422 423 454
874 2 2 0 1 423 392 454
875 2 2 0 1 392 424 454
876 2 2 0 1 424 425 455
877 2 2 0 1 425 456 455
878 2 2 0 1 425 426 456
879 2 2 0 1 426 457 456
880 2 2 0 1 426 427 457
881 2 2 0 1 427 458 457
882 2 2 0 1 427 428 458
883 2 2 0 1 428 459 458
884 2 2 0 1 428 429 459
885 2 2 0 1 429 460 459
886 2 2 0 1 429 430 460
887 2 2 0 1 430 461 460
888 2 2 0 1 430 431 461
889 2 2 0 1 431 462 461
890 2 2 0 1 431 432 462
891 2 2 0 1 432 463 462
892 2 2 0 1 432 433 463
893 2 2 0 1 433 464 463
894 2 2 0 1 433 434 464
895 2 2 0 1 434 465 464
896 2 2 0 1 434 435 465
897 2 2 0 1 435 466 465
898 2 2 0 1 435 436 466
899 2 2 0 1 436 467 466
900 2 2 0 1 436 437 467
901 2 2 0 1 437 468 467
902 2 2 0 1 437 438 468
903 2 2 0 1 438 469 468
904 2 2 0 1 438 439 469
905 2 2 0 1 439 470 469
906 2 2 0 1 439 440 470
907 2 2 0 1 440 471 470
908 2 2 0 1 440 441 471
909 2 2 0 1 441 472 471
910 2 2 0 1 441 442 472
911 2 2 0 1 442 473 472
912 2 2 0 1 442 443 473
913 2 2 0 1 443 474 473
914 2 2 0 1 443 444 474
915 2 2 0 1 444 475 474
916 2 2 0 1 444 445 475
917 2 2 0 1 445 476 475
918 2 2 0 1 445 446 476
919 2 2 0 1 446 477 476
920 2 2 0 1 446 447 477
921 2 2 0 1 447 478 477
922 2 2 0 1 447 448 478
923 2 2 0 1 448 479 478
924 2 2 0 1 448 449 479
925 2 2 0 1 449 480 479
926 2 2 0 1 449 450 480
927 2 2 0 1 450 481 480
928 2 2 0 1 450 451 481
929 2 2 0 1 451 482 481
930 2 2 0 1 451 452 482
931 2 2 0 1 452 483 482
932 2 2 0 1 452 453 483
933 2 2 0 1 453 484 483
934 2 2 0 1 453 454 484
935 2 2 0 1 454 485 484
936 2 2 0 1 454 424 485
937 2 2 0 1 424 455 485
938 2 2 0 1 455 456 486
939 2 2 0 1 456 487 486
940 2 2 0 1 456 457 487
941 2 2 0 1 457 488 487
942 2 2 0 1 457 458 488
943 2 2 0 1 458 489 488
944 2 2 0 1 458 459 489
945 2 2 0 1 459 490 489
946 2 2 0 1 459 460 490
947 2 2 0 1 460 491 490
948 2 2 0 1 460 461 491
949 2 2 0 1 461 492 491
950 2 2 0 1 461 462 492
951 2 2 0 1 462 493 492
952 2 2 0 1 462 463 493
953 2 2 0 1 463 494 493
954 2 2 0 1 463 464 494
955 2 2 0 1 464 495 494
956 2 2 0 1 464 465 495
957 2 2 0 1 465 496 495
958 2 2 0 1 465 466 496
959 2 2 0 1 466 497 496
960 2 2 0 1 466 467 497
961 2 2 0 1 467 498 497
962 2 2 0 1 467 468 498
963 2 2 0 1 468 499 498
964 2 2 0 1 468 469 499
965 2 2 0 1 469 500 499
966 2 2 0 1 469 470 500
967 2 2 0 1 470 501 500
968 2 2 0 1 470 471 501
969 2 2 0 1 471 502 501
970 2 2 0 1 471 472 502
971 2 2 0 1 472 503 502
972 2 2 0 1 472 473 503
973 2 2 0 1 473 504 503
974 2 2 0 1 473 474 504
975 2 2 0 1 474 505 504
976 2 2 0 1 474 475 505
977 2 2 0 1 475 506 505
978 2 2 0 1 475 476 506
979 2 2 0 1 476 507 506
980 2 2 0 1 476 477 507
981 2 2 0 1 477 508 507
982 2 2 0 1 477 478 508
983 2 2 0 1 478 509 508
984 2 2 0 1 478 479 509
985 2 2 0 1 479 510 509
986 2 2 0 1 479 480 510
987 2 2 0 1 480 511 510
988 2 2 0 1 480 481 511
989 2 2 0 1 481 512 511
990 2 2 0 1 481 482 512
991 2 2 0 1 482 513 512
992 2 2 0 1 482 483 513
993 2 2 0 1 483 514 513
994 2 2 0 1 483 484 514
995 2 2 0 1 484 515 514
996 2 2 0 1 484 485 515
997 2 2 0 1 485 516 515
998 2 2 0 1 485 455 516
999 2 2 0 1 455 486 516
1000 2 2 0 1 486 487 517
1001 2 2 0 1 487 518 517
1002 2 2 0 1 487 488 518
1003 2 2 0 1 488 519 518
1004 2 2 0 1 488 489 519
1005 2 2 0 1 489 520 519
1006 2 2 0 1 489 490 520
1007 2 2 0 1 490 521 520
1008 2 2 0 1 490 491 521
1009 2 2 0 1 491 522 521
1010 2 2 0 1 491 492 522
1011 2 2 0 1 492 523 522
1012 2 2 0 1 492 493 523
1013 2 2 0 1 493 524 523
1014 2 2 0 1 493 494 524
1015 2 2 0 1 494 525 524
1016 2 2 0 1 494 495 525
1017 2 2 0 1 495 526 525
1018 2 2 0 1 495 496 526
1019 2 2 0 1 496 527 526
1020 2 2 0 1 496 497 527
1021 2 2 0 1 497 528 527
1022 2 2 0 1 497 498 528
1023 2 2 0 1 498 529 528
1024 2 2 0 1 498 499 529
1025 2 2 0 1 499 530 529
1026 2 2 0 1 499 500 530
1027 2 2 0 1 500 531 530
1028 2 2 0 1 500 501 531
1029 2 2 0 1 501 532 531
1030 2 2 0 1 501 502 532
1031 2 2 0 1 502 533 532
1032 2 2 0 1 502 503 533
1033 2 2 0 1 503 534 533
1034 2 2 0 1 503 504 534
1035 2 2 0 1 504 535 534
1036 2 2 0 1 504 505 535
1037 2 2 0 1 505 536 535
1038 2 2 0 1 505 506 536
1039 2 2 0 1 506 537 536
1040 2 2 0 1 506 507 537
1041 2 2 0 1 507 538 537
1042 2 2 0 1 507 508 538
1043 2 2 0 1 508 539 538
1044 2 2 0 1 508 509 539
1045 2 2 0 1 509 540 539
1046 2 2 0 1 509 510 540
1047 2 2 0 1 510 541 540
1048 2 2 0 1 510 511 541
1049 2 2 0 1 511 542 541
1050 2 2 0 1 511 512 542
1051 2 2 0 1 512 543 542
1052 2 2 0 1 512 513 543
1053 2 2 0 1 513 544 543
1054 2 2 0 1 513 514 544
1055 2 2 0 1 514 545 544
1056 2 2 0 1 514 515 545
1057 2 2 0 1 515 546 545
1058 2 2 0 1 515 516 546
1059 2 2 0 1 516 547 546
1060 2 2 0 1 516 486 547
1061 2 2 0 1 486 517 547
1062 2 2 0 1 517 518 548
1063 2 2 0 1 518 549 548
1064 2 2 0 1 518 519 549
1065 2 2 0 1 519 550 549
1066 2 2 0 1 519 520 550
1067 2 2 0 1 520 551 550
1068 2 2 0 1 520 521 551
1069 2 2 0 1 521 552 551
1070 2 2 0 1 521 522 552
1071 2 2 0 1 522 553 552
1072 2 2 0 1 522 523 553
1073 2 2 0 1 523 554 553
1074 2 2 0 1 523 524 554
1075 2 2 0 1 524 555 554
1076 2 2 0 1 524 525 555
1077 2 2 0 1 525 556 555
1078 2 2 0 1 525 526 556
1079 2 2 0 1 526 557 556
1080 2 2 0 1 526 527 557
1081 2 2 0 1 527 558 557
1082 2 2 0 1 527 528 558
1083 2 2 0 1 528 559 558
1084 2 2 0 1 528 529 559
1085 2 2 0 1 529 560 559
1086 2 2 0 1 529 530 560
1087 2 2 0 1 530 561 560
1088 2 2 0 1 530 531 561
1089 2 2 0 1 531 562 561
1090 2 2 0 1 531 532 562
1091 2 2 0 1 532 563 562
1092 2 2 0 1 532 533 563
1093 2 2 0 1 533 564 563
1094 2 2 0 1 533 534 564
1095 2 2 0 1 534 565 564
1096 2 2 0 1 534 535 565
1097 2 2 0 1 535 566 565
1098 2 2 0 1 535 536 566
1099 2 2 0 1 536 567 566
1100 2 2 0 1 536 537 567
1101 2 2 0 1 537 568 567
1102 2 2 0 1 537 538 568
1103 2 2 0 1 538 569 568
1104 2 2 0 1 538 539 569
1105 2 2 0 1 539 570 569
1106 2 2 0 1 539 540 570
1107 2 2 0 1 540 571 570
1108 2 2 0 1 540 541 571
1109 2 2 0 1 541 572 571
1110 2 2 0 1 541 542 572
1111 2 2 0 1 542 573 572
1112 2 2 0 1 542 543 573
1113 2 2 0 1 543 574 573
1114 2 2 0 1 543 544 574
1115 2 2 0 1 544 575 574
1116 2 2 0 1 544 545 575
1117 2 2 0 1 545 576 575
1118 2 2 0 1 545 546 576
1119 2 2 0 1 546 577 576
1120 2 2 0 1 546 547 577
1121 2 2 0 1 547 517 577
1122 2 2 0 1 517 548 577
1123 2 2 0 1 548 549 578
1124 2 2 0 1 549 579 578
1125 2 2 0 1 549 550 579
1126 2 2 0 1 550 580 579
1127 2 2 0 1 550 551 580
1128 2 2 0 1 551 581 580
1129 2 2 0 1 551 552 581
1130 2 2 0 1 552 582 581
1131 2 2 0 1 552 553 582
1132 2 2 0 1 553 583 582
1133 2 2 0 1 553 554 583
1134 2 2 0 1 554 584 583
1135 2 2 0 1 554 555 584
1136 2 2 0 1 555 585 584
1137 2 2 0 1 555 556 585
1138 2 2 0 1 556 586 585
1139 2 2 0 1 556 557 586
1140 2 2 0 1 557 587 586
1141 2 2 0 1 557 558 587
1142 2 2 0 1 558 588 587
1143 2 2 0 1 558 559 588
1144 2 2 0 1 559 589 588
1145 2 2 0 1 559 560 589
1146 2 2 0 1 560 590 589
1147 2 2 0 1 560 561 590
1148 2 2 0 1 561 591 590
1149 2 2 0 1 561 562 591
1150 2 2 0 1 562 592 591
1151 2 2 0 1 562 563 592
1152 2 2 0 1 563 593 592
1153 2 2 0 1 563 564 593
1154 2 2 0 1 564 594 593
1155 2 2 0 1 564 565 594
1156 2 2 0 1 565 595 594
1157 2 2 0 1 565 566 595
1158 2 2 0 1 566 596 595
1159 2 2 0 1 566 567 596
1160 2 2 0 1 567 597 596
1161 2 2 0 1 567 568 597
1162 2 2 0 1 568 598 597
1163 2 2 0 1 568 569 598
1164 2 2 0 1 569 599 598
1165 2 2 0 1 569 570 599
1166 2 2 0 1 570 600 599
1167 2 2 0 1 570 571 600
1168 2 2 0 1 571 601 600
1169 2 2 0 1 571 572 601
1170 2 2 0 1 572 602 601
1171 2 2 0 1 572 573 602
1172 2 2 0 1 573 603 602
1173 2 2 0 1 573 574 603
1174 2 2 0 1 574 604 603
1175 2 2 0 1 574 575 604
1176 2 2 0 1 575 605 604
1177 2 2 0 1 575 576 605
1178 2 2 0 1 576 606 605
1179 2 2 0 1 576 577 606
1180 2 2 0 1 577 548 606
1181 2 2 0 1 548 578 606
1182 2 2 0 1 578 579 607
1183 2 2 0 1 579 608 607
1184 2 2 0 1 579 580 608
1185 2 2 0 1 580 609 608
1186 2 2 0 1 580 581 609
1187 2 2 0 1 581 610 609
1188 2 2 0 1 581 582 610
1189 2 2 0 1 582 611 610
1190 2 2 0 1 582 583 611
1191 2 2 0 1 583 612 611
1192 2 2 0 1 583 584 612
1193 2 2 0 1 584 613 612
1194 2 2 0 1 584 585 613
1195 2 2 0 1 585 614 613
1196 2 2 0 1 585 586 614
1197 2 2 0 1 586 615 614
1198 2 2 0 1 586 587 615
1199 2 2 0 1 587 616 615
1200 2 2 0 1 587 588 616
1201 2 2 0 1 588 617 616
1202 2 2 0 1 588 589 617
1203 2 2 0 1 589 618 617
1204 2 2 0 1 589 590 618
1205 2 2 0 1 590 619 618
1206 2 2 0 1 590 591 619
1207 2 2 0 1 591 620 619
1208 2 2 0 1 591 592 620
1209 2 2 0 1 592 621 620
1210 2 2 0 1 592 593 621
1211 2 2 0 1 593 622 621
1212 2 2 0 1 593 594 622
1213 2 2 0 1 594 623 622
1214 2 2 0 1 594 595 623
1215 2 2 0 1 595 624 623
1216 2 2 0 1 595 596 624
1217 2 2 0 1 596 625 624
1218 2 2 0 1 596 597 625
1219 2 2 0 1 597 626 625
1220 2 2 0 1 597 598 626
1221 2 2 0 1 598 627 626
1222 2 2 0 1 598 599 627
1223 2 2 0 1 599 628 627
1224 2 2 0 1 599 600 628
1225 2 2 0 1 600 629 628
1226 2 2 0 1 600 601 629
1227 2 2 0 1 601 630 629
1228 2 2 0 1 601 602 630
1229 2 2 0 1 602 631 630
1230 2 2 0 1 602 603 631
1231 2 2 0 1 603 632 631
1232 2 2 0 1 603 604 632
1233 2 2 0 1 604 633 632
1234 2 2 0 1 604 605 633
1235 2 2 0 1 605 634 633
1236 2 2 0 1 605 606 634
1237 2 2 0 1 606 578 634
1238 2 2 0 1 578 607 634
1239 2 2 0 1 607 608 635
1240 2 2 0 1 608 636 635
1241 2 2 0 1 608 609 636
1242 2 2 0 1 609 637 636
1243 2 2 0 1 609 610 637
1244 2 2 0 1 610 638 637
1245 2 2 0 1 610 611 638
1246 2 2 0 1 611 639 638
1247 2 2 0 1 611 612 639
1248 2 2 0 1 612 640 639
1249 2 2 0 1 612 613 640
1250 2 2 0 1 613 641 640
1251 2 2 0 1 613 614 641
1252 2 2 0 1 614 642 641
1253 2 2 0 1 614 615 642
1254 2 2 0 1 615 643 642
1255 2 2 0 1 615 616 643
1256 2 2 0 1 616 644 643
1257 2 2 0 1 616 617 644
1258 2 2 0 1 617 645 644
1259 2 2 0 1 617 618 645
1260 2 2 0 1 618 646 645
1261 2 2 0 1 618 619 646
1262 2 2 0 1 619 647 646
1263 2 2 0 1 619 620 647
1264 2 2 0 1 620 648 647
1265 2 2 0 1 620 621 648
1266 2 2 0 1 621 649 648
1267 2 2 0 1 621 622 649
1268 2 2 0 1 622 650 649
1269 2 2 0 1 622 623 650
1270 2 2 0 1 623 651 650
1271 2 2 0 1 623 624 651
1272 2 2 0 1 624 652 651
1273 2 2 0 1 624 625 652
1274 2 2 0 1 625 653 652
1275 2 2 0 1 625 626 653
1276 2 2 0 1 626 654 653
1277 2 2 0 1 626 627 654
1278 2 2 0 1 627 655 654
1279 2 2 0 1 627 628 655
1280 2 2 0 1 628 656 655
1281 2 2 0 1 628 629 656
1282 2 2 0 1 629 657 656
1283 2 2 0 1 629 630 657
1284 2 2 0 1 630 658 657
1285 2 2 0 1 630 631 658
1286 2 2 0 1 631 659 658
1287 2 2 0 1 631 632 659
1288 2 2 0 1 632 660 659
1289 2 2 0 1 632 633 660
1290 2 2 0 1 633 661 660
1291 2 2 0 1 633 634 661
1292 2 2 0 1 634 607 661
1293 2 2 0 1 607 635 661
1294 2 2 0 1 635 636 662
1295 2 2 0 1 636 663 662
1296 2 2 0 1 636 637 663
1297 2 2 0 1 637 664 663
1298 2 2 0 1 637 638 664
1299 2 2 0 1 638 665 664
1300 2 2 0 1 638 639 665
1301 2 2 0 1 639 666 665
1302 2 2 0 1 639 640 666
1303 2 2 0 1 640 667 666
1304 2 2 0 1 640 641 667
1305 2 2 0 1 641 668 667
1306 2 2 0 1 641 642 668
1307 2 2 0 1 642 669 668
1308 2 2 0 1 642 643 669
1309 2 2 0 1 643 670 669
1310 2 2 0 1 643 644 670
1311 2 2 0 1 644 671 670
1312 2 2 0 1 644 645 671
1313 2 2 0 1 645 672 671
1314 2 2 0 1 645 646 672
1315 2 2 0 1 646 673 672
1316 2 2 0 1 646 647 673
1317 2 2 0 1 647 674 673
1318 2 2 0 1 647 648 674
1319 2 2 0 1 648 675 674
1320 2 2 0 1 648 649 675
1321 2 2 0 1 649 676 675
1322 2 2 0 1 649 650 676
1323 2 2 0 1 650 677 676
1324 2 2 0 1 650 651 677
1325 2 2 0 1 651 678 677
1326 2 2 0 1 651 652 678
1327 2 2 0 1 652 679 678
1328 2 2 0 1 652 653 679
1329 2 2 0 1 653 680 679
1330 2 2 0 1 653 654 680
1331 2 2 0 1 654 681 680
1332 2 2 0 1 654 655 681
1333 2 2 0 1 655 682 681
1334 2 2 0 1 655 656 682
1335 2 2 0 1 656 683 682
1336 2 2 0 1 656 657 683
1337 2 2 0 1 657 684 683
1338 2 2 0 1 657 658 684
1339 2 2 0 1 658 685 684
1340 2 2 0 1 658 659 685
1341 2 2 0 1 659 686 685
1342 2 2 0 1 659 660 686
1343 2 2 0 1 660 687 686
1344 2 2 0 1 660 661 687
1345 2 2 0 1 661 635 687
1346 2 2 0 1 635 662 687
1347 2 2 0 1 662 663 688
1348 2 2 0 1 663 689 688
1349 2 2 0 1 663 664 689
1350 2 2 0 1 664 690 689
1351 2 2 0 1 664 665 690
1352 2 2 0 1 665 691 690
1353 2 2 0 1 665 666 691
1354 2 2 0 1 666 692 691
1355 2 2 0 1 666 667 692
1356 2 2 0 1 667 693 692
1357 2 2 0 1 667 668 693
1358 2 2 0 1 668 694 693
1359 2 2 0 1 668 669 694
1360 2 2 0 1 669 695 694
1361 2 2 0 1 669 670 695
1362 2 2 0 1 670 696 695
1363 2 2 0 1 670 671 696
1364 2 2 0 1 671 697 696
1365 2 2 0 1 671 672 697
1366 2 2 0 1 672 698 697
1367 2 2 0 1 672 673 698
1368 2 2 0 1 673 699 698
1369 2 2 0 1 673 674 699
1370 2 2 0 1 674 700 699
1371 2 2 0 1 674 675 700
1372 2 2 0 1 675 701 700
1373 2 2 0 1 675 676 701
1374 2 2 0 1 676 702 701
1375 2 2 0 1 676 677 702
1376 2 2 0 1 677 703 702
1377 2 2 0 1 677 678 703
1378 2 2 0 1 678 704 703
1379 2 2 0 1 678 679 704
1380 2 2 0 1 679 705 704
1381 2 2 0 1 679 680 705
1382 2 2 0 1 680 706 705
1383 2 2 0 1 680 681 706
1384 2 2 0 1 681 707 706
1385 2 2 0 1 681 682 707
1386 2 2 0 1 682 708 707
1387 2 2 0 1 682 683 708
1388 2 2 0 1 683 709 708
1389 2 2 0 1 683 684 709
1390 2 2 0 1 684 710 709
1391 2 2 0 1 684 685 710
1392 2 2 0 1 685 711 710
1393 2 2 0 1 685 686 711
1394 2 2 0 1 686 712 711
1395 2 2 0 1 686 687 712
1396 2 2 0 1 687 662 712
1397 2 2 0 1 662 688 712
1398 2 2 0 1 688 689 713
1399 2 2 0 1 689 714 713
1400 2 2 0 1 689 690 714
1401 2 2 0 1 690 715 714
1402 2 2 0 1 690 691 715
1403 2 2 0 1 691 716 715
1404 2 2 0 1 691 692 716
1405 2 2 0 1 692 717 716
1406 2 2 0 1 692 693 717
1407 2 2 0 1 693 718 717
1408 2 2 0 1 693 694 718
1409 2 2 0 1 694 719 718
1410 2 2 0 1 694 695 719
1411 2 2 0 1 695 720 719
1412 2 2 0 1 695 696 720
1413 2 2 0 1 696 721 720
1414 2 2 0 1 696 697 721
1415 2 2 0 1 697 722 721
1416 2 2 0 1 697 698 722
1417 2 2 0 1 698 723 722
1418 2 2 0 1 698 699 723
1419 2 2 0 1 699 724 723
1420 2 2 0 1 699 700 724
1421 2 2 0 1 700 725 724
1422 2 2 0 1 700 701 725
1423 2 2 0 1 701 726 725
1424 2 2 0 1 701 702 726
1425 2 2 0 1 702 727 726
1426 2 2 0 1 702 703 727
1427 2 2 0 1 703 728 727
1428 2 2 0 1 703 704 728
1429 2 2 0 1 704 729 728
1430 2 2 0 1 704 705 729
1431 2 2 0 1 705 730 729
1432 2 2 0 1 705 706 730
1433 2 2 0 1 706 731 730
1434 2 2 0 1 706 707 731
1435 2 2 0 1 707 732 731
1436 2 2 0 1 707 708 732
1437 2 2 0 1 708 733 732
1438 2 2 0 1 708 709 733
1439 2 2 0 1 709 734 733
1440 2 2 0 1 709 710 734
1441 2 2 0 1 710 735 734
1442 2 2 0 1 710 711 735
1443 2 2 0 1 711 736 735
1444 2 2 0 1 711 712 736
1445 2 2 0 1 712 688 736
1446 2 2 0 1 688 713 736
1447 2 2 0 1 713 714 737
1448 2 2 0 1 714 738 737
1449 2 2 0 1 714 715 738
1450 2 2 0 1 715 739 738
1451 2 2 0 1 715 716 739
1452 2 2 0 1 716 740 739
1453 2 2 0 1 716 717 740
1454 2 2 0 1 717 741 740
1455 2 2 0 1 717 718 741
1456 2 2 0 1 718 742 741
1457 2 2 0 1 718 719 742
1458 2 2 0 1 719 743 742
1459 2 2 0 1 719 720 743
1460 2 2 0 1 720 744 743
1461 2 2 0 1 720 721 744
1462 2 2 0 1 721 745 744
1463 2 2 0 1 721 722 745
1464 2 2 0 1 722 746 745
1465 2 2 0 1 722 723 746
1466 2 2 0 1 723 747 746
1467 2 2 0 1 723 724 747
1468 2 2 0 1 724 725 747
1469 2 2 0 1 725 748 747
1470 2 2 0 1 725 726 748
1471 2 2 0 1 726 749 748
1472 2 2 0 1 726 727 749
1473 2 2 0 1 727 750 749
1474 2 2 0 1 727 728 750
1475 2 2 0 1 728 751 750
1476 2 2 0 1 728 729 751
1477 2 2 0 1 729 752 751
1478 2 2 0 1 729 730 752
1479 2 2 0 1 730 753 752
1480 2 2 0 1 730 731 753
1481 2 2 0 1 731 754 753
1482 2 2 0 1 731 732 754
1483 2 2 0 1 732 755 754
1484 2 2 0 1 732 733 755
1485 2 2 0 1 733 756 755
1486 2 2 0 1 733 734 756
1487 2 2 0 1 734 757 756
1488 2 2 0 1 734 735 757
1489 2 2 0 1 735 758 757
1490 2 2 0 1 735 736 758
1491 2 2 0 1 736 713 758
1492 2 2 0 1 713 737 758
1493 2 2 0 1 737 738 759
1494 2 2 0 1 738 760 759
1495 2 2 0 1 738 739 760
1496 2 2 0 1 739 761 760
1497 2 2 0 1 739 740 761
1498 2 2 0 1 740 762 761
1499 2 2 0 1 740 741 762
1500 2 2 0 1 741 763 762
1501 2 2 0 1 741 742 763
1502 2 2 0 1 742 764 763
1503 2 2 0 1 742 743 764
1504 2 2 0 1 743 765 764
1505 2 2 0 1 743 744 765
1506 2 2 0 1 744 766 765
1507 2 2 0 1 744 745 766
1508 2 2 0 1 745 767 766
1509 2 2 0 1 745 746 767
1510 2 2 0 1 746 768 767
1511 2 2 0 1 746 747 768
1512 2 2 0 1 747 769 768
1513 2 2 0 1 747 748 769
1514 2 2 0 1 748 770 769
1515 2 2 0 1 748 749 770
1516 2 2 0 1 749 771 770
1517 2 2 0 1 749 750 771
1518 2 2 0 1 750 772 771
1519 2 2 0 1 750 751 772
1520 2 2 0 1 751 773 772
1521 2 2 0 1 751 752 773
1522 2 2 0 1 752 774 773
1523 2 2 0 1 752 753 774
1524 2 2 0 1 753 775 774
1525 2 2 0 1 753 754 775
1526 2 2 0 1 754 776 775
1527 2 2 0 1 754 755 776
1528 2 2 0 1 755 777 776
1529 2 2 0 1 755 756 777
1530 2 2 0 1 756 778 777
1531 2 2 0 1 756 757 778
1532 2 2 0 1 757 779 778
1533 2 2 0 1 757 758 779
1534 2 2 0 1 758 737 779
1535 2 2 0 1 737 759 779
1536 2 2 0 1 759 760 780
1537 2 2 0 1 760 781 780
1538 2 2 0 1 760 761 781
1539 2 2 0 1 761 782 781
1540 2 2 0 1 761 762 782
1541 2 2 0 1 762 783 782
1542 2 2 0 1 762 763 783
1543 2 2 0 1 763 784 783
1544 2 2 0 1 763 764 784
1545 2 2 0 1 764 785 784
1546 2 2 0 1 764 765 785
1547 2 2 0 1 765 786 785
1548 2 2 0 1 765 766 786
1549 2 2 0 1 766 787 786
1550 2 2 0 1 766 767 787
1551 2 2 0 1 767 788 787
1552 2 2 0 1 767 768 788
1553 2 2 0 1 768 789 788
1554 2 2 0 1 768 769 789
1555 2 2 0 1 769 770 789
1556 2 2 0 1 770 790 789
1557 2 2 0 1 770 771 790
1558 2 2 0 1 771 791 790
1559 2 2 0 1 771 772 791
1560 2 2 0 1 772 792 791
1561 2 2 0 1 772 773 792
1562 2 2 0 1 773 793 792
1563 2 2 0 1 773 774 793
1564 2 2 0 1 774 794 793
1565 2 2 0 1 774 775 794
1566 2 2 0 1 775 795 794
1567 2 2 0 1 775 776 795
1568 2 2 0 1 776 796 795
1569 2 2 0 1 776 777 796
1570 2 2 0 1 777 797 796
1571 2 2 0 1 777 778 797
1572 2 2 0 1 778 798 797
1573 2 2 0 1 778 779 798
1574 2 2 0 1 779 759 798
1575 2 2 0 1 759 780 798
1576 2 2 0 1 780 781 799
1577 2 2 0 1 781 800 799
1578 2 2 0 1 781 782 800
1579 2 2 0 1 782 801 800
1580 2 2 0 1 782 783 801
1581 2 2 0 1 783 802 801
1582 2 2 0 1 783 784 802
1583 2 2 0 1 784 803 802
1584 2 2 0 1 784 785 803
1585 2 2 0 1 785 804 803
1586 2 2 0 1 785 786 804
1587 2 2 0 1 786 805 804
1588 2 2 0 1 786 787 805
1589 2 2 0 1 787 806 805
1590 2 2 0 1 787 788 806
1591 2 2 0 1 788 807 806
1592 2 2 0 1 788 789 807
1593 2 2 0 1 789 808 807
1594 2 2 0 1 789 790 808
1595 2 2 0 1 790 809 808
1596 2 2 0 1 790 791 809
1597 2 2 0 1 791 810 809
1598 2 2 0 1 791 792 810
1599 2 2 0 1 792 811 810
1600 2 2 0 1 792 793 811
1601 2 2 0 1 793 812 811
1602 2 2 0 1 793 794 812
1603 2 2 0 1 794 813 812
1604 2 2 0 1 794 795 813
1605 2 2 0 1 795 814 813
1606 2 2 0 1 795 796 814
1607 2 2 0 1 796 815 814
1608 2 2 0 1 796 797 815
1609 2 2 0 1 797 816 815
1610 2 2 0 1 797 798 816
1611 2 2 0 1 798 780 816
1612 2 2 0 1 780 799 816
1613 2 2 0 1 799 800 817
1614 2 2 0 1 800 818 817
1615 2 2 0 1 800 801 818
1616 2 2 0 1 801 819 818
1617 2 2 0 1 801 802 819
1618 2 2 0 1 802 820 819
1619 2 2 0 1 802 803 820
1620 2 2 0 1 803 821 820
1621 2 2 0 1 803 804 821
1622 2 2 0 1 804 822 821
1623 2 2 0 1 804 805 822
1624 2 2 0 1 805 823 822
1625 2 2 0 1 805 806 823
1626 2 2 0 1 806 824 823
1627 2 2 0 1 806 807 824
1628 2 2 0 1 807 808 824
1629 2 2 0 1 808 825 824
1630 2 2 0 1 808 809 825
1631 2 2 0 1 809 826 825
1632 2 2 0 1 809 810 826
1633 2 2 0 1 810 827 826
1634 2 2 0 1 810 811 827
1635 2 2 0 1 811 828 827
1636 2 2 0 1 811 812 828
1637 2 2 0 1 812 829 828
1638 2 2 0 1 812 813 829
1639 2 2 0 1 813 830 829
1640 2 2 0 1 813 814 830
1641 2 2 0 1 814 831 830
1642 2 2 0 1 814 815 831
1643 2 2 0 1 815 832 831
1644 2 2 0 1 815 816 832
1645 2 2 0 1 816 799 832
1646 2 2 0 1 799 817 832
1647 2 2 0 1 817 818 833
1648 2 2 0 1 818 834 833
1649 2 2 0 1 818 819 834
1650 2 2 0 1 819 835 834
1651 2 2 0 1 819 820 835
1652 2 2 0 1 820 836 835
1653 2 2 0 1 820 821 836
1654 2 2 0 1 821 837 836
1655 2 2 0 1 821 822 837
1656 2 2 0 1 822 838 837
1657 2 2 0 1 822 823 838
1658 2 2 0 1 823 839 838
1659 2 2 0 1 823 824 839
1660 2 2 0 1 824 825 839
1661 2 2 0 1 825 840 839
1662 2 2 0 1 825 826 840
1663 2 2 0 1 826 841 840
1664 2 2 0 1 826 827 841
1665 2 2 0 1 827 842 841
1666 2 2 0 1 827 828 842
1667 2 2 0 1 828 843 842
1668 2 2 0 1 828 829 843
1669 2 2 0 1 829 844 843
1670 2 2 0 1 829 830 844
1671 2 2 0 1 830 845 844
1672 2 2 0 1 830 831 845
1673 2 2 0 1 831 846 845
1674 2 2 0 1 831 832 846
1675 2 2 0 1 832 817 846
1676 2 2 0 1 817 833 846
1677 2 2 0 1 833 834 847
1678 2 2 0 1 834 848 847
1679 2 2 0 1 834 835 848
1680 2 2 0 1 835 849 848
1681 2 2 0 1 835 836 849
1682 2 2 0 1 836 850 849
1683 2 2 0 1 836 837 850
1684 2 2 0 1 837 851 850
1685 2 2 0 1 837 838 851
1686 2 2 0 1 838 852 851
1687 2 2 0 1 838 839 852
1688 2 2 0 1 839 840 852
1689 2 2 0 1 840 853 852
1690 2 2 0 1 840 841 853
1691 2 2 0 1 841 854 853
1692 2 2 0 1 841 842 854
1693 2 2 0 1 842 855 854
1694 2 2 0 1 842 843 855
1695 2 2 0 1 843 856 855
1696 2 2 0 1 843 844 856
1697 2 2 0 1 844 857 856
1698 2 2 0 1 844 845 857
1699 2 2 0 1 845 858 857
1700 2 2 0 1 845 846 858
1701 2 2 0 1 846 833 858
1702 2 2 0 1 833 847 858
1703 2 2 0 1 847 848 859
1704 2 2 0 1 848 860 859
1705 2 2 0 1 848 849 860
1706 2 2 0 1 849 861 860
1707 2 2 0 1 849 850 861
1708 2 2 0 1 850 862 861
1709 2 2 0 1 850 851 862
1710 2 2 0 1 851 863 862
1711 2 2 0 1 851 852 863
1712 2 2 0 1 852 853 863
1713 2 2 0 1 853 864 863
1714 2 2 0 1 853 854 864
1715 2 2 0 1 854 865 864
1716 2 2 0 1 854 855 865
1717 2 2 0 1 855 866 865
1718 2 2 0 1 855 856 866
1719 2 2 0 1 856 867 866
1720 2 2 0 1 856 857 867
1721 2 2 0 1 857 868 867
1722 2 2 0 1 857 858 868
1723 2 2 0 1 858 847 868
1724 2 2 0 1 847 859 868
1725 2 2 0 1 859 860 869
1726 2 2 0 1 860 870 869
1727 2 2 0 1 860 861 870
1728 2 2 0 1 861 871 870
1729 2 2 0 1 861 862 871
1730 2 2 0 1 862 872 871
1731 2 2 0 1 862 863 872
1732 2 2 0 1 863 864 872
1733 2 2 0 1 864 873 872
1734 2 2 0 1 864 865 873
1735 2 2 0 1 865 874 873
1736 2 2 0 1 865 866 874
1737 2 2 0 1 866 875 874
1738 2 2 0 1 866 867 875
1739 2 2 0 1 867 876 875
1740 2 2 0 1 867 868 876
1741 2 2 0 1 868 859 876
1742 2 2 0 1 859 869 876
1743 2 2 0 1 869 870 877
1744 2 2 0 1 870 878 877
1745 2 2 0 1 870 871 878
1746 2 2 0 1 871 879 878
1747 2 2 0 1 871 872 879
1748 2 2 0 1 872 880 879
1749 2 2 0 1 872 873 880
1750 2 2 0 1 873 881 880
1751 2 2 0 1 873 874 881
1752 2 2 0 1 874 882 881
1753 2 2 0 1 874 875 882
1754 2 2 0 1 875 883 882
1755 2 2 0 1 875 876 883
1756 2 2 0 1 876 884 883
1757 2 2 0 1 876 869 884
1758 2 2 0 1 869 877 884
1759 2 2 0 1 877 878 885
1760 2 2 0 1 878 886 885
1761 2 2 0 1 878 879 886
1762 2 2 0 1 879 887 886
1763 2 2 0 1 879 880 887
1764 2 2 0 1 880 888 887
1765 2 2 0 1 880 881 888
1766 2 2 0 1 881 889 888
1767 2 2 0 1 881 882 889
1768 2 2 0 1 882 890 889
1769 2 2 0 1 882 883 890
1770 2 2 0 1 883 891 890
1771 2 2 0 1 883 884 891
1772 2 2 0 1 884 892 891
1773 2 2 0 1 884 877 892
1774 2 2 0 1 877 885 892
1775 2 2 0 1 885 886 893
1776 2 2 0 1 886 887 893
1777 2 2 0 1 887 888 893
1778 2 2 0 1 888 889 893
1779 2 2 0 1 889 890 893
1780 2 2 0 1 890 891 893
1781 2 2 0 1 891 892 893
1782 2 2 0 1 892 885 893
$EndElements
