seed,source,0.000000,0.017453,0.034907,0.052360,0.069813,0.087266,0.104720,0.122173,0.139626,0.157080,0.174533,0.191986,0.209440,0.226893,0.244346,0.261799,0.279253,0.296706,0.314159,0.331613,0.349066,0.366519,0.383972,0.401426,0.418879,0.436332,0.453786,0.471239,0.488692,0.506145,0.523599,0.541052,0.558505,0.575959,0.593412,0.610865,0.628319,0.645772,0.663225,0.680678,0.698132,0.715585,0.733038,0.750492,0.767945,0.785398,0.802851,0.820305,0.837758,0.855211,0.872665,0.890118,0.907571,0.925025,0.942478,0.959931,0.977384,0.994838,1.012291,1.029744,1.047198,1.064651,1.082104,1.099557,1.117011,1.134464,1.151917,1.169371,1.186824,1.204277,1.221730,1.239184,1.256637,1.274090,1.291544,1.308997,1.326450,1.343904,1.361357,1.378810,1.396263,1.413717,1.431170,1.448623,1.466077,1.483530,1.500983,1.518436,1.535890,1.553343,1.570796,1.588250,1.605703,1.623156,1.640609,1.658063,1.675516,1.692969,1.710423,1.727876,1.745329,1.762783,1.780236,1.797689,1.815142,1.832596,1.850049,1.867502,1.884956,1.902409,1.919862,1.937315,1.954769,1.972222,1.989675,2.007129,2.024582,2.042035,2.059489,2.076942,2.094395,2.111848,2.129302,2.146755,2.164208,2.181662,2.199115,2.216568,2.234021,2.251475,2.268928,2.286381,2.303835,2.321288,2.338741,2.356194,2.373648,2.391101,2.408554,2.426008,2.443461,2.460914,2.478368,2.495821,2.513274,2.530727,2.548181,2.565634,2.583087,2.600541,2.617994,2.635447,2.652900,2.670354,2.687807,2.705260,2.722714,2.740167,2.757620,2.775074,2.792527,2.809980,2.827433,2.844887,2.862340,2.879793,2.897247,2.914700,2.932153,2.949606,2.967060,2.984513,3.001966,3.019420,3.036873,3.054326,3.071779,3.089233,3.106686,3.124139,3.141593
0,nominal,7.06352557e-01,7.06705355e-01,6.98043072e-01,6.80640719e-01,6.55065769e-01,6.22150304e-01,5.82950205e-01,5.38693975e-01,4.90724420e-01,4.40436806e-01,3.89217181e-01,3.38384402e-01,2.89139010e-01,2.42521449e-01,1.99381404e-01,1.60359179e-01,1.25879195e-01,9.61549384e-02,7.12039645e-02,5.08711177e-02,3.48577402e-02,2.27545313e-02,1.40757395e-02,8.29256383e-03,4.86395908e-03,3.26343833e-03,3.00091319e-03,3.63906304e-03,4.80414649e-03,6.19153306e-03,7.56652346e-03,8.76123163e-03,9.66841974e-03,1.02332144e-02,1.04435995e-02,1.03204919e-02,9.90808067e-03,9.26495792e-03,8.45641541e-03,7.54812796e-03,6.60130948e-03,5.66931434e-03,4.79556865e-03,4.01265587e-03,3.34234517e-03,2.79633811e-03,2.37751449e-03,2.08147669e-03,1.89822057e-03,1.81379352e-03,1.81183533e-03,1.87493052e-03,1.98573085e-03,2.12783184e-03,2.28640712e-03,2.44861912e-03,2.60383429e-03,2.74367620e-03,2.86195189e-03,2.95448540e-03,3.01888986e-03,3.05430499e-03,3.06112224e-03,3.04071475e-03,2.99518478e-03,2.92713689e-03,2.83948170e-03,2.73527208e-03,2.61757149e-03,2.48935260e-03,2.35342309e-03,2.21237519e-03,2.06855520e-03,1.92404917e-03,1.78068128e-03,1.64002182e-03,1.50340188e-03,1.37193269e-03,1.24652744e-03,1.12792441e-03,1.01671002e-03,9.13341195e-04,8.18166265e-04,7.31444239e-04,6.53362059e-04,5.84049827e-04,5.23593951e-04,4.72048230e-04,4.29442941e-04,3.95791986e-04,3.71098155e-04,3.55356546e-04,3.48556171e-04,3.50679739e-04,3.61701591e-04,3.81583731e-04,4.10269901e-04,4.47677594e-04,4.93687956e-04,5.48133490e-04,6.10783564e-04,6.81327724e-04,7.59356966e-04,8.44343196e-04,9.35617289e-04,1.03234636e-03,1.13351114e-03,1.23788450e-03,1.34401284e-03,1.45020198e-03,1.55450990e-03,1.65474907e-03,1.74850120e-03,1.83314782e-03,1.90592011e-03,1.96397136e-03,2.00447533e-03,2.02475298e-03,2.02242912e-03,1.99561935e-03,1.94314512e-03,1.86477285e-03,1.76146966e-03,1.63566487e-03,1.49150257e-03,1.33506682e-03,1.17455713e-03,1.02038875e-03,8.85190404e-04,7.83671480e-04,7.32332442e-04,7.48996840e-04,8.52150964e-04,1.06008860e-03,1.38987347e-03,1.85615055e-03,2.46985894e-03,3.23692242e-03,4.15701700e-03,5.22253661e-03,6.41789483e-03,7.71931012e-03,9.09522113e-03,1.05074646e-02,1.19133187e-02,1.32684686e-02,1.45308868e-02,1.56655442e-02,1.66497754e-02,1.74790277e-02,1.81726272e-02,1.87791105e-02,1.93806100e-02,2.00957446e-02,2.10804773e-02,2.25264594e-02,2.46564852e-02,2.77168463e-02,3.19665791e-02,3.76638463e-02,4.50499560e-02,5.43317870e-02,6.56636296e-02,7.91296419e-02,9.47282353e-02,1.12359731e-01,1.31818539e-01,1.52790912e-01,1.74859023e-01,1.97511717e-01,2.20161803e-01,2.42169293e-01,2.62869452e-01,2.81604146e-01,2.97754597e-01,3.10773460e-01,3.20214089e-01,3.25754971e-01,3.27217595e-01,3.24576450e-01,3.17960397e-01
5000,frozen,7.99995084e-01,8.03385100e-01,7.95519263e-01,7.76680372e-01,7.47558653e-01,7.09213301e-01,6.63014021e-01,6.10566736e-01,5.53628727e-01,4.94019008e-01,4.33529882e-01,3.73845221e-01,3.16470270e-01,2.62676604e-01,2.13464583e-01,1.69544212e-01,1.31333935e-01,9.89756775e-02,7.23634840e-02,5.11824078e-02,3.49539766e-02,2.30845311e-02,1.49130011e-02,9.75517549e-03,6.94217987e-03,5.85161125e-03,5.93053212e-03,6.71022104e-03,7.81317348e-03,8.95330668e-03,9.93063215e-03,1.06218186e-02,1.09680902e-02,1.09618123e-02,1.06329400e-02,1.00362716e-02,9.24019138e-03,8.31733355e-03,7.33735932e-03,6.36184652e-03,5.44113414e-03,4.61285932e-03,3.90186247e-03,3.32111459e-03,2.87333110e-03,2.55297047e-03,2.34836456e-03,2.24378400e-03,2.22129841e-03,2.26234485e-03,2.34896327e-03,2.46469440e-03,2.59516277e-03,2.72838535e-03,2.85485584e-03,2.96745794e-03,3.06125893e-03,3.13322930e-03,3.18192696e-03,3.20717611e-03,3.20976285e-03,3.19116188e-03,3.15330251e-03,3.09837696e-03,3.02869012e-03,2.94654740e-03,2.85417584e-03,2.75367260e-03,2.64697538e-03,2.53584918e-03,2.42188492e-03,2.30650573e-03,2.19097803e-03,2.07642488e-03,1.96384005e-03,1.85410163e-03,1.74798459e-03,1.64617201e-03,1.54926487e-03,1.45779057e-03,1.37221024e-03,1.29292532e-03,1.22028326e-03,1.15458294e-03,1.09607969e-03,1.04499011e-03,1.00149693e-03,9.65753689e-04,9.37889465e-04,9.18013546e-04,9.06219976e-04,9.02591927e-04,9.07205772e-04,9.20134711e-04,9.41451763e-04,9.71231891e-04,1.00955298e-03,1.05649528e-03,1.11213900e-03,1.17655941e-03,1.24981902e-03,1.33195617e-03,1.42296932e-03,1.52279647e-03,1.63128892e-03,1.74817890e-03,1.87304072e-03,2.00524532e-03,2.14390864e-03,2.28783468e-03,2.43545523e-03,2.58476866e-03,2.73328202e-03,2.87796140e-03,3.01519733e-03,3.14079345e-03,3.24998797e-03,3.33751867e-03,3.39774318e-03,3.42482598e-03,3.41300292e-03,3.35693199e-03,3.25213525e-03,3.09553147e-03,2.88605167e-03,2.62532047e-03,2.31837482e-03,1.97437926e-03,1.60728369e-03,1.23635629e-03,8.86513477e-04,5.88360300e-04,3.77852354e-04,2.95494551e-04,3.85005869e-04,6.91403520e-04,1.25849614e-03,2.12582351e-03,3.32513877e-03,4.87659579e-03,6.78487454e-03,9.03554515e-03,1.15920304e-02,1.43935663e-02,1.73545740e-02,2.03658354e-02,2.32978004e-02,2.60062438e-02,2.83403352e-02,3.01529867e-02,3.13131147e-02,3.17192095e-02,3.13133672e-02,3.00947320e-02,2.81311458e-02,2.55677404e-02,2.26312397e-02,1.96289075e-02,1.69413561e-02,1.50088367e-02,1.43111310e-02,1.53417248e-02,1.85775179e-02,2.44458624e-02,3.32911543e-02,4.53434933e-02,6.06920075e-02,7.92653025e-02,1.00821116e-01,1.24946665e-01,1.51070393e-01,1.78484929e-01,2.06380146e-01,2.33884291e-01,2.60110464e-01,2.84205125e-01,3.05395126e-01,3.23029756e-01,3.36614713e-01,3.45835527e-01,3.50568863e-01
5001,frozen,6.71813260e-01,6.71712477e-01,6.62545218e-01,6.44619296e-01,6.18549483e-01,5.85225957e-01,5.45768766e-01,5.01471312e-01,4.53736563e-01,4.04010061e-01,3.53713861e-01,3.04185296e-01,2.56623957e-01,2.12049499e-01,1.71272040e-01,1.34875934e-01,1.03216764e-01,7.64305420e-02,5.44533935e-02,3.70494780e-02,2.38445963e-02,1.43628368e-02,8.06372352e-03,4.37760421e-03,2.73742032e-03,2.60548656e-03,3.49442303e-03,4.98188935e-03,6.71922705e-03,8.43449655e-03,9.93068206e-03,1.10800235e-02,1.18155214e-02,1.21206608e-02,1.20183232e-02,1.15597296e-02,1.08140913e-02,9.85946657e-03,8.77514107e-03,7.63568365e-03,6.50668836e-03,5.44209819e-03,4.48292516e-03,3.65712989e-03,2.98040025e-03,2.45756850e-03,2.08442454e-03,1.84971317e-03,1.73714158e-03,1.72726404e-03,1.79915112e-03,1.93178746e-03,2.10517370e-03,2.30113350e-03,2.50384537e-03,2.70013201e-03,2.87954703e-03,3.03430168e-03,3.15907367e-03,3.25073663e-03,3.30804381e-03,3.33129409e-03,3.32200196e-03,3.28258759e-03,3.21609770e-03,3.12596362e-03,3.01579912e-03,2.88923776e-03,2.74980761e-03,2.60083982e-03,2.44540644e-03,2.28628315e-03,2.12593198e-03,1.96649988e-03,1.80982901e-03,1.65747553e-03,1.51073389e-03,1.37066437e-03,1.23812198e-03,1.11378536e-03,9.98184743e-04,8.91728082e-04,7.94725170e-04,7.07409274e-04,6.29956299e-04,5.62501419e-04,5.05153247e-04,4.58005608e-04,4.21147014e-04,3.94667912e-04,3.78665753e-04,3.73247924e-04,3.78532503e-04,3.94646803e-04,4.21723604e-04,4.59894947e-04,5.09283361e-04,5.69990344e-04,6.42081964e-04,7.25571466e-04,8.20398812e-04,9.26407215e-04,1.04331683e-03,1.17069600e-03,1.30793062e-03,1.45419262e-03,1.60840884e-03,1.76923196e-03,1.93501582e-03,2.10379780e-03,2.27329164e-03,2.44089440e-03,2.60371197e-03,2.75860784e-03,2.90227969e-03,3.03136878e-03,3.14260613e-03,3.23299881e-03,3.30005793e-03,3.34206800e-03,3.35839412e-03,3.34982011e-03,3.31890631e-03,3.27035094e-03,3.21133371e-03,3.15181528e-03,3.10476121e-03,3.08625546e-03,3.11546601e-03,3.21442545e-03,3.40759247e-03,3.72116711e-03,4.18214359e-03,4.81710032e-03,5.65074693e-03,6.70427223e-03,7.99356436e-03,9.52740284e-03,1.13057500e-02,1.33182934e-02,1.55434073e-02,1.79477089e-02,2.04863783e-02,2.31043859e-02,2.57387319e-02,2.83217403e-02,3.07853709e-02,3.30664220e-02,3.51123915e-02,3.68876639e-02,3.83795951e-02,3.96039880e-02,4.06094121e-02,4.14798087e-02,4.23348711e-02,4.33277825e-02,4.46400496e-02,4.64733632e-02,4.90386610e-02,5.25428218e-02,5.71736818e-02,6.30842975e-02,7.03775646e-02,7.90924088e-02,8.91927860e-02,1.00560631e-01,1.12993693e-01,1.26208901e-01,1.39851482e-01,1.53509658e-01,1.66734213e-01,1.79061857e-01,1.90040863e-01,1.99257243e-01,2.06359550e-01,2.11080460e-01,2.13253442e-01,2.12823184e-01,2.09848914e-01,2.04500283e-01,1.97046099e-01
5002,frozen,7.29011281e-01,7.28388294e-01,7.18744895e-01,7.00384110e-01,6.73891547e-01,6.40107350e-01,6.00086087e-01,5.55047031e-01,5.06317909e-01,4.55275472e-01,4.03286373e-01,3.51651638e-01,3.01557647e-01,2.54035982e-01,2.09933777e-01,1.69895456e-01,1.34355963e-01,1.03544857e-01,7.75000365e-02,5.60893537e-02,3.90380936e-02,2.59601098e-02,1.63904554e-02,9.81749500e-03,5.71277274e-03,3.55727082e-03,2.86310333e-03,3.19010728e-03,4.15718822e-03,5.44862485e-03,6.81581746e-03,8.07516859e-03,9.10290866e-03,9.82772809e-03,1.02220594e-02,1.02927819e-02,1.00720115e-02,9.60850278e-03,8.96004972e-03,8.18712606e-03,7.34788072e-03,6.49449123e-03,5.67079146e-03,4.91102706e-03,4.23955219e-03,3.67126335e-03,3.21256568e-03,2.86268077e-03,2.61512803e-03,2.45924122e-03,2.38161244e-03,2.36738769e-03,2.40136595e-03,2.46887890e-03,2.55644806e-03,2.65223153e-03,2.74628301e-03,2.83065180e-03,2.89935572e-03,2.94825845e-03,2.97488088e-03,2.97817270e-03,2.95826597e-03,2.91622829e-03,2.85382834e-03,2.77332313e-03,2.67727200e-03,2.56838046e-03,2.44937372e-03,2.32289890e-03,2.19145322e-03,2.05733508e-03,1.92261446e-03,1.78911907e-03,1.65843305e-03,1.53190481e-03,1.41066164e-03,1.29562858e-03,1.18754977e-03,1.08701081e-03,9.94460885e-04,9.10234005e-04,8.34568625e-04,7.67625390e-04,7.09502760e-04,6.60250448e-04,6.19880685e-04,5.88377375e-04,5.65703243e-04,5.51805109e-04,5.46617389e-04,5.50063971e-04,5.62058544e-04,5.82503497e-04,6.11287451e-04,6.48281487e-04,6.93334123e-04,7.46265099e-04,8.06857990e-04,8.74851727e-04,9.49931093e-04,1.03171630e-03,1.11975178e-03,1.21349448e-03,1.31230182e-03,1.41541981e-03,1.52197176e-03,1.63094824e-03,1.74119898e-03,1.85142768e-03,1.96019073e-03,2.06590092e-03,2.16683755e-03,2.26116410e-03,2.34695470e-03,2.42223060e-03,2.48500744e-03,2.53335375e-03,2.56546051e-03,2.57972084e-03,2.57481786e-03,2.54981762e-03,2.50426264e-03,2.43826037e-03,2.35255942e-03,2.24860526e-03,2.12856660e-03,1.99532302e-03,1.85240575e-03,1.70388472e-03,1.55419868e-03,1.40792955e-03,1.26952885e-03,1.14301185e-03,1.03164475e-03,9.37660452e-04,8.62049429e-04,8.04482005e-04,7.63426767e-04,7.36534325e-04,7.21355439e-04,7.16455504e-04,7.22972220e-04,7.46638725e-04,8.00260096e-04,9.06587068e-04,1.10147847e-03,1.43718583e-03,1.98553341e-03,2.84071034e-03,4.12134348e-03,5.97148854e-03,8.56016848e-03,1.20791093e-02,1.67383792e-02,2.27597313e-02,3.03675799e-02,3.97777069e-02,5.11839855e-02,6.47436151e-02,8.05615659e-02,9.86751201e-02,1.19039542e-01,1.41516000e-01,1.65862885e-01,1.91731582e-01,2.18667603e-01,2.46117714e-01,2.73443358e-01,2.99940254e-01,3.24863622e-01,3.47458022e-01,3.66990398e-01,3.82784545e-01,3.94255010e-01,4.00938327e-01,4.02519505e-01,3.98851947e-01,3.89969289e-01,3.76088159e-01,3.57601422e-01
5003,frozen,8.26391542e-01,8.26529294e-01,8.15514914e-01,7.93696967e-01,7.61805995e-01,7.20918424e-01,6.72402455e-01,6.17849472e-01,5.58995394e-01,4.97637018e-01,4.35548616e-01,3.74403799e-01,3.15707155e-01,2.60739232e-01,2.10517358e-01,1.65773573e-01,1.26949665e-01,9.42081801e-02,6.74572818e-02,4.63865761e-02,3.05105789e-02,1.92163108e-02,1.18116203e-02,7.57118050e-03,5.77763412e-03,5.75602179e-03,6.90033295e-03,8.69172251e-03,1.07085715e-02,1.26291012e-02,1.42276469e-02,1.53659524e-02,1.59809537e-02,1.60705063e-02,1.56783863e-02,1.48796938e-02,1.37675444e-02,1.24416628e-02,1.09992351e-02,9.52814112e-03,8.10248976e-03,6.78023536e-03,5.60254898e-03,4.59456825e-03,3.76713529e-03,3.11915292e-03,2.64023286e-03,2.31336817e-03,2.11742699e-03,2.02932953e-03,2.02582921e-03,2.08486936e-03,2.18652664e-03,2.31358065e-03,2.45176704e-03,2.58978027e-03,2.71909299e-03,2.83365453e-03,2.92952309e-03,3.00447559e-03,3.05762854e-03,3.08909305e-03,3.09967745e-03,3.09064373e-03,3.06351798e-03,3.01995078e-03,2.96162094e-03,2.89017472e-03,2.80719244e-03,2.71417455e-03,2.61254075e-03,2.50363635e-03,2.38874181e-03,2.26908232e-03,2.14583564e-03,2.02013706e-03,1.89308121e-03,1.76572097e-03,1.63906393e-03,1.51406707e-03,1.39163047e-03,1.27259065e-03,1.15771420e-03,1.04769225e-03,9.43135980e-04,8.44573504e-04,7.52448194e-04,6.67118468e-04,5.88858967e-04,5.17863015e-04,4.54246244e-04,3.98051236e-04,3.49253060e-04,3.07765616e-04,2.73448696e-04,2.46115761e-04,2.25542397e-04,2.11475525e-04,2.03643389e-04,2.01766396e-04,2.05568877e-04,2.14791775e-04,2.29206264e-04,2.48628181e-04,2.72933073e-04,3.02071506e-04,3.36084115e-04,3.75115678e-04,4.19427258e-04,4.69405239e-04,5.25565809e-04,5.88553260e-04,6.59130247e-04,7.38158097e-04,8.26565220e-04,9.25301867e-04,1.03527984e-03,1.15729634e-03,1.29194210e-03,1.43949503e-03,1.59980228e-03,1.77215529e-03,1.95516465e-03,2.14664357e-03,2.34351128e-03,2.54172953e-03,2.73628680e-03,2.92124596e-03,3.08987044e-03,3.23484224e-03,3.34858162e-03,3.42367234e-03,3.45338857e-03,3.43230952e-03,3.35699553e-03,3.22668668e-03,3.04397079e-03,2.81535530e-03,2.55166744e-03,2.26820126e-03,1.98453077e-03,1.72391766e-03,1.51226106e-03,1.37656678e-03,1.34295505e-03,1.43427728e-03,1.66747159e-03,2.05085047e-03,2.58157497e-03,3.24362317e-03,4.00659646e-03,4.82571911e-03,5.64336486e-03,6.39238507e-03,7.00140976e-03,7.40214879e-03,7.53853747e-03,7.37736052e-03,6.91976470e-03,6.21285317e-03,5.36036750e-03,4.53133028e-03,3.96546692e-03,3.97427019e-03,4.93672908e-03,7.28901960e-03,1.15078430e-02,1.80875771e-02,2.75119491e-02,4.02214984e-02,5.65786276e-02,7.68324867e-02,1.01086239e-01,1.29269387e-01,1.61117737e-01,1.96163279e-01,2.33735694e-01,2.72976486e-01,3.12865840e-01,3.52261378e-01,3.89946993e-01
5004,frozen,7.28682344e-01,7.28823399e-01,7.19180349e-01,7.00087544e-01,6.72207690e-01,6.36497514e-01,5.94158713e-01,5.46577460e-01,4.95256371e-01,4.41743289e-01,3.87561190e-01,3.34143334e-01,2.82777132e-01,2.34559499e-01,1.90365458e-01,1.50830816e-01,1.16348707e-01,8.70789562e-02,6.29684425e-02,4.37801328e-02,2.91281332e-02,1.85160108e-02,1.13757528e-02,7.10501218e-03,5.10070237e-03,4.78750077e-03,5.64034918e-03,7.20055778e-03,9.08558904e-03,1.09929905e-02,1.26992438e-02,1.40544941e-02,1.49742200e-02,1.54289126e-02,1.54327626e-02,1.50322301e-02,1.42952131e-02,1.33013461e-02,1.21337848e-02,1.08726624e-02,9.59025371e-03,8.34776973e-03,7.19361297e-03,6.16286967e-03,5.27778414e-03,4.54895549e-03,3.97701072e-03,3.55453462e-03,3.26807269e-03,3.10006257e-03,3.03058891e-03,3.03889377e-03,3.10460681e-03,3.20868633e-03,3.33408274e-03,3.46615055e-03,3.59284433e-03,3.70473830e-03,3.79491026e-03,3.85872833e-03,3.89357515e-03,3.89853901e-03,3.87409592e-03,3.82180097e-03,3.74400207e-03,3.64358489e-03,3.52375333e-03,3.38784754e-03,3.23919838e-03,3.08101611e-03,2.91630969e-03,2.74783262e-03,2.57805102e-03,2.40912957e-03,2.24293164e-03,2.08102965e-03,1.92472294e-03,1.77506027e-03,1.63286503e-03,1.49876128e-03,1.37319957e-03,1.25648138e-03,1.14878173e-03,1.05016934e-03,9.60624348e-04,8.80053246e-04,8.08301249e-04,7.45162082e-04,6.90385364e-04,6.43681766e-04,6.04726139e-04,5.73158842e-04,5.48585497e-04,5.30575427e-04,5.18659026e-04,5.12324377e-04,5.11013409e-04,5.14117975e-04,5.20976244e-04,5.30869878e-04,5.43022520e-04,5.56600199e-04,5.70714319e-04,5.84427977e-04,5.96766414e-04,6.06732437e-04,6.13327668e-04,6.15580419e-04,6.12580916e-04,6.03524376e-04,5.87762190e-04,5.64861010e-04,5.34669009e-04,4.97387842e-04,4.53647957e-04,4.04583830e-04,3.51904517e-04,2.97953591e-04,2.45751189e-04,1.99009627e-04,1.62112967e-04,1.40050243e-04,1.38291961e-04,1.62600300e-04,2.18765293e-04,3.12262601e-04,4.47833408e-04,6.28993698e-04,8.57488867e-04,1.13272003e-03,1.45118037e-03,1.80595298e-03,2.18633441e-03,2.57766075e-03,2.96142214e-03,3.31575727e-03,3.61641855e-03,3.83828960e-03,3.95751780e-03,3.95429422e-03,3.81627069e-03,3.54254907e-03,3.14811242e-03,2.66849465e-03,2.16440872e-03,1.72597956e-03,1.47616411e-03,1.57289555e-03,2.20947115e-03,3.61272085e-03,6.03855487e-03,9.76459686e-03,1.50797662e-02,2.22708753e-02,3.16065465e-02,4.33190154e-02,5.75846541e-02,7.45042940e-02,9.40846333e-02,1.16222147e-01,1.40690960e-01,1.67136070e-01,1.95073117e-01,2.23895582e-01,2.52889859e-01,2.81258140e-01,3.08148466e-01,3.32690719e-01,3.54036785e-01,3.71402646e-01,3.84109844e-01,3.91623628e-01,3.93585123e-01,3.89835160e-01,3.80427852e-01,3.65632674e-01,3.45924546e-01,3.21962299e-01,2.94556684e-01,2.64629915e-01,2.33169288e-01
5005,frozen,6.78586632e-01,6.79312450e-01,6.71878259e-01,6.56501315e-01,6.33649159e-01,6.04018470e-01,5.68503294e-01,5.28154530e-01,4.84133051e-01,4.37659187e-01,3.89961409e-01,3.42227025e-01,2.95557465e-01,2.50930292e-01,2.09169609e-01,1.70925868e-01,1.36665508e-01,1.06670175e-01,8.10447784e-02,5.97331091e-02,4.25394742e-02,2.91545376e-02,1.91835230e-02,1.21749830e-02,7.64850933e-03,5.12001897e-03,4.12356476e-03,4.22896400e-03,5.05488509e-03,6.27735368e-03,7.63392011e-03,8.92395274e-03,1.00056817e-02,1.07907117e-02,1.12367557e-02,1.13393203e-02,1.11230070e-02,1.06330013e-02,9.92719976e-03,9.06930662e-03,8.12310521e-03,7.14799964e-03,6.19582461e-03,5.30884426e-03,4.51880437e-03,3.84686602e-03,3.30423109e-03,2.89326838e-03,2.60895999e-03,2.44050758e-03,2.37296416e-03,2.38878552e-03,2.46922448e-03,2.59551817e-03,2.74984263e-03,2.91602922e-03,3.08005267e-03,3.23031255e-03,3.35773659e-03,3.45573875e-03,3.52006539e-03,3.54856168e-03,3.54088762e-03,3.49820870e-03,3.42288228e-03,3.31815551e-03,3.18788698e-03,3.03629961e-03,2.86776944e-03,2.68665167e-03,2.49714361e-03,2.30318200e-03,2.10837160e-03,1.91594099e-03,1.72872120e-03,1.54914308e-03,1.37924916e-03,1.22071644e-03,1.07488660e-03,9.42801151e-04,8.25238773e-04,7.22753329e-04,6.35710823e-04,5.64324334e-04,5.08686060e-04,4.68795959e-04,4.44586629e-04,4.35944229e-04,4.42725361e-04,4.64769894e-04,5.01909750e-04,5.53973698e-04,6.20788200e-04,7.02174333e-04,7.97940829e-04,9.07873225e-04,1.03171916e-03,1.16916986e-03,1.31983782e-03,1.48323097e-03,1.65872344e-03,1.84552341e-03,2.04263866e-03,2.24884068e-03,2.46262855e-03,2.68219418e-03,2.90539089e-03,3.12970793e-03,3.35225399e-03,3.56975324e-03,3.77855831e-03,3.97468459e-03,4.15387134e-03,4.31167470e-03,4.44359824e-03,4.54526598e-03,4.61264256e-03,4.64230363e-03,4.63175805e-03,4.57982091e-03,4.48703311e-03,4.35611960e-03,4.19247334e-03,4.00464707e-03,3.80482891e-03,3.60927233e-03,3.43864461e-03,3.31825341e-03,3.27810668e-03,3.35275913e-03,3.58089923e-03,4.00463387e-03,4.66843596e-03,5.61773185e-03,6.89712253e-03,8.54825381e-03,1.06073768e-02,1.31026696e-02,1.60514221e-02,1.94572189e-02,2.33072850e-02,2.75701826e-02,3.21940676e-02,3.71057170e-02,4.22105339e-02,4.73937086e-02,5.25226765e-02,5.74509482e-02,6.20233120e-02,6.60823168e-02,6.94758388e-02,7.20654336e-02,7.37350717e-02,7.43997703e-02,7.40135672e-02,7.25762543e-02,7.01382886e-02,6.68033544e-02,6.27281449e-02,5.81190727e-02,5.32258031e-02,4.83317100e-02,4.37415820e-02,3.97671288e-02,3.67110413e-02,3.48505219e-02,3.44213100e-02,3.56032643e-02,3.85085225e-02,4.31731342e-02,4.95528652e-02,5.75236042e-02,6.68864927e-02,7.73775627e-02,8.86813388e-02,1.00447560e-01,1.12309934e-01,1.23905692e-01,1.34894606e-01,1.44976233e-01,1.53904216e-01
5006,frozen,6.45614795e-01,6.46578667e-01,6.39678765e-01,6.25107667e-01,6.03305510e-01,5.74940005e-01,5.40875543e-01,5.02133259e-01,4.59844463e-01,4.15200213e-01,3.69399959e-01,3.23602164e-01,2.78879556e-01,2.36181237e-01,1.96303350e-01,1.59869349e-01,1.27320265e-01,9.89147002e-02,7.47377032e-02,5.47172155e-02,3.86464089e-02,2.62100540e-02,1.70129982e-02,1.06089160e-02,6.52769211e-03,4.30008564e-03,3.47866423e-03,3.65436505e-03,4.46840030e-03,5.61955494e-03,6.86720311e-03,8.03058429e-03,8.98502564e-03,9.65587180e-03,1.00108952e-02,1.00519169e-02,9.80628515e-03,9.31874258e-03,8.64409102e-03,7.84092638e-03,6.96659630e-03,6.07342243e-03,5.20613968e-03,4.40043714e-03,3.68243966e-03,3.06894442e-03,2.56821987e-03,2.18118249e-03,1.90278514e-03,1.72347643e-03,1.63061940e-03,1.60978771e-03,1.64588526e-03,1.72406019e-03,1.83040488e-03,1.95244933e-03,2.07946720e-03,2.20262063e-03,2.31497398e-03,2.41140700e-03,2.48845666e-03,2.54411377e-03,2.57759653e-03,2.58911889e-03,2.57966725e-03,2.55079504e-03,2.50444120e-03,2.44277555e-03,2.36807194e-03,2.28260804e-03,2.18858969e-03,2.08809703e-03,1.98304889e-03,1.87518249e-03,1.76604506e-03,1.65699456e-03,1.54920712e-03,1.44368891e-03,1.34129092e-03,1.24272511e-03,1.14858107e-03,1.05934244e-03,9.75402495e-04,8.97078735e-04,8.24626182e-04,7.58249434e-04,6.98113418e-04,6.44352945e-04,5.97081116e-04,5.56396701e-04,5.22390557e-04,4.95151166e-04,4.74769336e-04,4.61342097e-04,4.54975773e-04,4.55788204e-04,4.63910026e-04,4.79484908e-04,5.02668595e-04,5.33626559e-04,5.72530059e-04,6.19550338e-04,6.74850704e-04,7.38576205e-04,8.10840615e-04,8.91710498e-04,9.81186133e-04,1.07917921e-03,1.18548733e-03,1.29976548e-03,1.42149501e-03,1.54995081e-03,1.68416781e-03,1.82290850e-03,1.96463337e-03,2.10747703e-03,2.24923314e-03,2.38735191e-03,2.51895448e-03,2.64086870e-03,2.74969133e-03,2.84188130e-03,2.91388842e-03,2.96232108e-03,2.98415485e-03,2.97698205e-03,2.93929956e-03,2.87082861e-03,2.77285654e-03,2.64858575e-03,2.50347028e-03,2.34551573e-03,2.18551387e-03,2.03717956e-03,1.91715599e-03,1.84485421e-03,1.84209584e-03,1.93253436e-03,2.14084008e-03,2.49164824e-03,3.00828752e-03,3.71132730e-03,4.61700623e-03,5.73562907e-03,7.07004256e-03,8.61432189e-03,1.03528134e-02,1.22596850e-02,1.42991308e-02,1.64263542e-02,1.85894240e-02,2.07320418e-02,2.27972000e-02,2.47316288e-02,2.64908499e-02,2.80445685e-02,2.93820551e-02,3.05171055e-02,3.14921259e-02,3.23808773e-02,3.32894424e-02,3.43550443e-02,3.57424576e-02,3.76378997e-02,4.02404723e-02,4.37514219e-02,4.83616923e-02,5.42384382e-02,6.15113244e-02,7.02595536e-02,8.05006062e-02,9.21816531e-02,1.05174487e-01,1.19274637e-01,1.34205062e-01,1.49624521e-01,1.65140374e-01,1.80325215e-01,1.94736453e-01,2.07937656e-01,2.19520344e-01
5007,frozen,7.40428992e-01,7.40608065e-01,7.31687312e-01,7.13928326e-01,6.87879986e-01,6.54353059e-01,6.14382172e-01,5.69177484e-01,5.20068981e-01,4.68446762e-01,4.15700816e-01,3.63163694e-01,3.12059182e-01,2.63459516e-01,2.18253021e-01,1.77123270e-01,1.40540056e-01,1.08761734e-01,8.18477461e-02,5.96796986e-02,4.19888864e-02,2.83880376e-02,1.84049870e-02,1.15161398e-02,7.17785559e-03,4.85424528e-03,4.04030139e-03,4.27972254e-03,5.17722026e-03,6.40547609e-03,7.70722932e-03,8.89320701e-03,9.83675376e-03,1.04660812e-02,1.07550465e-02,1.07132966e-02,1.03764988e-02,9.79723484e-03,9.03697478e-03,8.15939749e-03,7.22517671e-03,6.28823286e-03,5.39335367e-03,4.57501741e-03,3.85721060e-03,3.25401311e-03,2.77072540e-03,2.40532953e-03,2.15010307e-03,1.99323878e-03,1.92035891e-03,1.91584773e-03,1.96395779e-03,2.04967202e-03,2.15932508e-03,2.28100315e-03,2.40475125e-03,2.52262273e-03,2.62860733e-03,2.71847252e-03,2.78954963e-03,2.84049146e-03,2.87102288e-03,2.88170055e-03,2.87369296e-03,2.84858770e-03,2.80822934e-03,2.75458829e-03,2.68965928e-03,2.61538641e-03,2.53361135e-03,2.44604051e-03,2.35422744e-03,2.25956667e-03,2.16329587e-03,2.06650367e-03,1.97014072e-03,1.87503257e-03,1.78189296e-03,1.69133666e-03,1.60389142e-03,1.52000864e-03,1.44007264e-03,1.36440862e-03,1.29328938e-03,1.22694089e-03,1.16554697e-03,1.10925314e-03,1.05816998e-03,1.01237582e-03,9.71919258e-04,9.36821257e-04,9.07077056e-04,8.82657878e-04,8.63512441e-04,8.49568256e-04,8.40732676e-04,8.36893634e-04,8.37919993e-04,8.43661407e-04,8.53947572e-04,8.68586727e-04,8.87363261e-04,9.10034254e-04,9.36324799e-04,9.65921962e-04,9.98467247e-04,1.03354753e-03,1.07068448e-03,1.10932259e-03,1.14881619e-03,1.18841593e-03,1.22725554e-03,1.26434004e-03,1.29853671e-03,1.32857098e-03,1.35302927e-03,1.37037152e-03,1.37895648e-03,1.37708292e-03,1.36304992e-03,1.33523930e-03,1.29222256e-03,1.23289368e-03,1.15662762e-03,1.06346224e-03,9.54298687e-04,8.31111977e-04,6.97159755e-04,5.57173117e-04,4.17509248e-04,2.86241793e-04,1.73161850e-04,8.96607828e-05,4.84664411e-05,6.32073645e-05,1.47785962e-04,3.15551884e-04,5.78281266e-04,9.44986237e-04,1.42060158e-03,2.00462102e-03,2.68978242e-03,3.46092772e-03,4.29418638e-03,5.15664777e-03,6.00669484e-03,6.79516482e-03,7.46747975e-03,7.96684821e-03,8.23857781e-03,8.23545728e-03,7.92406889e-03,7.29178254e-03,6.35406759e-03,5.16164807e-03,3.80693204e-03,2.42907718e-03,1.21702616e-03,4.09865579e-04,2.93940200e-04,1.19629384e-03,3.47420808e-03,7.50086332e-03,1.36474404e-02,2.22622961e-02,3.36481571e-02,4.80385607e-02,6.55749910e-02,8.62863004e-02,1.10072033e-01,1.36691176e-01,1.65757641e-01,1.96743435e-01,2.28990025e-01,2.61727870e-01,2.94103544e-01,3.25213266e-01,3.54141196e-01,3.80000383e-01,4.01974010e-01
5008,frozen,6.99062869e-01,6.96283524e-01,6.84754612e-01,6.64844593e-01,6.37195170e-01,6.02690329e-01,5.62413913e-01,5.17598359e-01,4.69567756e-01,4.19678627e-01,3.69261880e-01,3.19569146e-01,2.71726279e-01,2.26696200e-01,1.85252531e-01,1.47964692e-01,1.15194375e-01,8.71025760e-02,6.36658116e-02,4.46996816e-02,2.98876695e-02,1.88129757e-02,1.09912337e-02,5.90215966e-03,3.01849696e-03,1.83099548e-03,1.86858585e-03,2.71332475e-03,4.01007552e-03,5.47122074e-03,6.87696569e-03,8.07197480e-03,8.95918632e-03,9.49167968e-03,9.66343508e-03,9.49974000e-03,9.04787699e-03,8.36858698e-03,7.52865580e-03,6.59483071e-03,5.62914710e-03,4.68563979e-03,3.80833100e-03,3.03033020e-03,2.37384656e-03,1.85090233e-03,1.46453872e-03,1.21032334e-03,1.07799338e-03,1.05309978e-03,1.11854955e-03,1.25597474e-03,1.44688484e-03,1.67358364e-03,1.91985091e-03,2.17140364e-03,2.41616178e-03,2.64434864e-03,2.84845913e-03,3.02312803e-03,3.16492855e-03,3.27212794e-03,3.34442226e-03,3.38266846e-03,3.38862709e-03,3.36472520e-03,3.31384556e-03,3.23914515e-03,3.14390399e-03,3.03140331e-03,2.90483097e-03,2.76721152e-03,2.62135747e-03,2.46983848e-03,2.31496529e-03,2.15878528e-03,2.00308688e-03,1.84941059e-03,1.69906442e-03,1.55314220e-03,1.41254340e-03,1.27799335e-03,1.15006320e-03,1.02918892e-03,9.15688939e-04,8.09780262e-04,7.11592847e-04,6.21182147e-04,5.38539874e-04,4.63602985e-04,3.96260989e-04,3.36361662e-04,2.83715298e-04,2.38097626e-04,1.99251552e-04,1.66887891e-04,1.40685273e-04,1.20289457e-04,1.05312285e-04,9.53305754e-05,8.98853003e-05,8.84814384e-05,9.05889796e-05,9.56456291e-05,1.03061846e-04,1.12228948e-04,1.22531110e-04,1.33362187e-04,1.44148368e-04,1.54377765e-04,1.63638076e-04,1.71663467e-04,1.78391798e-04,1.84033178e-04,1.89150644e-04,1.94753419e-04,2.02402756e-04,2.14329743e-04,2.33563657e-04,2.64068453e-04,3.10883818e-04,3.80265850e-04,4.79820942e-04,6.18624870e-04,8.07317506e-04,1.05816211e-03,1.38505697e-03,1.80348643e-03,2.33039823e-03,2.98399498e-03,3.78342933e-03,4.74839603e-03,5.89861835e-03,7.25323313e-03,8.83008638e-03,1.06449606e-02,1.27107657e-02,1.50367348e-02,1.76276791e-02,2.04833616e-02,2.35980577e-02,2.69603741e-02,3.05533916e-02,3.43551897e-02,3.83397955e-02,4.24785721e-02,4.67420309e-02,5.11020138e-02,5.55341466e-02,6.00204195e-02,6.45517068e-02,6.91300028e-02,7.37701200e-02,7.85005939e-02,8.33635433e-02,8.84132774e-02,9.37135019e-02,9.93330652e-02,1.05340301e-01,1.11796148e-01,1.18746379e-01,1.26213378e-01,1.34188060e-01,1.42622583e-01,1.51424565e-01,1.60453505e-01,1.69520021e-01,1.78388416e-01,1.86782834e-01,1.94397073e-01,2.00907797e-01,2.05990606e-01,2.09338155e-01,2.10679220e-01,2.09797490e-01,2.06548706e-01,2.00874830e-01,1.92814017e-01,1.82505393e-01,1.70187996e-01,1.56193595e-01
5009,frozen,7.10745764e-01,7.09399779e-01,6.98608500e-01,6.78725515e-01,6.50419899e-01,6.14642413e-01,5.72577439e-01,5.25583812e-01,4.75128391e-01,4.22716587e-01,3.69824136e-01,3.17834118e-01,2.67982695e-01,2.21316264e-01,1.78661753e-01,1.40610848e-01,1.07517910e-01,7.95104781e-02,5.65104988e-02,3.82639250e-02,2.43759879e-02,1.43493847e-02,7.62275021e-03,3.60708262e-03,1.71823001e-03,1.40406090e-03,2.16548561e-03,3.57102428e-03,5.26509034e-03,6.97054598e-03,8.48637412e-03,9.68149021e-03,1.04857934e-02,1.08795402e-02,1.08820320e-02,1.05404647e-02,9.91960715e-03,9.09278656e-03,8.13447102e-03,7.11456866e-03,6.09442200e-03,5.12436496e-03,4.24263356e-03,3.47537709e-03,2.83750061e-03,2.33407657e-03,1.96208796e-03,1.71230082e-03,1.57110558e-03,1.52220952e-03,1.54810289e-03,1.63125735e-03,1.75504446e-03,1.90438497e-03,2.06615507e-03,2.22938586e-03,2.38529663e-03,2.52720265e-03,2.65033593e-03,2.75161242e-03,2.82937353e-03,2.88312370e-03,2.91328010e-03,2.92094496e-03,2.90770681e-03,2.87547323e-03,2.82633493e-03,2.76245928e-03,2.68601009e-03,2.59908981e-03,2.50370032e-03,2.40171850e-03,2.29488307e-03,2.18478980e-03,2.07289270e-03,1.96050906e-03,1.84882695e-03,1.73891413e-03,1.63172748e-03,1.52812253e-03,1.42886283e-03,1.33462890e-03,1.24602672e-03,1.16359594e-03,1.08781751e-03,1.01912111e-03,9.57892221e-04,9.04478875e-04,8.59198196e-04,8.22342625e-04,7.94185810e-04,7.74988115e-04,7.65001622e-04,7.64474516e-04,7.73654661e-04,7.92792181e-04,8.22140771e-04,8.61957442e-04,9.12500336e-04,9.74024200e-04,1.04677306e-03,1.13096960e-03,1.22680067e-03,1.33439844e-03,1.45381670e-03,1.58500180e-03,1.72775803e-03,1.88170740e-03,2.04624403e-03,2.22048380e-03,2.40321076e-03,2.59282191e-03,2.78727352e-03,2.98403243e-03,3.18003736e-03,3.37167586e-03,3.55478423e-03,3.72467785e-03,3.87622084e-03,4.00394368e-03,4.10221730e-03,4.16549106e-03,4.18859969e-03,4.16714127e-03,4.09792327e-03,3.97946824e-03,3.81256258e-03,3.60082404e-03,3.35125363e-03,3.07472839e-03,2.78638195e-03,2.50581283e-03,2.25705506e-03,2.06824536e-03,1.97092584e-03,1.99893279e-03,2.18684140e-03,2.56796432e-03,3.17193801e-03,4.02197470e-03,5.13190677e-03,6.50320235e-03,8.12218089e-03,9.95770060e-03,1.19596204e-02,1.40583503e-02,1.61657905e-02,1.81779177e-02,1.99791974e-02,2.14488950e-02,2.24692132e-02,2.29350195e-02,2.27647425e-02,2.19118388e-02,2.03760591e-02,1.82136147e-02,1.55452644e-02,1.25613348e-02,9.52276181e-03,6.75740876e-03,4.65117473e-03,3.63374488e-03,4.15923682e-03,6.68243264e-03,1.16317209e-02,1.93802674e-02,3.02172469e-02,4.43211600e-02,6.17373076e-02,8.23613667e-02,1.05930720e-01,1.32024733e-01,1.60074582e-01,1.89382563e-01,2.19150096e-01,2.48512959e-01,2.76581685e-01,3.02484610e-01,3.25410804e-01,3.44650070e-01,3.59627380e-01
5010,frozen,6.32340611e-01,6.30754020e-01,6.21995989e-01,6.06319685e-01,5.84185411e-01,5.56240103e-01,5.23288586e-01,4.86258276e-01,4.46159345e-01,4.04042588e-01,3.60957286e-01,3.17911286e-01,2.75835251e-01,2.35552717e-01,1.97757130e-01,1.62996574e-01,1.31666375e-01,1.04009314e-01,8.01227528e-02,5.99716348e-02,4.34060854e-02,3.01822017e-02,1.99845868e-02,1.24492460e-02,7.18561040e-03,3.79665620e-03,1.89633206e-03,1.12377209e-03,1.15402961e-03,1.70530754e-03,2.54286698e-03,3.47995853e-03,4.37623724e-03,5.13418968e-03,5.69412557e-03,6.02827129e-03,6.13445655e-03,6.02981720e-03,5.74485488e-03,5.31810699e-03,4.79159344e-03,4.20712768e-03,3.60351014e-03,3.01456713e-03,2.46795587e-03,1.98462950e-03,1.57883994e-03,1.25855307e-03,1.02615469e-03,8.79337140e-04,8.12071418e-04,8.15587338e-04,8.79302259e-04,9.91656351e-04,1.14082804e-03,1.31531672e-03,1.50439079e-03,1.69840719e-03,1.88901464e-03,2.06925630e-03,2.23358923e-03,2.37783866e-03,2.49910375e-03,2.59563052e-03,2.66666498e-03,2.71229782e-03,2.73330919e-03,2.73102034e-03,2.70715674e-03,2.66372560e-03,2.60290940e-03,2.52697592e-03,2.43820431e-03,2.33882632e-03,2.23098121e-03,2.11668285e-03,1.99779724e-03,1.87602880e-03,1.75291387e-03,1.62981987e-03,1.50794887e-03,1.38834441e-03,1.27190053e-03,1.15937232e-03,1.05138721e-03,9.48456454e-04,8.50986569e-04,7.59290182e-04,6.73596243e-04,5.94059384e-04,5.20768338e-04,4.53753410e-04,3.92992991e-04,3.38419188e-04,2.89922647e-04,2.47356700e-04,2.10541001e-04,1.79264848e-04,1.53290442e-04,1.32356353e-04,1.16181566e-04,1.04470471e-04,9.69192955e-05,9.32244818e-05,9.30936386e-05,9.62597345e-05,1.02499287e-04,1.11655361e-04,1.23666241e-04,1.38600655e-04,1.56700436e-04,1.78431418e-04,2.04543284e-04,2.36138832e-04,2.74752870e-04,3.22440518e-04,3.81874153e-04,4.56447551e-04,5.50384959e-04,6.68851809e-04,8.18062717e-04,1.00538114e-03,1.23940379e-03,1.53002163e-03,1.88844810e-03,2.32720421e-03,2.86004961e-03,3.50184855e-03,4.26836043e-03,5.17594595e-03,6.24118254e-03,7.48038655e-03,8.90904444e-03,1.05411619e-02,1.23885470e-02,1.44600523e-02,1.67608089e-02,1.92914967e-02,2.20477000e-02,2.50194084e-02,2.81907234e-02,3.15398353e-02,3.50393275e-02,3.86568589e-02,4.23562586e-02,4.60990436e-02,4.98463446e-02,5.35611903e-02,5.72110633e-02,6.07706038e-02,6.42242980e-02,6.75689586e-02,7.08157793e-02,7.39917363e-02,7.71401143e-02,8.03199590e-02,8.36043045e-02,8.70770867e-02,9.08287406e-02,9.49505779e-02,9.95281485e-02,1.04633898e-01,1.10319541e-01,1.16608636e-01,1.23489929e-01,1.30912032e-01,1.38779977e-01,1.46954135e-01,1.55251854e-01,1.63452016e-01,1.71302521e-01,1.78530503e-01,1.84854833e-01,1.90000307e-01,1.93712700e-01,1.95773765e-01,1.96015192e-01,1.94330541e-01,1.90684263e-01,1.85117073e-01,1.77747162e-01
5011,frozen,7.66130833e-01,7.64481331e-01,7.53240177e-01,7.32772152e-01,7.03744896e-01,6.67095851e-01,6.23986350e-01,5.75745770e-01,5.23809277e-01,4.69652934e-01,4.14730005e-01,3.60412000e-01,3.07937524e-01,2.58371315e-01,2.12575036e-01,1.71190545e-01,1.34635512e-01,1.03110491e-01,7.66159213e-02,5.49770698e-02,3.78746200e-02,2.48785469e-02,1.54829678e-02,9.13989399e-03,5.29014471e-03,3.39009421e-03,2.93336926e-03,3.46705603e-03,4.60238194e-03,6.02018521e-03,7.47175597e-03,8.77582051e-03,9.81254504e-03,1.05154630e-02,1.08621923e-02,1.08647206e-02,1.05599126e-02,1.00007497e-02,9.24866358e-03,8.36718108e-03,7.41697043e-03,6.45227074e-03,5.51860393e-03,4.65160986e-03,3.87681063e-03,3.21009580e-03,2.65872348e-03,2.22264791e-03,1.89600898e-03,1.66864856e-03,1.52755037e-03,1.45813011e-03,1.44533077e-03,1.47450175e-03,1.53205956e-03,1.60594231e-03,1.68588036e-03,1.76351105e-03,1.83236842e-03,1.88777830e-03,1.92668765e-03,1.94745307e-03,1.94961014e-03,1.93364019e-03,1.90074761e-03,1.85265634e-03,1.79143138e-03,1.71932791e-03,1.63866864e-03,1.55174842e-03,1.46076374e-03,1.36776439e-03,1.27462388e-03,1.18302535e-03,1.09445986e-03,1.01023383e-03,9.31483403e-04,8.59193178e-04,7.94217649e-04,7.37303819e-04,6.89113855e-04,6.50246900e-04,6.21259447e-04,6.02683831e-04,5.95044547e-04,5.98872218e-04,6.14715079e-04,6.43147914e-04,6.84778335e-04,7.40250348e-04,8.10245073e-04,8.95478480e-04,9.96695969e-04,1.11466357e-03,1.25015557e-03,1.40393826e-03,1.57674968e-03,1.76927509e-03,1.98211820e-03,2.21576807e-03,2.47056198e-03,2.74664474e-03,3.04392505e-03,3.36203024e-03,3.70026067e-03,4.05754586e-03,4.43240486e-03,4.82291370e-03,5.22668339e-03,5.64085231e-03,6.06209701e-03,6.48666567e-03,6.91043804e-03,7.32901543e-03,7.73784310e-03,8.13236610e-03,8.50821753e-03,8.86143572e-03,9.18870364e-03,9.48760041e-03,9.75685079e-03,9.99655486e-03,1.02083762e-02,1.03956640e-02,1.05634829e-02,1.07185239e-02,1.08688718e-02,1.10236109e-02,1.11922560e-02,1.13840117e-02,1.16068735e-02,1.18666075e-02,1.21656633e-02,1.25020972e-02,1.28686073e-02,1.32517987e-02,1.36318113e-02,1.39824517e-02,1.42719620e-02,1.44645442e-02,1.45227242e-02,1.44105900e-02,1.40978758e-02,1.35647837e-02,1.28073482e-02,1.18430561e-02,1.07163473e-02,9.50354432e-03,8.31670880e-03,7.30589722e-03,6.65930995e-03,6.60089101e-03,7.38505079e-03,9.28834663e-03,1.25981607e-02,1.75986509e-02,2.45544998e-02,3.36932352e-02,4.51871109e-02,5.91357066e-02,7.55504998e-02,9.43426708e-02,1.15315304e-01,1.38160956e-01,1.62465253e-01,1.87716831e-01,2.13323464e-01,2.38633805e-01,2.62963706e-01,2.85625715e-01,3.05960029e-01,3.23365044e-01,3.37325573e-01,3.47436940e-01,3.53423410e-01,3.55149798e-01,3.52625570e-01,3.46001277e-01,3.35557713e-01,3.21688672e-01,3.04878594e-01
5012,frozen,8.12186738e-01,8.09968245e-01,7.96097854e-01,7.71081713e-01,7.35842585e-01,6.91668430e-01,6.40141306e-01,5.83051671e-01,5.22304120e-01,4.59820990e-01,3.97450147e-01,3.36882662e-01,2.79585037e-01,2.26749293e-01,1.79262722e-01,1.37697557e-01,1.02319370e-01,7.31117741e-02,4.98141212e-02,3.19682798e-02,1.89704130e-02,1.01237943e-02,4.68914156e-03,1.92959141e-03,1.14822373e-03,1.71687956e-03,3.09582672e-03,4.84454763e-03,6.62450974e-03,8.19520131e-03,9.40496721e-03,1.01782689e-02,1.05009406e-02,1.04048497e-02,9.95313097e-03,9.22687723e-03,8.31388087e-03,7.29973763e-03,6.26138425e-03,5.26294529e-03,4.35362276e-03,3.56727367e-03,2.92327989e-03,2.42831521e-03,2.07864500e-03,1.86264617e-03,1.76329828e-03,1.76046374e-03,1.83283897e-03,1.95951507e-03,2.12113306e-03,2.30065395e-03,2.48378812e-03,2.65914232e-03,2.81814837e-03,2.95483632e-03,3.06550940e-03,3.14836925e-03,3.20313015e-03,3.23065080e-03,3.23260275e-03,3.21118660e-03,3.16890028e-03,3.10835891e-03,3.03216218e-03,2.94280316e-03,2.84261127e-03,2.73372224e-03,2.61806807e-03,2.49738096e-03,2.37320608e-03,2.24691930e-03,2.11974669e-03,1.99278401e-03,1.86701450e-03,1.74332468e-03,1.62251757e-03,1.50532361e-03,1.39240949e-03,1.28438525e-03,1.18181013e-03,1.08519748e-03,9.95019194e-04,9.11709876e-04,8.35670995e-04,7.67275188e-04,7.06870785e-04,6.54786579e-04,6.11336829e-04,5.76826419e-04,5.51556072e-04,5.35827477e-04,5.29948149e-04,5.34235811e-04,5.49022043e-04,5.74654913e-04,6.11500218e-04,6.59940962e-04,7.20374591e-04,7.93207484e-04,8.78846125e-04,9.77684357e-04,1.09008610e-03,1.21636297e-03,1.35674622e-03,1.51135276e-03,1.68014496e-03,1.86288474e-03,2.05908235e-03,2.26794147e-03,2.48830273e-03,2.71858866e-03,2.95675455e-03,3.20025052e-03,3.44600171e-03,3.69041445e-03,3.92941783e-03,4.15855025e-03,4.37310137e-03,4.56831906e-03,4.73968964e-03,4.88329683e-03,4.99626107e-03,5.07725456e-03,5.12708062e-03,5.14929633e-03,5.15084772e-03,5.14267528e-03,5.14023681e-03,5.16388451e-03,5.23902566e-03,5.39599260e-03,5.66954975e-03,6.09797447e-03,6.72166635e-03,7.58126699e-03,8.71530936e-03,1.01574620e-02,1.19334865e-02,1.40580849e-02,1.65318677e-02,1.93387249e-02,2.24439191e-02,2.57932295e-02,2.93134712e-02,3.29146579e-02,3.64939996e-02,3.99417976e-02,4.31491476e-02,4.60171726e-02,4.84673122e-02,5.04520004e-02,5.19648933e-02,5.30496836e-02,5.38064875e-02,5.43948166e-02,5.50322870e-02,5.59884497e-02,5.75734682e-02,6.01217818e-02,6.39713647e-02,6.94396658e-02,7.67977585e-02,8.62445836e-02,9.78833884e-02,1.11702516e-01,1.27562545e-01,1.45191431e-01,1.64188747e-01,1.84039436e-01,2.04136698e-01,2.23812793e-01,2.42375827e-01,2.59149921e-01,2.73515788e-01,2.84948556e-01,2.93049830e-01,2.97571402e-01,2.98428659e-01,2.95702648e-01,2.89630684e-01
5013,frozen,5.97530563e-01,6.00186662e-01,5.96086763e-01,5.85356118e-01,5.68319270e-01,5.45485133e-01,5.17523904e-01,4.85237166e-01,4.49522933e-01,4.11337617e-01,3.71657020e-01,3.31438416e-01,2.91585627e-01,2.52918717e-01,2.16149576e-01,1.81864217e-01,1.50512181e-01,1.22403003e-01,9.77092832e-02,7.64755718e-02,5.86320310e-02,4.40116546e-02,3.23697680e-02,2.34045371e-02,1.67773154e-02,1.21318077e-02,9.11123258e-03,7.37288785e-03,6.59975402e-03,6.50899230e-03,6.85739055e-03,7.44397528e-03,8.11013324e-03,8.73767033e-03,9.24527954e-03,9.58389735e-03,9.73140491e-03,9.68708346e-03,9.46617001e-03,9.09478678e-03,8.60544247e-03,8.03323048e-03,7.41278355e-03,6.77598805e-03,6.15041643e-03,5.55840377e-03,5.01667296e-03,4.53640246e-03,4.12362858e-03,3.77987918e-03,3.50294621e-03,3.28771762e-03,3.12700471e-03,3.01231615e-03,2.93454490e-03,2.88454755e-03,2.85360669e-03,2.83377632e-03,2.81811695e-03,2.80083215e-03,2.77732081e-03,2.74416111e-03,2.69904212e-03,2.64065790e-03,2.56857782e-03,2.48310458e-03,2.38512944e-03,2.27599207e-03,2.15735055e-03,2.03106489e-03,1.89909648e-03,1.76342409e-03,1.62597629e-03,1.48857957e-03,1.35292050e-03,1.22052045e-03,1.09272089e-03,9.70677371e-04,8.55360398e-04,7.47561509e-04,6.47902983e-04,5.56849890e-04,4.74723340e-04,4.01714012e-04,3.37895219e-04,2.83234954e-04,2.37606498e-04,2.00797327e-04,1.72516173e-04,1.52398201e-04,1.40008360e-04,1.34843071e-04,1.36330485e-04,1.43829643e-04,1.56628955e-04,1.73944516e-04,1.94918852e-04,2.18620830e-04,2.44047523e-04,2.70128988e-04,2.95736949e-04,3.19698517e-04,3.40816110e-04,3.57894778e-04,3.69778096e-04,3.75393699e-04,3.73809333e-04,3.64299988e-04,3.46426249e-04,3.20123377e-04,2.85799885e-04,2.44443406e-04,1.97730538e-04,1.48136021e-04,9.90352305e-05,5.47924264e-05,2.08257574e-05,3.63863343e-06,1.08060047e-05,5.09034263e-05,1.33366766e-04,2.68271237e-04,4.66020322e-04,7.36938293e-04,1.09076461e-03,1.53605457e-03,2.07949827e-03,2.72517886e-03,3.47380158e-03,4.32193560e-03,5.26132216e-03,6.27831220e-03,7.35350559e-03,8.46166910e-03,9.57201161e-03,1.06488907e-02,1.16530140e-02,1.25431792e-02,1.32785721e-02,1.38216057e-02,1.41412421e-02,1.42166940e-02,1.40413490e-02,1.36267126e-02,1.30061196e-02,1.22379244e-02,1.14078615e-02,1.06302575e-02,1.00477981e-02,9.82959212e-03,1.01673478e-02,1.12695689e-02,1.33538009e-02,1.66370893e-02,2.13249640e-02,2.75994037e-02,3.56063726e-02,4.54436285e-02,5.71495746e-02,7.06939541e-02,8.59711554e-02,1.02796810e-01,1.20908212e-01,1.39968897e-01,1.59577460e-01,1.79280428e-01,1.98588728e-01,2.16997006e-01,2.34004827e-01,2.49138623e-01,2.61973110e-01,2.72150928e-01,2.79399275e-01,2.83542510e-01,2.84509906e-01,2.82338061e-01,2.77167801e-01,2.69235786e-01,2.58861362e-01,2.46429508e-01,2.32370995e-01
5014,frozen,7.34657136e-01,7.36046173e-01,7.27634812e-01,7.09708942e-01,6.82888936e-01,6.48097166e-01,6.06509974e-01,5.59497344e-01,5.08554305e-01,4.55228539e-01,4.01048743e-01,3.47458056e-01,2.95756289e-01,2.47053853e-01,2.02239343e-01,1.61961613e-01,1.26626187e-01,9.64048554e-02,7.12565626e-02,5.09571028e-02,3.51348288e-02,2.33094927e-02,1.49314753e-02,9.41898482e-03,6.19126514e-03,4.69639401e-03,4.43282327e-03,4.96436014e-03,5.92877666e-03,7.04063091e-03,8.08917306e-03,8.93238576e-03,9.48827780e-03,9.72452495e-03,9.64745204e-03,9.29119661e-03,8.70771037e-03,7.95805916e-03,7.10529388e-03,6.20899648e-03,5.32146573e-03,4.48540162e-03,3.73287586e-03,3.08533662e-03,2.55438430e-03,2.14306573e-03,1.84746105e-03,1.65837439e-03,1.56298081e-03,1.54632395e-03,1.59259744e-03,1.68617662e-03,1.81239431e-03,1.95807428e-03,2.11184983e-03,2.26430282e-03,2.40796115e-03,2.53719236e-03,2.64802764e-03,2.73794552e-03,2.80563921e-03,2.85078557e-03,2.87382863e-03,2.87578556e-03,2.85807950e-03,2.82240046e-03,2.77059335e-03,2.70457091e-03,2.62624829e-03,2.53749595e-03,2.44010723e-03,2.33577756e-03,2.22609234e-03,2.11252124e-03,1.99641693e-03,1.87901673e-03,1.76144621e-03,1.64472388e-03,1.52976642e-03,1.41739418e-03,1.30833674e-03,1.20323835e-03,1.10266336e-03,1.00710148e-03,9.16972985e-04,8.32633729e-04,7.54380171e-04,6.82454221e-04,6.17047995e-04,5.58308428e-04,5.06341722e-04,4.61217592e-04,4.22973284e-04,3.91617316e-04,3.67132896e-04,3.49480964e-04,3.38602784e-04,3.34422018e-04,3.36846170e-04,3.45767280e-04,3.61061741e-04,3.82589056e-04,4.10189365e-04,4.43679542e-04,4.82847675e-04,5.27445758e-04,5.77180477e-04,6.31702053e-04,6.90591244e-04,7.53344776e-04,8.19359726e-04,8.87917686e-04,9.58169879e-04,1.02912483e-03,1.09964065e-03,1.16842436e-03,1.23404123e-03,1.29493718e-03,1.34947766e-03,1.39600607e-03,1.43292430e-03,1.45879709e-03,1.47248033e-03,1.47327111e-03,1.46107494e-03,1.43658167e-03,1.40143818e-03,1.35840173e-03,1.31145348e-03,1.26584889e-03,1.22807868e-03,1.20571414e-03,1.20711244e-03,1.24096331e-03,1.31566769e-03,1.43855333e-03,1.61495061e-03,1.84717450e-03,2.13348484e-03,2.46712422e-03,2.83555953e-03,3.22007598e-03,3.59588716e-03,3.93292827e-03,4.19748706e-03,4.35479597e-03,4.37265547e-03,4.22608332e-03,3.90288822e-03,3.40995248e-03,2.77988502e-03,2.07758243e-03,1.40612399e-03,9.11341375e-04,7.84359397e-04,1.26141452e-03,2.62033396e-03,5.17320713e-03,9.25500261e-03,1.52081716e-02,2.33636166e-02,3.40187716e-02,4.74138998e-02,6.37080447e-02,8.29563196e-02,1.05090361e-01,1.29903779e-01,1.57044281e-01,1.86013835e-01,2.16177755e-01,2.46783024e-01,2.76985455e-01,3.05884611e-01,3.32564706e-01,3.56139139e-01,3.75795880e-01,3.90840711e-01,4.00735328e-01,4.05127598e-01,4.03871729e-01,3.97036830e-01
5015,frozen,6.43744982e-01,6.44656129e-01,6.37205018e-01,6.21651053e-01,5.98526926e-01,5.68611296e-01,5.32889510e-01,4.92504948e-01,4.48704088e-01,4.02778692e-01,3.56008576e-01,3.09608214e-01,2.64680000e-01,2.22176404e-01,1.82872554e-01,1.47349956e-01,1.15991370e-01,8.89860874e-02,6.63443097e-02,4.79188746e-02,3.34322865e-02,2.25069150e-02,1.46962651e-02,9.51541551e-03,6.46901457e-03,5.07558928e-03,4.88732589e-03,5.50488281e-03,6.58717142e-03,7.85636338e-03,9.09863842e-03,1.01613670e-02,1.09475266e-02,1.14081817e-02,1.15338327e-02,1.13453563e-02,1.08851549e-02,1.02089964e-02,9.37888853e-03,8.45720001e-03,7.50211533e-03,6.56441097e-03,5.68545861e-03,4.89630423e-03,4.21763698e-03,3.66044685e-03,3.22717147e-03,2.91314689e-03,2.70820031e-03,2.59825126e-03,2.56681843e-03,2.59635927e-03,2.66939737e-03,2.76941651e-03,2.88151986e-03,2.99286774e-03,3.09291777e-03,3.17349753e-03,3.22874280e-03,3.25493461e-03,3.25026612e-03,3.21456734e-03,3.14901120e-03,3.05581985e-03,2.93798597e-03,2.79901900e-03,2.64272291e-03,2.47300889e-03,2.29374343e-03,2.10863089e-03,1.92112767e-03,1.73438477e-03,1.55121450e-03,1.37407741e-03,1.20508521e-03,1.04601608e-03,8.98338755e-04,7.63242565e-04,6.41670870e-04,5.34355761e-04,4.41852456e-04,3.64572063e-04,3.02811772e-04,2.56781782e-04,2.26628503e-04,2.12453701e-04,2.14329433e-04,2.32308661e-04,2.66431522e-04,3.16727249e-04,3.83211784e-04,4.65881143e-04,5.64700595e-04,6.79589793e-04,8.10404006e-04,9.56911710e-04,1.11876889e-03,1.29549054e-03,1.48642007e-03,1.69069748e-03,1.90722754e-03,2.13464940e-03,2.37130951e-03,2.61524000e-03,2.86414506e-03,3.11539824e-03,3.36605382e-03,3.61287553e-03,3.85238619e-03,4.08094128e-03,4.29482942e-03,4.49040182e-03,4.66423166e-03,4.81330303e-03,4.93522683e-03,5.02847893e-03,5.09265310e-03,5.12871780e-03,5.13926330e-03,5.12872166e-03,5.10353982e-03,5.07228336e-03,5.04564750e-03,5.03635190e-03,5.05889804e-03,5.12917234e-03,5.26388503e-03,5.47984453e-03,5.79307983e-03,6.21783812e-03,6.76550197e-03,7.44348842e-03,8.25420955e-03,9.19419018e-03,1.02534495e-02,1.14152598e-02,1.26563917e-02,1.39479446e-02,1.52568360e-02,1.65479868e-02,1.77871930e-02,1.89446152e-02,1.99987510e-02,2.09406868e-02,2.17783587e-02,2.25404924e-02,2.32798529e-02,2.40754120e-02,2.50330558e-02,2.62844961e-02,2.79841337e-02,3.03037365e-02,3.34249478e-02,3.75298101e-02,4.27896761e-02,4.93530602e-02,5.73331446e-02,6.67957791e-02,7.77488836e-02,9.01341671e-02,1.03822001e-01,1.18610140e-01,1.34226748e-01,1.50337924e-01,1.66559563e-01,1.82473087e-01,1.97644213e-01,2.11643668e-01,2.24068553e-01,2.34562915e-01,2.42836117e-01,2.48677690e-01,2.51967597e-01,2.52681142e-01,2.50888183e-01,2.46746699e-01,2.40491243e-01,2.32417154e-01,2.22861743e-01,2.12183879e-01,2.00743473e-01
5016,frozen,7.72873359e-01,7.74523116e-01,7.66682674e-01,7.49603441e-01,7.23835176e-01,6.90199236e-01,6.49748983e-01,6.03719851e-01,5.53472142e-01,5.00430013e-01,4.46020205e-01,3.91613932e-01,3.38474978e-01,2.87716497e-01,2.40268282e-01,1.96855546e-01,1.57989410e-01,1.23968607e-01,9.48912304e-02,7.06748666e-02,5.10831075e-02,3.57562558e-02,2.42440400e-02,1.60382880e-02,1.06037721e-02,7.40578411e-03,5.93339517e-03,5.71776884e-03,6.34528861e-03,7.46561416e-03,8.79507049e-03,1.01159910e-02,1.12727762e-02,1.21654966e-02,1.27418672e-02,1.29883681e-02,1.29211900e-02,1.25775614e-02,1.20078784e-02,1.12689253e-02,1.04183431e-02,9.51039473e-03,8.59298427e-03,7.70581748e-03,6.87954750e-03,6.13572163e-03,5.48733883e-03,4.93983369e-03,4.49231970e-03,4.13894895e-03,3.87027269e-03,3.67451585e-03,3.53870560e-03,3.44961851e-03,3.39453104e-03,3.36177479e-03,3.34110965e-03,3.32393620e-03,3.30337332e-03,3.27422873e-03,3.23288954e-03,3.17715815e-03,3.10605530e-03,3.01960875e-03,2.91864207e-03,2.80457445e-03,2.67923892e-03,2.54472356e-03,2.40323795e-03,2.25700495e-03,2.10817696e-03,1.95877433e-03,1.81064335e-03,1.66543102e-03,1.52457331e-03,1.38929434e-03,1.26061360e-03,1.13935906e-03,1.02618402e-03,9.21586136e-04,8.25927226e-04,7.39452887e-04,6.62311040e-04,5.94568923e-04,5.36228113e-04,4.87237349e-04,4.47503031e-04,4.16897337e-04,3.95263991e-04,3.82421730e-04,3.78165534e-04,3.82265749e-04,3.94465188e-04,4.14474357e-04,4.41964937e-04,4.76561697e-04,5.17833035e-04,5.65280408e-04,6.18326942e-04,6.76305625e-04,7.38447570e-04,8.03870920e-04,8.71571146e-04,9.40413577e-04,1.00912917e-03,1.07631468e-03,1.14043843e-03,1.19985320e-03,1.25281740e-03,1.29752614e-03,1.33215326e-03,1.35490547e-03,1.36408896e-03,1.35818867e-03,1.33595920e-03,1.29652557e-03,1.23949067e-03,1.16504474e-03,1.07407083e-03,9.68238084e-04,8.50073590e-04,7.23001637e-04,5.91338450e-04,4.60230062e-04,3.35521542e-04,2.23547625e-04,1.30838116e-04,6.37365688e-05,2.79377711e-05,2.79586560e-05,6.65681694e-05,1.44214108e-04,2.58498302e-04,4.03764908e-04,5.70878670e-04,7.47279432e-04,9.17403999e-04,1.06356489e-03,1.16736571e-03,1.21171310e-03,1.18345415e-03,1.07662574e-03,8.96248356e-04,6.62533448e-04,4.15303791e-04,2.18354221e-04,1.63412248e-04,3.73300909e-04,1.00386788e-03,2.24423310e-03,4.31492932e-03,7.46357203e-03,1.19578003e-02,1.80753782e-02,2.60915354e-02,3.62638412e-02,4.88151476e-02,6.39153698e-02,8.16630939e-02,1.02068179e-01,1.25036629e-01,1.50359058e-01,1.77703972e-01,2.06616967e-01,2.36526617e-01,2.66757479e-01,2.96550193e-01,3.25088146e-01,3.51529665e-01,3.75044241e-01,3.94850871e-01,4.10256312e-01,4.20690919e-01,4.25739735e-01,4.25166716e-01,4.18930347e-01,4.07189406e-01,3.90298282e-01,3.68791921e-01,3.43361202e-01,3.14820177e-01
5017,frozen,6.92055162e-01,6.94750890e-01,6.89295231e-01,6.75843499e-01,6.54801347e-01,6.26806252e-01,5.92698226e-01,5.53481503e-01,5.10279495e-01,4.64285644e-01,4.16712985e-01,3.68745203e-01,3.21491743e-01,2.75949191e-01,2.32970590e-01,1.93243823e-01,1.57279523e-01,1.25408402e-01,9.77872924e-02,7.44127800e-02,5.51409101e-02,3.97112720e-02,2.77736654e-02,1.89156050e-02,1.26890742e-02,8.63517809e-03,6.30564945e-03,5.28048708e-03,5.18134251e-03,5.68057975e-03,6.50620551e-03,7.44308397e-03,8.33100755e-03,9.06028899e-03,9.56557563e-03,9.81857028e-03,9.82028487e-03,9.59336436e-03,9.17491126e-03,8.61012565e-03,7.94696232e-03,7.23190214e-03,6.50684551e-03,5.80706382e-03,5.16009249e-03,4.58541584e-03,4.09477716e-03,3.69294595e-03,3.37878360e-03,3.14646672e-03,2.98675060e-03,2.88818021e-03,2.83818217e-03,2.82399446e-03,2.83341191e-03,2.85534249e-03,2.88018301e-03,2.90003212e-03,2.90876479e-03,2.90199499e-03,2.87695403e-03,2.83231056e-03,2.76795535e-03,2.68477067e-03,2.58440016e-03,2.46903124e-03,2.34119846e-03,2.20361301e-03,2.05902097e-03,1.91009064e-03,1.75932772e-03,1.60901593e-03,1.46117990e-03,1.31756708e-03,1.17964482e-03,1.04860952e-03,9.25404569e-04,8.10744240e-04,7.05141416e-04,6.08937014e-04,5.22329680e-04,4.45404579e-04,3.78160454e-04,3.20534392e-04,2.72423963e-04,2.33706578e-04,2.04256039e-04,1.83956319e-04,1.72712716e-04,1.70460486e-04,1.77171122e-04,1.92856398e-04,2.17570267e-04,2.51408706e-04,2.94507506e-04,3.47038014e-04,4.09200765e-04,4.81216935e-04,5.63317498e-04,6.55729999e-04,7.58662831e-04,8.72286954e-04,9.96715051e-04,1.13197820e-03,1.27800024e-03,1.43457023e-03,1.60131347e-03,1.77766194e-03,1.96282510e-03,2.15576248e-03,2.35515964e-03,2.55940936e-03,2.76660053e-03,2.97451702e-03,3.18064928e-03,3.38222143e-03,3.57623648e-03,3.75954195e-03,3.92891778e-03,4.08118752e-03,4.21335256e-03,4.32274794e-03,4.40721621e-03,4.46529410e-03,4.49640419e-03,4.50104183e-03,4.48094496e-03,4.43923309e-03,4.38049996e-03,4.31084423e-03,4.23782341e-03,4.17031810e-03,4.11829798e-03,4.09248660e-03,4.10392988e-03,4.16348261e-03,4.28123859e-03,4.46594148e-03,4.72442574e-03,5.06114739e-03,5.47787315e-03,5.97360098e-03,6.54478410e-03,7.18592378e-03,7.89058051e-03,8.65283008e-03,9.46915902e-03,1.03407547e-02,1.12760998e-02,1.22937333e-02,1.34249920e-02,1.47165047e-02,1.62321780e-02,1.80543975e-02,2.02841693e-02,2.30399537e-02,2.64549979e-02,3.06730517e-02,3.58424535e-02,4.21087011e-02,4.96057499e-02,5.84464250e-02,6.87124553e-02,8.04447472e-02,9.36345818e-02,1.08216447e-01,1.24063184e-01,1.40984052e-01,1.58726145e-01,1.76979436e-01,1.95385460e-01,2.13549400e-01,2.31055085e-01,2.47482151e-01,2.62424424e-01,2.75508441e-01,2.86410954e-01,2.94874277e-01,3.00718459e-01,3.03849443e-01,3.04262639e-01
5018,frozen,7.66796100e-01,7.66400620e-01,7.55978089e-01,7.35866061e-01,7.06735493e-01,6.69557006e-01,6.25551985e-01,5.76131745e-01,5.22828691e-01,4.67223866e-01,4.10875357e-01,3.55251774e-01,3.01674489e-01,2.51271521e-01,2.04944987e-01,1.63353019e-01,1.26905992e-01,9.57760126e-02,6.99177796e-02,4.90984110e-02,3.29334559e-02,2.09262243e-02,1.25076770e-02,7.07442732e-03,4.02284419e-03,2.77778288e-03,2.81503206e-03,3.67711986e-03,4.98261669e-03,6.42948310e-03,7.79331557e-03,8.92153631e-03,9.72465729e-03,1.01657365e-02,1.02490533e-02,1.00088811e-02,9.49905264e-03,8.78381428e-03,7.93027350e-03,7.00256689e-03,6.05772958e-03,5.14313273e-03,4.29527723e-03,3.53968690e-03,2.89162834e-03,2.35739333e-03,1.93590522e-03,1.62044806e-03,1.40036054e-03,1.26258030e-03,1.19296575e-03,1.17735847e-03,1.20237841e-03,1.25596615e-03,1.32770156e-03,1.40893668e-03,1.49278398e-03,1.57400057e-03,1.64880508e-03,1.71465858e-03,1.77003471e-03,1.81419756e-03,1.84700004e-03,1.86871023e-03,1.87986890e-03,1.88117828e-03,1.87341959e-03,1.85739593e-03,1.83389580e-03,1.80367298e-03,1.76743823e-03,1.72585911e-03,1.67956469e-03,1.62915269e-03,1.57519711e-03,1.51825526e-03,1.45887334e-03,1.39759026e-03,1.33493972e-03,1.27145070e-03,1.20764666e-03,1.14404381e-03,1.08114889e-03,1.01945687e-03,9.59448643e-04,9.01589384e-04,8.46327387e-04,7.94093783e-04,7.45303113e-04,7.00354816e-04,6.59635630e-04,6.23522846e-04,5.92388340e-04,5.66603247e-04,5.46543149e-04,5.32593571e-04,5.25155562e-04,5.24651089e-04,5.31527918e-04,5.46263605e-04,5.69368134e-04,6.01384709e-04,6.42888106e-04,6.94479968e-04,7.56780350e-04,8.30414844e-04,9.15996619e-04,1.01410280e-03,1.12524475e-03,1.24983217e-03,1.38813102e-03,1.54021619e-03,1.70591988e-03,1.88477808e-03,2.07597770e-03,2.27830850e-03,2.49012462e-03,2.70932166e-03,2.93333632e-03,3.15917595e-03,3.38348629e-03,3.60266478e-03,3.81302654e-03,4.01102791e-03,4.19354976e-03,4.35823853e-03,4.50389793e-03,4.63091760e-03,4.74171753e-03,4.84117915e-03,4.93702572e-03,5.04010722e-03,5.16453923e-03,5.32764193e-03,5.54962627e-03,5.85298020e-03,6.26151975e-03,6.79908854e-03,7.48791517e-03,8.34667081e-03,9.38830725e-03,1.06177977e-02,1.20299440e-02,1.36074539e-02,1.53195192e-02,1.71211457e-02,1.89534803e-02,2.07453564e-02,2.24162276e-02,2.38805756e-02,2.50537760e-02,2.58592706e-02,2.62367518e-02,2.61509160e-02,2.56001985e-02,2.46247884e-02,2.33131468e-02,2.18062272e-02,2.02986497e-02,1.90361996e-02,1.83092215e-02,1.84417499e-02,1.97765413e-02,2.26565320e-02,2.74036056e-02,3.42958900e-02,4.35450673e-02,5.52753551e-02,6.95058581e-02,8.61378974e-02,1.04948679e-01,1.25592278e-01,1.47608430e-01,1.70439023e-01,1.93451613e-01,2.15968668e-01,2.37300767e-01,2.56781600e-01,2.73802399e-01,2.87843423e-01,2.98500299e-01
5019,frozen,7.75883770e-01,7.75385403e-01,7.64449022e-01,7.43449144e-01,7.13116030e-01,6.74497323e-01,6.28903319e-01,5.77839587e-01,5.22931447e-01,4.65845245e-01,4.08211373e-01,3.51553654e-01,2.97229016e-01,2.46380443e-01,1.99905091e-01,1.58438269e-01,1.22352876e-01,9.17728463e-02,6.65983659e-02,4.65400485e-02,3.11589602e-02,1.99093480e-02,1.21811255e-02,7.33956620e-03,4.76018330e-03,3.85738686e-03,4.10613289e-03,5.05637388e-03,6.34063569e-03,7.67545662e-03,8.85771342e-03,9.75702444e-03,1.03054684e-02,1.04858067e-02,1.03192685e-02,9.85377670e-03,9.15328125e-03,8.28865223e-03,7.33037731e-03,6.34313061e-03,5.38213393e-03,4.49112387e-03,3.70166958e-03,3.03355099e-03,2.49590295e-03,2.08884887e-03,1.80538149e-03,1.63329253e-03,1.55700028e-03,1.55917091e-03,1.62207169e-03,1.72862995e-03,1.86320010e-03,2.01206147e-03,2.16368280e-03,2.30879650e-03,2.44032721e-03,2.55321750e-03,2.64418876e-03,2.71146933e-03,2.75451507e-03,2.77374117e-03,2.77027774e-03,2.74575657e-03,2.70213243e-03,2.64153889e-03,2.56617648e-03,2.47822975e-03,2.37980878e-03,2.27291084e-03,2.15939774e-03,2.04098510e-03,1.91924006e-03,1.79558477e-03,1.67130348e-03,1.54755159e-03,1.42536547e-03,1.30567232e-03,1.18929966e-03,1.07698397e-03,9.69378689e-04,8.67061336e-04,7.70539962e-04,6.80258970e-04,5.96604419e-04,5.19908919e-04,4.50456162e-04,3.88485184e-04,3.34194359e-04,2.87745164e-04,2.49265707e-04,2.18853994e-04,1.96580911e-04,1.82492880e-04,1.76614108e-04,1.78948390e-04,1.89480334e-04,2.08175931e-04,2.34982320e-04,2.69826597e-04,3.12613499e-04,3.63221760e-04,4.21498941e-04,4.87254532e-04,5.60251133e-04,6.40193581e-04,7.26715964e-04,8.19366578e-04,9.17591068e-04,1.02071421e-03,1.12792111e-03,1.23823891e-03,1.35052059e-03,1.46343277e-03,1.57545006e-03,1.68485880e-03,1.78977353e-03,1.88816971e-03,1.97793612e-03,2.05695025e-03,2.12317912e-03,2.17480676e-03,2.21038761e-03,2.22902308e-03,2.23055469e-03,2.21576429e-03,2.18656729e-03,2.14618105e-03,2.09924639e-03,2.05187755e-03,2.01161399e-03,1.98724807e-03,1.98850628e-03,2.02556826e-03,2.10841938e-03,2.24604746e-03,2.44551427e-03,2.71095505e-03,3.04258490e-03,3.43581600e-03,3.88061318e-03,4.36123264e-03,4.85649676e-03,5.34075347e-03,5.78564741e-03,6.16278955e-03,6.44735180e-03,6.62253213e-03,6.68473839e-03,6.64923009e-03,6.55584476e-03,6.47433095e-03,6.50872435e-03,6.80015214e-03,7.52744457e-03,8.90498479e-03,1.11773435e-02,1.46104274e-02,1.94791154e-02,2.60516480e-02,3.45713620e-02,4.52366883e-02,5.81806307e-02,7.34511838e-02,9.09942925e-02,1.10640981e-01,1.32100163e-01,1.54958376e-01,1.78687288e-01,2.02659283e-01,2.26170846e-01,2.48472794e-01,2.68805824e-01,2.86439266e-01,3.00710562e-01,3.11062777e-01,3.17077428e-01,3.18500190e-01,3.15257451e-01,3.07462355e-01,2.95409728e-01
5020,frozen,7.13045692e-01,7.12055660e-01,7.01775233e-01,6.82530616e-01,6.54954682e-01,6.19955813e-01,5.78672890e-01,5.32419305e-01,4.82619579e-01,4.30742579e-01,3.78235396e-01,3.26461782e-01,2.76648544e-01,2.29842588e-01,1.86880446e-01,1.48371168e-01,1.14692517e-01,8.59995279e-02,6.22437614e-02,4.32010250e-02,2.85050130e-02,1.76841818e-02,1.01992772e-02,5.47919141e-03,2.95323025e-03,2.07836327e-03,2.36055767e-03,3.36982055e-03,4.74904818e-03,6.21717849e-03,7.56744249e-03,8.66170470e-03,9.42197265e-03,9.82015173e-03,9.86704063e-03,9.60142339e-03,9.07993931e-03,8.36822048e-03,7.53359805e-03,6.63950554e-03,5.74156125e-03,4.88519870e-03,4.10463431e-03,3.42291609e-03,2.85278044e-03,2.39805203e-03,2.05534737e-03,1.81588012e-03,1.66720997e-03,1.59482117e-03,1.58345935e-03,1.61819142e-03,1.68518368e-03,1.77221556e-03,1.86896125e-03,1.96708072e-03,2.06016390e-03,2.14357150e-03,2.21421105e-03,2.27028126e-03,2.31101068e-03,2.33640990e-03,2.34704997e-03,2.34387418e-03,2.32804606e-03,2.30083259e-03,2.26351988e-03,2.21735660e-03,2.16352012e-03,2.10310009e-03,2.03709471e-03,1.96641525e-03,1.89189548e-03,1.81430321e-03,1.73435198e-03,1.65271156e-03,1.57001664e-03,1.48687321e-03,1.40386277e-03,1.32154466e-03,1.24045666e-03,1.16111449e-03,1.08401054e-03,1.00961224e-03,9.38360382e-04,8.70667714e-04,8.06917978e-04,7.47465518e-04,6.92635562e-04,6.42725187e-04,5.98004959e-04,5.58721212e-04,5.25098891e-04,4.97344896e-04,4.75651814e-04,4.60201956e-04,4.51171575e-04,4.48735129e-04,4.53069453e-04,4.64357654e-04,4.82792509e-04,5.08579126e-04,5.41936530e-04,5.83097828e-04,6.32308484e-04,6.89822219e-04,7.55893942e-04,8.30769102e-04,9.14668799e-04,1.00777001e-03,1.11018036e-03,1.22190692e-03,1.34281891e-03,1.47260427e-03,1.61072071e-03,1.75634234e-03,1.90830379e-03,2.06504453e-03,2.22455719e-03,2.38434484e-03,2.54139304e-03,2.69216408e-03,2.83262120e-03,2.95829154e-03,3.06437662e-03,3.14591853e-03,3.19802866e-03,3.21618329e-03,3.19658664e-03,3.13659697e-03,3.03520505e-03,2.89354652e-03,2.71542161e-03,2.50778652e-03,2.28117220e-03,2.04997907e-03,1.83259061e-03,1.65124749e-03,1.53162642e-03,1.50207701e-03,1.59248563e-03,1.83275794e-03,2.25094280e-03,2.87105641e-03,3.71070801e-03,4.77867191e-03,6.07259312e-03,7.57705026e-03,9.26222441e-03,1.10834313e-02,1.29817616e-02,1.48860347e-02,1.67162070e-02,1.83882787e-02,1.98206257e-02,2.09415423e-02,2.16976329e-02,2.20625410e-02,2.20453773e-02,2.16981064e-02,2.11211055e-02,2.04661181e-02,1.99359091e-02,1.97800875e-02,2.02867924e-02,2.17702348e-02,2.45544228e-02,2.89537554e-02,3.52515164e-02,4.36775931e-02,5.43869689e-02,6.74406463e-02,8.27906352e-02,1.00270484e-01,1.19592524e-01,1.40352570e-01,1.62042309e-01,1.84069010e-01,2.05781629e-01,2.26501817e-01,2.45557934e-01
5021,frozen,5.81725931e-01,5.81911102e-01,5.75646109e-01,5.63108576e-01,5.44659792e-01,5.20828885e-01,4.92289763e-01,4.59832128e-01,4.24328202e-01,3.86696992e-01,3.47868011e-01,3.08746324e-01,2.70180612e-01,2.32935706e-01,1.97670685e-01,1.64923266e-01,1.35100787e-01,1.08477691e-01,8.51990938e-02,6.52896554e-02,4.86668110e-02,3.51572255e-02,2.45152976e-02,1.64425466e-02,1.06068052e-02,6.66028058e-03,4.25573127e-03,3.06020811e-03,2.76602108e-03,3.09879409e-03,3.82265218e-03,4.74273729e-03,5.70536601e-03,6.59622242e-03,7.33702233e-03,7.88109535e-03,8.20831247e-03,8.31974605e-03,8.23239272e-03,7.97422335e-03,7.57975536e-03,7.08627471e-03,6.53077316e-03,5.94761280e-03,5.36688643e-03,4.81341004e-03,4.30626156e-03,3.85876799e-03,3.47883914e-03,3.16954964e-03,2.92987852e-03,2.75552796e-03,2.63975599e-03,2.57417240e-03,2.54946107e-03,2.55600473e-03,2.58439930e-03,2.62585428e-03,2.67248278e-03,2.71749015e-03,2.75527374e-03,2.78144787e-03,2.79280925e-03,2.78725741e-03,2.76368357e-03,2.72184017e-03,2.66220104e-03,2.58582066e-03,2.49419868e-03,2.38915456e-03,2.27271520e-03,2.14701747e-03,2.01422616e-03,1.87646736e-03,1.73577622e-03,1.59405798e-03,1.45306079e-03,1.31435850e-03,1.17934188e-03,1.04921655e-03,9.25006160e-04,8.07559392e-04,6.97559601e-04,5.95536069e-04,5.01876007e-04,4.16836627e-04,3.40556758e-04,2.73067626e-04,2.14302559e-04,1.64105472e-04,1.22238146e-04,8.83863494e-05,6.21650045e-05,4.31226553e-05,3.07455831e-05,2.44620109e-05,2.36469095e-05,2.76280024e-05,3.56936439e-05,4.71033125e-05,6.11015224e-05,7.69359937e-05,9.38809382e-05,1.11266293e-04,1.28513660e-04,1.45179581e-04,1.61006554e-04,1.75981899e-04,1.90404160e-04,2.04956199e-04,2.20783462e-04,2.39575102e-04,2.63644737e-04,2.96006531e-04,3.40441241e-04,4.01545688e-04,4.84758011e-04,5.96350129e-04,7.43378090e-04,9.33580668e-04,1.17521677e-03,1.47683314e-03,1.84695553e-03,2.29369948e-03,2.82430057e-03,3.44456930e-03,4.15828206e-03,4.96652713e-03,5.86703318e-03,6.85351636e-03,7.91509145e-03,9.03580057e-03,1.01943201e-02,1.13639105e-02,1.25126761e-02,1.36041962e-02,1.45985838e-02,1.54540098e-02,1.61287118e-02,1.65834786e-02,1.67845657e-02,1.67069616e-02,1.63378787e-02,1.56803050e-02,1.47564085e-02,1.36105558e-02,1.23116808e-02,1.09547314e-02,9.66093050e-03,8.57661485e-03,7.87046827e-03,7.72903777e-03,8.35051545e-03,9.93687988e-03,1.26846124e-02,1.67743293e-02,2.23597908e-02,2.95568505e-02,3.84329891e-02,4.89981159e-02,6.11973227e-02,7.49062245e-02,8.99294212e-02,1.06002467e-01,1.22797545e-01,1.39932823e-01,1.56985227e-01,1.73506138e-01,1.89039291e-01,2.03139967e-01,2.15394455e-01,2.25438684e-01,2.32974921e-01,2.37785552e-01,2.39743083e-01,2.38815739e-01,2.35068319e-01,2.28658234e-01,2.19826994e-01,2.08887666e-01,1.96209111e-01
5022,frozen,7.03311240e-01,7.04059517e-01,6.95626087e-01,6.78290660e-01,6.52637312e-01,6.19524865e-01,5.80043587e-01,5.35461065e-01,4.87160727e-01,4.36576891e-01,3.85130281e-01,3.34167761e-01,2.84909567e-01,2.38406633e-01,1.95509783e-01,1.56851673e-01,1.22841461e-01,9.36713677e-02,6.93336009e-02,4.96455978e-02,3.42812086e-02,2.28053334e-02,1.47095851e-02,9.44677988e-03,6.46241688e-03,5.22174137e-03,5.23146775e-03,6.05571215e-03,7.32612297e-03,8.74657049e-03,1.00930464e-02,1.12096221e-02,1.20014207e-02,1.24255805e-02,1.24811379e-02,1.21986523e-02,1.16302575e-02,1.08406568e-02,9.89941854e-03,8.87476850e-03,7.82893706e-03,6.81500710e-03,5.87512080e-03,5.03984676e-03,4.32847785e-03,3.75002096e-03,3.30465028e-03,2.98541830e-03,2.78005099e-03,2.67268930e-03,2.64547620e-03,2.67992301e-03,2.75801970e-03,2.86307902e-03,2.98032430e-03,3.09724490e-03,3.20375221e-03,3.29217337e-03,3.35712133e-03,3.39527716e-03,3.40511768e-03,3.38661592e-03,3.34093688e-03,3.27014577e-03,3.17694067e-03,3.06441726e-03,2.93586964e-03,2.79462806e-03,2.64393251e-03,2.48683914e-03,2.32615593e-03,2.16440323e-03,2.00379479e-03,1.84623500e-03,1.69332851e-03,1.54639864e-03,1.40651172e-03,1.27450475e-03,1.15101468e-03,1.03650749e-03,9.31306206e-04,8.35616870e-04,7.49552127e-04,6.73151977e-04,6.06401635e-04,5.49246445e-04,5.01603901e-04,4.63372862e-04,4.34440091e-04,4.14684215e-04,4.03977229e-04,4.02183628e-04,4.09157231e-04,4.24735778e-04,4.48733309e-04,4.80930400e-04,5.21062304e-04,5.68805084e-04,6.23759884e-04,6.85435573e-04,7.53230084e-04,8.26410922e-04,9.04095510e-04,9.85232209e-04,1.06858314e-03,1.15271016e-03,1.23596574e-03,1.31649057e-03,1.39222031e-03,1.46090392e-03,1.52013629e-03,1.56740783e-03,1.60017400e-03,1.61594673e-03,1.61241006e-03,1.58756060e-03,1.53987281e-03,1.46848719e-03,1.37341760e-03,1.25577134e-03,1.11797334e-03,9.63982426e-04,7.99485189e-04,6.32049990e-04,4.71221720e-04,3.28536631e-04,2.17436749e-04,1.53065239e-04,1.51928245e-04,2.31415355e-04,4.09180260e-04,7.02395425e-04,1.12690933e-03,1.69635164e-03,2.42124936e-03,3.30823459e-03,4.35943967e-03,5.57218648e-03,6.93908148e-03,8.44862312e-03,1.00864129e-02,1.18370326e-02,1.36866085e-02,1.56260268e-02,1.76546976e-02,1.97846883e-02,2.20449690e-02,2.44854347e-02,2.71803064e-02,3.02304670e-02,3.37642760e-02,3.79364263e-02,4.29244748e-02,4.89227920e-02,5.61338331e-02,6.47568361e-02,7.49742780e-02,8.69366682e-02,1.00746492e-01,1.16442329e-01,1.33984327e-01,1.53242284e-01,1.73987592e-01,1.95890159e-01,2.18521196e-01,2.41362434e-01,2.63821874e-01,2.85255740e-01,3.04995751e-01,3.22380379e-01,3.36788320e-01,3.47672102e-01,3.54589595e-01,3.57231193e-01,3.55440622e-01,3.49227702e-01,3.38771908e-01,3.24416200e-01,3.06651317e-01,2.86091391e-01,2.63442434e-01
5023,frozen,7.43676493e-01,7.43617475e-01,7.34521004e-01,7.16656189e-01,6.90573855e-01,6.57080853e-01,6.17202199e-01,5.72133377e-01,5.23185701e-01,4.71728004e-01,4.19128045e-01,3.66696908e-01,3.15639328e-01,2.67012374e-01,2.21694216e-01,1.80364007e-01,1.43493118e-01,1.11347244e-01,8.39982885e-02,6.13443949e-02,4.31361899e-02,2.90070847e-02,1.85054904e-02,1.11269237e-02,6.34423519e-03,3.63453106e-03,2.50175667e-03,2.49431649e-03,3.21750375e-03,4.34086555e-03,5.60092166e-03,6.79987460e-03,7.80108970e-03,8.52218999e-03,8.92660923e-03,9.01438836e-03,8.81290154e-03,8.36807068e-03,7.73648732e-03,6.97871988e-03,6.15395302e-03,5.31599111e-03,4.51056505e-03,3.77381249e-03,3.13175547e-03,2.60057585e-03,2.18748338e-03,1.89198067e-03,1.70734975e-03,1.62221210e-03,1.62204457e-03,1.69056489e-03,1.81092950e-03,1.96671268e-03,2.14265713e-03,2.32520348e-03,2.50281789e-03,2.66614513e-03,2.80801824e-03,2.92335734e-03,3.00898838e-03,3.06341011e-03,3.08653338e-03,3.07941258e-03,3.04398456e-03,2.98282618e-03,2.89893769e-03,2.79555620e-03,2.67600075e-03,2.54354835e-03,2.40133930e-03,2.25230870e-03,2.09914094e-03,1.94424334e-03,1.78973557e-03,1.63745128e-03,1.48894901e-03,1.34552965e-03,1.20825823e-03,1.07798814e-03,9.55386376e-04,8.40958543e-04,7.35072943e-04,6.37983015e-04,5.49847801e-04,4.70750173e-04,4.00712707e-04,3.39711167e-04,2.87685629e-04,2.44549278e-04,2.10194981e-04,1.84499684e-04,1.67326725e-04,1.58526124e-04,1.57932894e-04,1.65363436e-04,1.80610050e-04,2.03433632e-04,2.33554613e-04,2.70642277e-04,3.14302606e-04,3.64064924e-04,4.19367682e-04,4.79543903e-04,5.43806937e-04,6.11237415e-04,6.80772509e-04,7.51198861e-04,8.21150862e-04,8.89116210e-04,9.53451001e-04,1.01240683e-03,1.06417256e-03,1.10693358e-03,1.13895117e-03,1.15866436e-03,1.16481644e-03,1.15660680e-03,1.13386833e-03,1.09726846e-03,1.04853012e-03,9.90666382e-04,9.28219688e-04,8.67493439e-04,8.16760369e-04,7.86428935e-04,7.89146042e-04,8.39812239e-04,9.55484466e-04,1.15514193e-03,1.45929333e-03,1.88940858e-03,2.46716632e-03,3.21351944e-03,4.14759489e-03,5.28546133e-03,6.63881693e-03,8.21367056e-03,1.00091093e-02,1.20162635e-02,1.42175946e-02,1.65866383e-02,1.90883324e-02,2.16800479e-02,2.43134132e-02,2.69369816e-02,2.94997380e-02,3.19553725e-02,3.42671709e-02,3.64132924e-02,3.83921194e-02,4.02272960e-02,4.19720122e-02,4.37120624e-02,4.55672100e-02,4.76904297e-02,5.02646890e-02,5.34970560e-02,5.76100929e-02,6.28306954e-02,6.93767602e-02,7.74422841e-02,8.71817095e-02,9.86944988e-02,1.12011034e-01,1.27080981e-01,1.43765193e-01,1.61832119e-01,1.80959408e-01,2.00741110e-01,2.20700503e-01,2.40308143e-01,2.59004342e-01,2.76224885e-01,2.91428500e-01,3.04124367e-01,3.13897890e-01,3.20432968e-01,3.23529242e-01,3.23113058e-01,3.19241352e-01
5024,frozen,6.09950814e-01,6.11835007e-01,6.05417451e-01,5.90923902e-01,5.68865261e-01,5.40010649e-01,5.05347302e-01,4.66029997e-01,4.23323353e-01,3.78540725e-01,3.32983504e-01,2.87884409e-01,2.44357937e-01,2.03360445e-01,1.65661545e-01,1.31827635e-01,1.02217501e-01,7.69891567e-02,5.61164195e-02,3.94132221e-02,2.65633806e-02,1.71534218e-02,1.07061584e-02,6.71293665e-03,4.66283152e-03,4.06749780e-03,4.48084670e-03,5.51317503e-03,6.83979050e-03,8.20452637e-03,9.41880667e-03,1.03571009e-02,1.09496965e-02,1.11737272e-02,1.10433364e-02,1.05997474e-02,9.90186920e-03,9.01790854e-03,8.01829931e-03,6.97010889e-03,5.93295280e-03,4.95634260e-03,4.07831456e-03,3.32513644e-03,2.71186391e-03,2.24351449e-03,1.91663966e-03,1.72110028e-03,1.64188349e-03,1.66083426e-03,1.75821118e-03,1.91400879e-03,2.10901830e-03,2.32562176e-03,2.54833332e-03,2.76411369e-03,2.96249176e-03,3.13553096e-03,3.27767802e-03,3.38552971e-03,3.45754903e-03,3.49375759e-03,3.49542544e-03,3.46477465e-03,3.40470781e-03,3.31856880e-03,3.20993916e-03,3.08247121e-03,2.93975629e-03,2.78522570e-03,2.62208059e-03,2.45324664e-03,2.28134946e-03,2.10870661e-03,1.93733238e-03,1.76895217e-03,1.60502346e-03,1.44676103e-03,1.29516457e-03,1.15104706e-03,1.01506282e-03,8.87734478e-04,7.69478137e-04,6.60626532e-04,5.61449825e-04,4.72174009e-04,3.92996853e-04,3.24101390e-04,2.65666975e-04,2.17877915e-04,1.80929661e-04,1.55032536e-04,1.40412903e-04,1.37311681e-04,1.45980053e-04,1.66672193e-04,1.99634827e-04,2.45093444e-04,3.03235004e-04,3.74187046e-04,4.57993198e-04,5.54585242e-04,6.63752079e-04,7.85106182e-04,9.18048497e-04,1.06173307e-03,1.21503323e-03,1.37651155e-03,1.54439655e-03,1.71656946e-03,1.89056527e-03,2.06359244e-03,2.23257638e-03,2.39423192e-03,2.54517000e-03,2.68204347e-03,2.80173607e-03,2.90159731e-03,2.97972417e-03,3.03528772e-03,3.06889959e-03,3.08300929e-03,3.08231862e-03,3.07419477e-03,3.06905835e-03,3.08071784e-03,3.12661779e-03,3.22796503e-03,3.40969595e-03,3.70024923e-03,4.13111237e-03,4.73611841e-03,5.55048008e-03,6.60956433e-03,7.94742860e-03,9.59516140e-03,1.15790931e-02,1.39189658e-02,1.66261711e-02,1.97021826e-02,2.31373182e-02,2.69099676e-02,3.09864103e-02,3.53213240e-02,3.98590471e-02,4.45356090e-02,4.92814834e-02,5.40249497e-02,5.86958857e-02,6.32297475e-02,6.75714422e-02,7.16787709e-02,7.55251079e-02,7.91010106e-02,8.24145067e-02,8.54898991e-02,8.83650404e-02,9.10871692e-02,9.37075449e-02,9.62752597e-02,9.88307277e-02,1.01399436e-01,1.03986587e-01,1.06573226e-01,1.09114391e-01,1.11539652e-01,1.13756222e-01,1.15654600e-01,1.17116427e-01,1.18024038e-01,1.18270934e-01,1.17772291e-01,1.16474540e-01,1.14363055e-01,1.11467135e-01,1.07861642e-01,1.03664948e-01,9.90331840e-02,9.41510949e-02,8.92201606e-02,8.44449045e-02
5025,frozen,7.25948058e-01,7.25996632e-01,7.16365437e-01,6.97378120e-01,6.69685322e-01,6.34231143e-01,5.92204619e-01,5.44979451e-01,4.94045941e-01,4.40939538e-01,3.87170419e-01,3.34158317e-01,2.83176196e-01,2.35305608e-01,1.91405573e-01,1.52095796e-01,1.17754020e-01,8.85263574e-02,6.43487302e-02,4.49769370e-02,3.00225986e-02,1.89921165e-02,1.13259319e-02,6.43568044e-03,3.73729575e-03,2.67864629e-03,2.76085783e-03,3.55301868e-03,4.70045357e-03,5.92715160e-03,7.03322740e-03,7.88847700e-03,8.42316388e-03,8.61715024e-03,8.48839071e-03,8.08165264e-03,7.45814076e-03,6.68650482e-03,5.83551494e-03,4.96851493e-03,4.13961721e-03,3.39149132e-03,2.75452049e-03,2.24705766e-03,1.87649802e-03,1.64089477e-03,1.53087239e-03,1.53162996e-03,1.62487190e-03,1.79054853e-03,2.00833177e-03,2.25878854e-03,2.52424520e-03,2.78935957e-03,3.04143307e-03,3.27050545e-03,3.46927797e-03,3.63291128e-03,3.75874031e-03,3.84594304e-03,3.89519359e-03,3.90832301e-03,3.88800464e-03,3.83747478e-03,3.76029470e-03,3.66015572e-03,3.54072622e-03,3.40553723e-03,3.25790222e-03,3.10086568e-03,2.93717530e-03,2.76927263e-03,2.59929755e-03,2.42910259e-03,2.26027377e-03,2.09415518e-03,1.93187535e-03,1.77437383e-03,1.62242692e-03,1.47667189e-03,1.33762928e-03,1.20572319e-03,1.08129940e-03,9.64641633e-04,8.55985889e-04,7.55533255e-04,6.63461224e-04,5.79933786e-04,5.05110429e-04,4.39154159e-04,3.82238645e-04,3.34554498e-04,2.96314708e-04,2.67759158e-04,2.49158124e-04,2.40814602e-04,2.43065246e-04,2.56279676e-04,2.80857825e-04,3.17224995e-04,3.65824224e-04,4.27105572e-04,5.01511911e-04,5.89460861e-04,6.91322573e-04,8.07393177e-04,9.37863916e-04,1.08278624e-03,1.24203348e-03,1.41526016e-03,1.60186064e-03,1.80092930e-03,2.01122528e-03,2.23114584e-03,2.45871285e-03,2.69157820e-03,2.92705446e-03,3.16217797e-03,3.39381157e-03,3.61879446e-03,3.83414585e-03,4.03732765e-03,4.22656964e-03,4.40125678e-03,4.56237467e-03,4.71300349e-03,4.85884456e-03,5.00875643e-03,5.17526997e-03,5.37504425e-03,5.62921790e-03,5.96360552e-03,6.40868521e-03,6.99932380e-03,7.77419057e-03,8.77482037e-03,1.00443019e-02,1.16255886e-02,1.35594566e-02,1.58821663e-02,1.86229179e-02,2.18012285e-02,2.54243910e-02,2.94852024e-02,3.39601674e-02,3.88083858e-02,4.39713224e-02,4.93736205e-02,5.49250712e-02,6.05237739e-02,6.60604367e-02,7.14236592e-02,7.65059397e-02,8.12100453e-02,8.54553011e-02,8.91833011e-02,9.23625209e-02,9.49913433e-02,9.70990828e-02,9.87447214e-02,1.00013239e-01,1.01009621e-01,1.01850853e-01,1.02656419e-01,1.03538008e-01,1.04589289e-01,1.05876671e-01,1.07431946e-01,1.09247645e-01,1.11275703e-01,1.13429782e-01,1.15591284e-01,1.17618716e-01,1.19359731e-01,1.20664878e-01,1.21401869e-01,1.21469050e-01,1.20806778e-01,1.19405548e-01,1.17309974e-01,1.14618084e-01
5026,frozen,5.98646473e-01,5.99713803e-01,5.93260826e-01,5.79496474e-01,5.58868613e-01,5.32042390e-01,4.99868261e-01,4.63341653e-01,4.23556750e-01,3.81657177e-01,3.38786438e-01,2.96040911e-01,2.54427858e-01,2.14830507e-01,1.77981681e-01,1.44446814e-01,1.14616573e-01,8.87086708e-02,6.67779364e-02,4.87332788e-02,3.43598895e-02,2.33448768e-02,1.53045116e-02,9.81137476e-03,6.41990919e-03,4.68916738e-03,4.20187774e-03,4.57930033e-03,5.49167730e-03,6.66438332e-03,7.88012937e-03,8.97776016e-03,9.84830568e-03,1.04290050e-02,1.06960199e-02,1.06565065e-02,1.03406326e-02,9.79401576e-03,9.07094301e-03,8.22861045e-03,7.32250922e-03,6.40298709e-03,5.51293435e-03,4.68648349e-03,3.94857219e-03,3.31519848e-03,2.79419141e-03,2.38632874e-03,2.08664991e-03,1.88583590e-03,1.77155374e-03,1.72969010e-03,1.74542351e-03,1.80410744e-03,1.89195484e-03,1.99652982e-03,2.10706232e-03,2.21460903e-03,2.31208728e-03,2.39420954e-03,2.45734554e-03,2.49933621e-03,2.51928066e-03,2.51731349e-03,2.49438598e-03,2.45206100e-03,2.39232838e-03,2.31744454e-03,2.22979803e-03,2.13180073e-03,2.02580345e-03,1.91403354e-03,1.79855183e-03,1.68122584e-03,1.56371650e-03,1.44747529e-03,1.33374952e-03,1.22359342e-03,1.11788305e-03,1.01733373e-03,9.22518407e-04,8.33886370e-04,7.51781281e-04,6.76458228e-04,6.08099363e-04,5.46827959e-04,4.92720752e-04,4.45818563e-04,4.06135192e-04,3.73664635e-04,3.48386684e-04,3.30270969e-04,3.19279484e-04,3.15367659e-04,3.18483995e-04,3.28568271e-04,3.45548336e-04,3.69335465e-04,3.99818266e-04,4.36855139e-04,4.80265270e-04,5.29818209e-04,5.85222102e-04,6.46110709e-04,7.12029429e-04,7.82420663e-04,8.56608971e-04,9.33786634e-04,1.01300043e-03,1.09314059e-03,1.17293323e-03,1.25093756e-03,1.32554961e-03,1.39501429e-03,1.45744757e-03,1.51087089e-03,1.55325951e-03,1.58260639e-03,1.59700271e-03,1.59473523e-03,1.57440000e-03,1.53503023e-03,1.47623476e-03,1.39834155e-03,1.30253860e-03,1.19100228e-03,1.06700104e-03,9.34960472e-04,8.00474278e-04,6.70245047e-04,5.51939429e-04,4.53944282e-04,3.85014336e-04,3.53807984e-04,3.68316121e-04,4.35199514e-04,5.59062854e-04,7.41707701e-04,9.81421416e-04,1.27237355e-03,1.60420363e-03,1.96189310e-03,2.32601764e-03,2.67347163e-03,2.97874369e-03,3.21579777e-03,3.36057956e-03,3.39412154e-03,3.30616381e-03,3.09914483e-03,2.79234941e-03,2.42593686e-03,2.06451540e-03,1.79988812e-03,1.75257615e-03,2.07173484e-03,2.93312181e-03,4.53485661e-03,7.09082901e-03,1.08217643e-02,1.59441318e-02,2.26572767e-02,3.11293496e-02,4.14827895e-02,5.37802612e-02,6.80120464e-02,8.40859149e-02,1.01820461e-01,1.20942749e-01,1.41090925e-01,1.61822119e-01,1.82625694e-01,2.02941435e-01,2.22181981e-01,2.39758376e-01,2.55107365e-01,2.67718843e-01,2.77161750e-01,2.83106749e-01,2.85344173e-01,2.83795984e-01
5027,frozen,7.44302914e-01,7.43745157e-01,7.33746386e-01,7.14620594e-01,6.86986537e-01,6.51737315e-01,6.09996510e-01,5.63063695e-01,5.12352760e-01,4.59326894e-01,4.05434106e-01,3.52047002e-01,3.00410040e-01,2.51596840e-01,2.06479304e-01,1.65709412e-01,1.29713690e-01,9.86995290e-02,7.26718422e-02,5.14580544e-02,3.47390673e-02,2.20837409e-02,1.29844832e-02,6.89176528e-03,3.24572550e-03,1.50345906e-03,1.16105737e-03,1.76993322e-03,2.94740041e-03,4.38184708e-03,5.83313080e-03,7.12902240e-03,8.15863361e-03,8.86378942e-03,9.22925996e-03,9.27266697e-03,9.03474213e-03,8.57045671e-03,7.94137970e-03,7.20946712e-03,6.43234904e-03,5.66006815e-03,4.93313945e-03,4.28174268e-03,3.72582803e-03,3.27590625e-03,2.93430323e-03,2.69668075e-03,2.55365561e-03,2.49238402e-03,2.49801346e-03,2.55493740e-03,2.64781799e-03,2.76236620e-03,2.88588755e-03,3.00761543e-03,3.11886215e-03,3.21302231e-03,3.28546373e-03,3.33333941e-03,3.35535027e-03,3.35148425e-03,3.32275165e-03,3.27093228e-03,3.19834487e-03,3.10764532e-03,3.00165709e-03,2.88323424e-03,2.75515567e-03,2.62004791e-03,2.48033293e-03,2.33819705e-03,2.19557699e-03,2.05415936e-03,1.91539022e-03,1.78049160e-03,1.65048276e-03,1.52620397e-03,1.40834127e-03,1.29745124e-03,1.19398464e-03,1.09830862e-03,1.01072708e-03,9.31498994e-04,8.60854624e-04,7.99009795e-04,7.46178142e-04,7.02581515e-04,6.68458581e-04,6.44071711e-04,6.29712135e-04,6.25703354e-04,6.32402723e-04,6.50201040e-04,6.79519954e-04,7.20806912e-04,7.74527327e-04,8.41153607e-04,9.21150638e-04,1.01495732e-03,1.12296375e-03,1.24548373e-03,1.38272229e-03,1.53473817e-03,1.70140135e-03,1.88234591e-03,2.07691904e-03,2.28412728e-03,2.50258165e-03,2.73044402e-03,2.96537742e-03,3.20450414e-03,3.44437566e-03,3.68095950e-03,3.90964836e-03,4.12529737e-03,4.32229526e-03,4.49467501e-03,4.63626864e-03,4.74090957e-03,4.80268370e-03,4.81622787e-03,4.77707071e-03,4.68200692e-03,4.52949131e-03,4.32003410e-03,4.05657429e-03,3.74480328e-03,3.39340821e-03,3.01420232e-03,2.62211091e-03,2.23498483e-03,1.87322060e-03,1.55917751e-03,1.31639647e-03,1.16864413e-03,1.13882701e-03,1.24784312e-03,1.51346136e-03,1.94933888e-03,2.56430203e-03,3.36202275e-03,4.34121901e-03,5.49649003e-03,6.81986487e-03,8.30309466e-03,9.94065557e-03,1.17333546e-02,1.36923467e-02,1.58432875e-02,1.82302683e-02,2.09191174e-02,2.39996152e-02,2.75861694e-02,3.18165330e-02,3.68482374e-02,4.28525393e-02,5.00058613e-02,5.84789092e-02,6.84238806e-02,7.99604087e-02,9.31610930e-02,1.08037637e-01,1.24528714e-01,1.42490701e-01,1.61692339e-01,1.81814212e-01,2.02453648e-01,2.23135297e-01,2.43327233e-01,2.62461983e-01,2.79961463e-01,2.95264422e-01,3.07854735e-01,3.17288675e-01,3.23219325e-01,3.25416397e-01,3.23779978e-01,3.18347182e-01,3.09291140e-01,2.96912328e-01
5028,frozen,7.51227586e-01,7.50082214e-01,7.39249484e-01,7.19081670e-01,6.90245878e-01,6.53690979e-01,6.10600676e-01,5.62335706e-01,5.10368852e-01,4.56216795e-01,4.01372913e-01,3.47244879e-01,2.95100435e-01,2.46023968e-01,2.00885671e-01,1.60324127e-01,1.24742196e-01,9.43152869e-02,6.90103204e-02,4.86132049e-02,3.27623021e-02,2.09852529e-02,1.27366176e-02,7.43404366e-03,4.49105701e-03,3.34504491e-03,3.47950694e-03,4.44015275e-03,5.84488528e-03,7.38809537e-03,8.83999142e-03,1.00418862e-02,1.08984639e-02,1.13680634e-02,1.14519503e-02,1.11834317e-02,1.06175126e-02,9.82161610e-03,8.86771392e-03,7.82604869e-03,6.76048511e-03,5.72541200e-03,4.76403174e-03,3.90781867e-03,3.17690060e-03,2.58111411e-03,2.12149832e-03,1.79201992e-03,1.58135721e-03,1.47461016e-03,1.45484163e-03,1.50439062e-03,1.60592882e-03,1.74325647e-03,1.90185200e-03,2.06920262e-03,2.23495037e-03,2.39089109e-03,2.53086345e-03,2.65056233e-03,2.74730642e-03,2.81978481e-03,2.86780166e-03,2.89203339e-03,2.89380763e-03,2.87490955e-03,2.83741808e-03,2.78357194e-03,2.71566378e-03,2.63595974e-03,2.54664106e-03,2.44976411e-03,2.34723541e-03,2.24079844e-03,2.13202932e-03,2.02233904e-03,1.91298008e-03,1.80505606e-03,1.69953303e-03,1.59725160e-03,1.49893919e-03,1.40522209e-03,1.31663689e-03,1.23364130e-03,1.15662414e-03,1.08591455e-03,1.02179040e-03,9.64485942e-04,9.14198713e-04,8.71095708e-04,8.35318825e-04,8.06989586e-04,7.86213080e-04,7.73081083e-04,7.67674271e-04,7.70063416e-04,7.80309419e-04,7.98462026e-04,8.24557030e-04,8.58611739e-04,9.00618483e-04,9.50535921e-04,1.00827793e-03,1.07369989e-03,1.14658219e-03,1.22661099e-03,1.31335633e-03,1.40624789e-03,1.50454899e-03,1.60732971e-03,1.71344054e-03,1.82148821e-03,1.92981605e-03,2.03649175e-03,2.13930589e-03,2.23578527e-03,2.32322517e-03,2.39874534e-03,2.45937419e-03,2.50216515e-03,2.52434861e-03,2.52352106e-03,2.49787091e-03,2.44643767e-03,2.36939720e-03,2.26836168e-03,2.14667746e-03,2.00969902e-03,1.86501175e-03,1.72257155e-03,1.59472579e-03,1.49607839e-03,1.44316324e-03,1.45389475e-03,1.54677347e-03,1.73983902e-03,2.04938174e-03,2.48844885e-03,3.06520965e-03,3.78127609e-03,4.63010713e-03,5.59565620e-03,6.65144557e-03,7.76026697e-03,8.87470935e-03,9.93869872e-03,1.08901979e-02,1.16651544e-02,1.22027007e-02,1.24515079e-02,1.23770713e-02,1.19695762e-02,1.12518639e-02,1.02868987e-02,9.18404965e-03,8.10344911e-03,7.25769677e-03,6.91024558e-03,7.36994447e-03,8.98142134e-03,1.21112617e-02,1.71302591e-02,2.43923638e-02,3.42113048e-02,4.68361830e-02,6.24275869e-02,8.10359471e-02,1.02583884e-01,1.26854204e-01,1.53484966e-01,1.81972629e-01,2.11683823e-01,2.41875676e-01,2.71723990e-01,3.00357970e-01,3.26899622e-01,3.50505519e-01,3.70408346e-01,3.85955559e-01,3.96642609e-01,4.02138507e-01
5029,frozen,7.48370299e-01,7.46426731e-01,7.33978705e-01,7.11484293e-01,6.79766358e-01,6.39967333e-01,5.93487398e-01,5.41910381e-01,4.86922448e-01,4.30228985e-01,3.73474935e-01,3.18173384e-01,2.65646296e-01,2.16980223e-01,1.72998571e-01,1.34250718e-01,1.01017104e-01,7.33283999e-02,5.09960679e-02,3.36511400e-02,2.07878381e-02,1.18087256e-02,6.06839810e-03,2.91321157e-03,1.71516958e-03,1.89875738e-03,2.96017808e-03,4.47904965e-03,6.12312733e-03,7.64699759e-03,8.88593738e-03,9.74624833e-03,1.01933742e-02,1.02390117e-02,9.92825658e-03,9.32761350e-03,8.51446688e-03,7.56838264e-03,6.56440230e-03,5.56831676e-03,4.63377126e-03,3.80095902e-03,3.09660596e-03,2.53492917e-03,2.11925961e-03,1.84404880e-03,1.69702159e-03,1.66128686e-03,1.71726900e-03,1.84437074e-03,2.02232068e-03,2.23219280e-03,2.45711219e-03,2.68267917e-03,2.89715507e-03,3.09145793e-03,3.25901620e-03,3.39552548e-03,3.49864722e-03,3.56768183e-03,3.60324143e-03,3.60694035e-03,3.58111567e-03,3.52858466e-03,3.45244183e-03,3.35589535e-03,3.24214016e-03,3.11426396e-03,2.97518143e-03,2.82759183e-03,2.67395538e-03,2.51648413e-03,2.35714352e-03,2.19766168e-03,2.03954363e-03,1.88408868e-03,1.73240930e-03,1.58545037e-03,1.44400818e-03,1.30874849e-03,1.18022346e-03,1.05888730e-03,9.45110478e-04,8.39192646e-04,7.41374203e-04,6.51846682e-04,5.70761974e-04,4.98240513e-04,4.34378465e-04,3.79254007e-04,3.32932720e-04,2.95472122e-04,2.66925351e-04,2.47343954e-04,2.36779738e-04,2.35285593e-04,2.42915166e-04,2.59721219e-04,2.85752488e-04,3.21048797e-04,3.65634161e-04,4.19507605e-04,4.82631382e-04,5.54916330e-04,6.36204114e-04,7.26246241e-04,8.24679806e-04,9.31000213e-04,1.04453133e-03,1.16439389e-03,1.28947353e-03,1.41839004e-03,1.54947045e-03,1.68072871e-03,1.80985564e-03,1.93422317e-03,2.05090741e-03,2.15673499e-03,2.24835721e-03,2.32235544e-03,2.37538028e-03,2.40432472e-03,2.40652907e-03,2.38001169e-03,2.32371570e-03,2.23775680e-03,2.12365305e-03,1.98451241e-03,1.82515047e-03,1.65210871e-03,1.47354393e-03,1.29896320e-03,1.13878634e-03,1.00373051e-03,9.04028687e-04,8.48516098e-04,8.43645018e-04,8.92516795e-04,9.94049037e-04,1.14242161e-03,1.32696413e-03,1.53265536e-03,1.74139724e-03,1.93419862e-03,2.09435385e-03,2.21162725e-03,2.28735672e-03,2.34027393e-03,2.41270874e-03,2.57671495e-03,2.93953466e-03,3.64772492e-03,4.88922036e-03,6.89261325e-03,9.92301176e-03,1.42739958e-02,2.02554285e-02,2.81771933e-02,3.83292949e-02,5.09591618e-02,6.62473831e-02,8.42834651e-02,1.05043460e-01,1.28371460e-01,1.53966942e-01,1.81379730e-01,2.10013995e-01,2.39142118e-01,2.67928580e-01,2.95463229e-01,3.20802478e-01,3.43016222e-01,3.61237608e-01,3.74712374e-01,3.82844261e-01,3.85233112e-01,3.81702650e-01,3.72315618e-01,3.57374817e-01,3.37409675e-01,3.13149021e-01
5030,frozen,6.41414093e-01,6.42443867e-01,6.35471991e-01,6.20713922e-01,5.98640326e-01,5.69954403e-01,5.35558034e-01,4.96508866e-01,4.53970995e-01,4.09162238e-01,3.63301095e-01,3.17556390e-01,2.73002297e-01,2.30580929e-01,1.91074106e-01,1.55085195e-01,1.23031264e-01,9.51450859e-02,7.14859848e-02,5.19580558e-02,3.63339638e-02,2.42823819e-02,1.53971099e-02,9.22603838e-03,5.29835926e-03,3.14873036e-03,2.33746669e-03,2.46620191e-03,3.18882460e-03,4.21781526e-03,5.32637467e-03,6.34693285e-03,7.16675490e-03,7.72141858e-03,7.98693566e-03,7.97123498e-03,7.70563274e-03,7.23679891e-03,6.61959906e-03,5.91106145e-03,5.16559823e-03,4.43150405e-03,3.74866967e-03,3.14738454e-03,2.64806016e-03,2.26168410e-03,1.99081007e-03,1.83089873e-03,1.77184320e-03,1.79953943e-03,1.89739075e-03,2.04766564e-03,2.23265584e-03,2.43560708e-03,2.64141508e-03,2.83709642e-03,3.01205499e-03,3.15817296e-03,3.26975869e-03,3.34338521e-03,3.37765144e-03,3.37289526e-03,3.33088362e-03,3.25450009e-03,3.14744594e-03,3.01396607e-03,2.85860734e-03,2.68601336e-03,2.50075704e-03,2.30720989e-03,2.10944581e-03,1.91117559e-03,1.71570824e-03,1.52593462e-03,1.34432912e-03,1.17296526e-03,1.01354156e-03,8.67414293e-04,7.35634529e-04,6.18986949e-04,5.18028755e-04,4.33127175e-04,3.64494486e-04,3.12219816e-04,2.76297177e-04,2.56649409e-04,2.53147861e-04,2.65627715e-04,2.93898942e-04,3.37752919e-04,3.96964758e-04,4.71291384e-04,5.60465427e-04,6.64184969e-04,7.82099218e-04,9.13790179e-04,1.05875047e-03,1.21635747e-03,1.38584415e-03,1.56626700e-03,1.75647186e-03,1.95505839e-03,2.16034473e-03,2.37033371e-03,2.58268289e-03,2.79468100e-03,3.00323374e-03,3.20486283e-03,3.39572226e-03,3.57163656e-03,3.72816608e-03,3.86070441e-03,3.96461328e-03,4.03539944e-03,4.06893778e-03,4.06174295e-03,4.01129039e-03,3.91638458e-03,3.77756917e-03,3.59756947e-03,3.38175293e-03,3.13858794e-03,2.88007544e-03,2.62212207e-03,2.38481830e-03,2.19258005e-03,2.07410983e-03,2.06213201e-03,2.19285932e-03,2.50515325e-03,3.03935087e-03,3.83574558e-03,4.93272847e-03,6.36462156e-03,8.15926236e-03,1.03354306e-02,1.29002397e-02,1.58466488e-02,1.91512746e-02,2.27727073e-02,2.66505402e-02,3.07053210e-02,3.48396103e-02,3.89402941e-02,4.28822365e-02,4.65332832e-02,4.97605287e-02,5.24376559e-02,5.44530467e-02,5.57182504e-02,5.61763071e-02,5.58093467e-02,5.46448495e-02,5.27599580e-02,5.02832807e-02,4.73937375e-02,4.43161491e-02,4.13134734e-02,3.86758290e-02,3.67066930e-02,3.57069144e-02,3.59574103e-02,3.77015913e-02,4.11286822e-02,4.63591327e-02,5.34332549e-02,6.23040677e-02,7.28350813e-02,8.48034327e-02,9.79084093e-02,1.11784998e-01,1.26021709e-01,1.40181581e-01,1.53825003e-01,1.66532823e-01,1.77928176e-01,1.87695523e-01,1.95595634e-01,2.01475505e-01,2.05272652e-01,2.07013595e-01
5031,frozen,7.43828126e-01,7.44606822e-01,7.35750626e-01,7.17549532e-01,6.90609842e-01,6.55824057e-01,6.14326623e-01,5.67438360e-01,5.16603112e-01,4.63320542e-01,4.09079125e-01,3.55293233e-01,3.03247718e-01,2.54052764e-01,2.08610914e-01,1.67597301e-01,1.31453140e-01,1.00391710e-01,7.44153160e-02,5.33411383e-02,3.68335366e-02,2.44402076e-02,1.56296431e-02,9.82755464e-03,6.45028753e-03,4.93369648e-03,4.75645479e-03,5.45727156e-03,6.64595969e-03,8.00870071e-03,9.30817040e-03,1.03794104e-02,1.11224544e-02,1.14927518e-02,1.14903828e-02,1.11489582e-02,1.05249430e-02,9.68797474e-03,8.71256809e-03,7.67142648e-03,6.63043204e-03,5.64525898e-03,4.75946165e-03,4.00382435e-03,3.39672445e-03,2.94525022e-03,2.64682433e-03,2.49110897e-03,2.46200230e-03,2.53957560e-03,2.70184034e-03,2.92627201e-03,3.19105175e-03,3.47601386e-03,3.76330963e-03,4.03781303e-03,4.28730389e-03,4.50246898e-03,4.67676268e-03,4.80616689e-03,4.88888591e-03,4.92500694e-03,4.91615097e-03,4.86513337e-03,4.77564793e-03,4.65198336e-03,4.49877757e-03,4.32081130e-03,4.12284086e-03,3.90946745e-03,3.68503977e-03,3.45358575e-03,3.21876916e-03,2.98386671e-03,2.75176164e-03,2.52495011e-03,2.30555711e-03,2.09535918e-03,1.89581151e-03,1.70807764e-03,1.53306018e-03,1.37143140e-03,1.22366293e-03,1.09005370e-03,9.70755951e-04,8.65798874e-04,7.75109812e-04,6.98532890e-04,6.35845147e-04,5.86770175e-04,5.50989378e-04,5.28150931e-04,5.17876555e-04,5.19766215e-04,5.33400836e-04,5.58343134e-04,5.94136620e-04,6.40302867e-04,6.96337058e-04,7.61701869e-04,8.35819713e-04,9.18063363e-04,1.00774501e-03,1.10410383e-03,1.20629206e-03,1.31335998e-03,1.42423982e-03,1.53772911e-03,1.65247406e-03,1.76695373e-03,1.87946597e-03,1.98811667e-03,2.09081388e-03,2.18526905e-03,2.26900797e-03,2.33939431e-03,2.39366928e-03,2.42901097e-03,2.44261717e-03,2.43181555e-03,2.39420419e-03,2.32782514e-03,2.23137201e-03,2.10443057e-03,1.94774887e-03,1.76352993e-03,1.55573579e-03,1.33038729e-03,1.09583870e-03,8.63001066e-04,6.45483297e-04,4.59616062e-04,3.24320951e-04,2.60787318e-04,2.91922191e-04,4.41545559e-04,7.33314916e-04,1.18937957e-03,1.82878705e-03,2.66569068e-03,3.70743773e-03,4.95265062e-03,6.38944604e-03,7.99396639e-03,9.72942064e-03,1.15458430e-02,1.33807754e-02,1.51610558e-02,1.68058535e-02,1.82310226e-02,1.93547574e-02,2.01044209e-02,2.04242972e-02,2.02838814e-02,1.96861979e-02,1.86755248e-02,1.73438211e-02,1.58351170e-02,1.43471465e-02,1.31295840e-02,1.24784011e-02,1.27260782e-02,1.42276872e-02,1.73431841e-02,2.24165931e-02,2.97531061e-02,3.95954164e-02,5.21008424e-02,6.73209233e-02,8.51851816e-02,1.05490616e-01,1.27898219e-01,1.51937416e-01,1.77018796e-01,2.02454959e-01,2.27488632e-01,2.51326688e-01,2.73178136e-01,2.92293774e-01,3.08005006e-01,3.19759228e-01
5032,frozen,6.28034758e-01,6.30464140e-01,6.24471635e-01,6.10250381e-01,5.88280959e-01,5.59307190e-01,5.24298529e-01,4.84401547e-01,4.40883616e-01,3.95072394e-01,3.48294823e-01,3.01819267e-01,2.56804023e-01,2.14254838e-01,1.74993345e-01,1.39637456e-01,1.08593921e-01,8.20624376e-02,6.00500243e-02,4.23937904e-02,2.87899145e-02,1.88264472e-02,1.20175830e-02,7.83722449e-03,5.74997020e-03,5.23806820e-03,5.82332519e-03,7.08342818e-03,8.66257021e-03,1.02766529e-02,1.17136426e-02,1.28298752e-02,1.35432309e-02,1.38241447e-02,1.36853881e-02,1.31714657e-02,1.23483437e-02,1.12940667e-02,1.00906578e-02,8.81753642e-03,7.54654309e-03,6.33854055e-03,5.24146440e-03,4.28963147e-03,3.50407412e-03,2.89365344e-03,2.45670892e-03,2.18302201e-03,2.05590078e-03,2.05422934e-03,2.15436339e-03,2.33179041e-03,2.56250665e-03,2.82409175e-03,3.09648500e-03,3.36248438e-03,3.60800148e-03,3.82211193e-03,3.99694370e-03,4.12744508e-03,4.21107083e-03,4.24742064e-03,4.23785844e-03,4.18513527e-03,4.09303274e-03,3.96603918e-03,3.80906555e-03,3.62720498e-03,3.42553627e-03,3.20896979e-03,2.98213241e-03,2.74928726e-03,2.51428344e-03,2.28053071e-03,2.05099442e-03,1.82820610e-03,1.61428576e-03,1.41097229e-03,1.21965910e-03,1.04143248e-03,8.77110793e-04,7.27282936e-04,5.92344966e-04,4.72534100e-04,3.67959536e-04,2.78629739e-04,2.04476041e-04,1.45372468e-04,1.01151809e-04,7.16180037e-05,5.65549097e-05,5.57315797e-05,6.89041296e-05,9.58143090e-05,1.36184872e-04,1.89711856e-04,2.56053899e-04,3.34818765e-04,4.25547291e-04,5.27695107e-04,6.40612538e-04,7.63523332e-04,8.95503021e-04,1.03545798e-03,1.18210661e-03,1.33396427e-03,1.48933417e-03,1.64630667e-03,1.80276993e-03,1.95643513e-03,2.10488010e-03,2.24561495e-03,2.37617391e-03,2.49423693e-03,2.59778451e-03,2.68528824e-03,2.75593821e-03,2.80990679e-03,2.84864579e-03,2.87521113e-03,2.89460543e-03,2.91412496e-03,2.94369296e-03,2.99615636e-03,3.08751866e-03,3.23707759e-03,3.46743296e-03,3.80432874e-03,4.27629395e-03,4.91405045e-03,5.74966226e-03,6.81541190e-03,8.14240363e-03,9.75891223e-03,1.16885183e-02,1.39480961e-02,1.65457466e-02,1.94787949e-02,2.27319936e-02,2.62760934e-02,3.00669510e-02,3.40453415e-02,3.81376314e-02,4.22574301e-02,4.63082985e-02,5.01875201e-02,5.37908701e-02,5.70182227e-02,5.97797480e-02,6.20023587e-02,6.36359892e-02,6.46592305e-02,6.50838220e-02,6.49575081e-02,6.43648242e-02,6.34254781e-02,6.22901373e-02,6.11336134e-02,6.01456458e-02,5.95197056e-02,5.94404490e-02,6.00706350e-02,6.15384505e-02,6.39262515e-02,6.72617095e-02,7.15122425e-02,7.65834185e-02,8.23217382e-02,8.85218744e-02,9.49380775e-02,1.01299086e-01,1.07325555e-01,1.12748737e-01,1.17328997e-01,1.20872693e-01,1.23246015e-01,1.24384621e-01,1.24298196e-01,1.23069496e-01,1.20847877e-01,1.17837796e-01
5033,frozen,7.68249821e-01,7.69830264e-01,7.61370659e-01,7.43144548e-01,7.15762598e-01,6.80141585e-01,6.37457824e-01,5.89088154e-01,5.36542311e-01,4.81391045e-01,4.25194408e-01,3.69434496e-01,3.15456383e-01,2.64420232e-01,2.17266641e-01,1.74696271e-01,1.37163733e-01,1.04884845e-01,7.78554794e-02,5.58797201e-02,3.86045997e-02,2.55586058e-02,1.61912012e-02,9.91088368e-03,6.11972666e-03,4.24285148e-03,3.75183489e-03,4.18160153e-03,5.14084858e-03,6.31646831e-03,7.47275331e-03,8.44637926e-03,9.13826403e-03,9.50340897e-03,9.53975478e-03,9.27695115e-03,8.76576693e-03,8.06867707e-03,7.25197174e-03,6.37955672e-03,5.50846278e-03,4.68596135e-03,3.94809737e-03,3.31939654e-03,2.81347993e-03,2.43432016e-03,2.17789242e-03,2.03400699e-03,1.98814954e-03,2.02319884e-03,2.12093248e-03,2.26326927e-03,2.43322813e-03,2.61560839e-03,2.79741469e-03,2.96806085e-03,3.11939371e-03,3.24557925e-03,3.34289144e-03,3.40944035e-03,3.44487018e-03,3.45005186e-03,3.42678883e-03,3.37754844e-03,3.30522717e-03,3.21295296e-03,3.10392542e-03,2.98129204e-03,2.84805690e-03,2.70701793e-03,2.56072777e-03,2.41147391e-03,2.26127365e-03,2.11188017e-03,1.96479627e-03,1.82129329e-03,1.68243280e-03,1.54908967e-03,1.42197517e-03,1.30165924e-03,1.18859157e-03,1.08312098e-03,9.85513097e-04,8.95966322e-04,8.14626017e-04,7.41597178e-04,6.76955618e-04,6.20757827e-04,5.73049601e-04,5.33873529e-04,5.03275396e-04,4.81309501e-04,4.68042885e-04,4.63558366e-04,4.67956290e-04,4.81354815e-04,5.03888512e-04,5.35705043e-04,5.76959587e-04,6.27806716e-04,6.88389351e-04,7.58824462e-04,8.39185201e-04,9.29479211e-04,1.02962300e-03,1.13941239e-03,1.25848936e-03,1.38630593e-03,1.52208598e-03,1.66478679e-03,1.81306228e-03,1.96523094e-03,2.11925213e-03,2.27271523e-03,2.42284708e-03,2.56654378e-03,2.70043361e-03,2.82097827e-03,2.92461946e-03,3.00797742e-03,3.06810675e-03,3.10281281e-03,3.11102900e-03,3.09325119e-03,3.05202044e-03,2.99243899e-03,2.92269757e-03,2.85458449e-03,2.80393921e-03,2.79100628e-03,2.84063925e-03,2.98230084e-03,3.24980523e-03,3.68075184e-03,4.31560916e-03,5.19642176e-03,6.36513482e-03,7.86155749e-03,9.72101889e-03,1.19718073e-02,1.46325212e-02,1.77094967e-02,2.11945102e-02,2.50629740e-02,2.92728557e-02,3.37645397e-02,3.84618233e-02,4.32741857e-02,4.81003921e-02,5.28334022e-02,5.73664371e-02,6.15999377e-02,6.54490303e-02,6.88510038e-02,7.17722221e-02,7.42138507e-02,7.62157773e-02,7.78581674e-02,7.92602134e-02,8.05758112e-02,8.19861231e-02,8.36892420e-02,8.58874480e-02,8.87728035e-02,9.25120616e-02,9.72320178e-02,1.03006512e-01,1.09846253e-01,1.17692509e-01,1.26415443e-01,1.35817553e-01,1.45642270e-01,1.55587305e-01,1.65321950e-01,1.74507120e-01,1.82816664e-01,1.89958283e-01,1.95692398e-01,1.99847423e-01,2.02330179e-01,2.03130583e-01
5034,frozen,6.97385767e-01,6.97919218e-01,6.89133948e-01,6.71328678e-01,6.45118178e-01,6.11401016e-01,5.71312867e-01,5.26168556e-01,4.77396680e-01,4.26471020e-01,3.74843022e-01,3.23879318e-01,2.74807733e-01,2.28674428e-01,1.86313905e-01,1.48332623e-01,1.15106019e-01,8.67878388e-02,6.33299992e-02,4.45106760e-02,2.99680297e-02,1.92368995e-02,1.17859257e-02,7.05285161e-03,4.47617140e-03,3.52178049e-03,3.70380363e-03,4.59927724e-03,5.85681238e-03,7.19973595e-03,8.42448425e-03,9.39519958e-03,1.00355601e-02,1.03188671e-02,1.02573361e-02,9.89141007e-03,9.27975200e-03,8.49039602e-03,7.59336503e-03,6.65490007e-03,5.73331093e-03,4.87634806e-03,4.11991768e-03,3.48791300e-03,2.99291224e-03,2.63749369e-03,2.41593580e-03,2.31609877e-03,2.32132073e-03,2.41220046e-03,2.56817683e-03,2.76885039e-03,2.99502267e-03,3.22945290e-03,3.45735051e-03,3.66663379e-03,3.84799284e-03,3.99479741e-03,4.10289020e-03,4.17030298e-03,4.19692839e-03,4.18417475e-03,4.13462562e-03,4.05172004e-03,3.93946451e-03,3.80218308e-03,3.64430853e-03,3.47021465e-03,3.28408745e-03,3.08983187e-03,2.89100961e-03,2.69080325e-03,2.49200190e-03,2.29700379e-03,2.10783165e-03,1.92615710e-03,1.75333098e-03,1.59041703e-03,1.43822675e-03,1.29735396e-03,1.16820776e-03,1.05104304e-03,9.45988128e-04,8.53069017e-04,7.72230217e-04,7.03352078e-04,6.46264695e-04,6.00758513e-04,5.66591762e-04,5.43494922e-04,5.31172380e-04,5.29301461e-04,5.37529020e-04,5.55465786e-04,5.82678644e-04,6.18681112e-04,6.62922267e-04,7.14774469e-04,7.73520303e-04,8.38339283e-04,9.08294960e-04,9.82323292e-04,1.05922324e-03,1.13765079e-03,1.21611779e-03,1.29299715e-03,1.36653607e-03,1.43487914e-03,1.49610316e-03,1.54826519e-03,1.58946547e-03,1.61792588e-03,1.63208439e-03,1.63070442e-03,1.61299719e-03,1.57875306e-03,1.52847640e-03,1.46351583e-03,1.38617991e-03,1.29982570e-03,1.20890570e-03,1.11895720e-03,1.03651734e-03,9.68947922e-04,9.24155888e-04,9.10200245e-04,9.34782394e-04,1.00462654e-03,1.12476883e-03,1.29778835e-03,1.52303015e-03,1.79588755e-03,2.10722932e-03,2.44307220e-03,2.78461141e-03,3.10872637e-03,3.38907500e-03,3.59787455e-03,3.70843745e-03,3.69848686e-03,3.55421732e-03,3.27499280e-03,2.87849045e-03,2.40600852e-03,1.92756752e-03,1.54635436e-03,1.40199856e-03,1.67213887e-03,2.57174766e-03,4.34973694e-03,7.28248038e-03,1.16640508e-02,1.77931888e-02,2.59572775e-02,3.64138809e-02,4.93706957e-02,6.49650342e-02,8.32441787e-02,1.04148093e-01,1.27496020e-01,1.52978425e-01,1.80155521e-01,2.08463302e-01,2.37227538e-01,2.65685643e-01,2.93015759e-01,3.18371771e-01,3.40922437e-01,3.59892383e-01,3.74602380e-01,3.84506251e-01,3.89221831e-01,3.88553715e-01,3.82506051e-01,3.71284295e-01,3.55285609e-01,3.35078437e-01,3.11372552e-01,2.84981579e-01,2.56780532e-01,2.27661245e-01
5035,frozen,5.73627364e-01,5.75029148e-01,5.69217594e-01,5.56376134e-01,5.36918744e-01,5.11470031e-01,4.80835262e-01,4.45962187e-01,4.07896991e-01,3.67737037e-01,3.26583153e-01,2.85494134e-01,2.45445902e-01,2.07297287e-01,1.71763930e-01,1.39401160e-01,1.10596107e-01,8.55687081e-02,6.43807599e-02,4.69517395e-02,3.30798314e-02,2.24664355e-02,1.47424053e-02,9.49435813e-03,6.28959323e-03,4.69841999e-03,4.31301458e-03,4.76225290e-03,5.72229162e-03,6.92296166e-03,8.15028342e-03,9.24560135e-03,1.01019610e-02,1.06584163e-02,1.08929629e-02,1.08147561e-02,1.04561952e-02,9.86535836e-03,9.09915826e-03,8.21747261e-03,7.27839498e-03,6.33465198e-03,5.43115229e-03,4.60357035e-03,3.87782430e-03,3.27028259e-03,2.78852511e-03,2.43248830e-03,2.19583866e-03,2.06743943e-03,2.03280064e-03,2.07542868e-03,2.17801706e-03,2.32344328e-03,2.49555661e-03,2.67975769e-03,2.86338309e-03,3.03591651e-03,3.18905315e-03,3.31664615e-03,3.41456380e-03,3.48048458e-03,3.51365391e-03,3.51462306e-03,3.48498680e-03,3.42713231e-03,3.34400837e-03,3.23892085e-03,3.11535740e-03,2.97684246e-03,2.82682174e-03,2.66857434e-03,2.50514959e-03,2.33932566e-03,2.17358625e-03,2.01011228e-03,1.85078526e-03,1.69719948e-03,1.55068049e-03,1.41230776e-03,1.28293956e-03,1.16323874e-03,1.05369818e-03,9.54665045e-04,8.66363285e-04,7.88913803e-04,7.22352129e-04,6.66643376e-04,6.21694438e-04,5.87363409e-04,5.63466286e-04,5.49781036e-04,5.46049130e-04,5.51974665e-04,5.67221221e-04,5.91406606e-04,6.24095683e-04,6.64791496e-04,7.12924972e-04,7.67843531e-04,8.28799032e-04,8.94935562e-04,9.65277710e-04,1.03872011e-03,1.11401915e-03,1.18978794e-03,1.26449578e-03,1.33647344e-03,1.40392584e-03,1.46495359e-03,1.51758499e-03,1.55981991e-03,1.58968676e-03,1.60531347e-03,1.60501261e-03,1.58738030e-03,1.55140719e-03,1.49659904e-03,1.42310241e-03,1.33182982e-03,1.22457675e-03,1.10412114e-03,9.74294502e-04,8.40012406e-04,7.07251381e-04,5.82959316e-04,4.74887558e-04,3.91335336e-04,3.40801197e-04,3.31541894e-04,3.71046823e-04,4.65445492e-04,6.18876466e-04,8.32858196e-04,1.10571449e-03,1.43211900e-03,1.80283280e-03,2.20471563e-03,2.62109249e-03,3.03255246e-03,3.41824314e-03,3.75770209e-03,4.03323460e-03,4.23280558e-03,4.35336386e-03,4.40446100e-03,4.41196801e-03,4.42163674e-03,4.50220246e-03,4.74768789e-03,5.27855189e-03,6.24133429e-03,7.80648683e-03,1.01641523e-02,1.35177591e-02,1.80754354e-02,2.40394103e-02,3.15937465e-02,4.08909322e-02,5.20380324e-02,6.50832398e-02,8.00037688e-02,9.66960728e-02,1.14969336e-01,1.34543082e-01,1.55049546e-01,1.76041218e-01,1.97003604e-01,2.17372948e-01,2.36558231e-01,2.53966443e-01,2.69029817e-01,2.81233451e-01,2.90141661e-01,2.95421363e-01,2.96860915e-01,2.94383090e-01,2.88051201e-01,2.78067833e-01,2.64766126e-01,2.48594071e-01
5036,frozen,6.62846741e-01,6.65031235e-01,6.59193399e-01,6.45523339e-01,6.24461637e-01,5.96677676e-01,5.63037271e-01,5.24561662e-01,4.82380394e-01,4.37680919e-01,3.91657836e-01,3.45464576e-01,3.00170031e-01,2.56722185e-01,2.15920237e-01,1.78396059e-01,1.44605240e-01,1.14827324e-01,8.91743496e-02,6.76063909e-02,4.99524928e-02,3.59352662e-02,2.51973770e-02,1.73282656e-02,1.18896343e-02,8.43849938e-03,6.54692231e-03,5.81785288e-03,5.89683450e-03,6.47960469e-03,7.31586131e-03,8.20964771e-03,9.01693330e-03,9.64103140e-03,1.00265096e-02,1.01522165e-02,1.00239837e-02,9.66747362e-03,9.12154199e-03,8.43237995e-03,7.64859873e-03,6.81733098e-03,5.98134596e-03,5.17711622e-03,4.43373031e-03,3.77251950e-03,3.20725336e-03,2.74475892e-03,2.38582617e-03,2.12627807e-03,1.95810232e-03,1.87056279e-03,1.85122989e-03,1.88688843e-03,1.96429899e-03,2.07080333e-03,2.19477583e-03,2.32593136e-03,2.45550581e-03,2.57632864e-03,2.68280830e-03,2.77085093e-03,2.83773147e-03,2.88193417e-03,2.90297698e-03,2.90123151e-03,2.87774762e-03,2.83408939e-03,2.77218678e-03,2.69420566e-03,2.60243732e-03,2.49920730e-03,2.38680276e-03,2.26741666e-03,2.14310712e-03,2.01576968e-03,1.88712051e-03,1.75868847e-03,1.63181419e-03,1.50765444e-03,1.38719036e-03,1.27123818e-03,1.16046155e-03,1.05538451e-03,9.56404470e-04,8.63804764e-04,7.77766391e-04,6.98378752e-04,6.25649302e-04,5.59512101e-04,4.99835395e-04,4.46428387e-04,3.99047478e-04,3.57402314e-04,3.21162047e-04,2.89962322e-04,2.63413539e-04,2.41111035e-04,2.22647895e-04,2.07631148e-04,1.95702165e-04,1.86562043e-04,1.80002807e-04,1.75945105e-04,1.74483015e-04,1.75936291e-04,1.80910114e-04,1.90361953e-04,2.05674604e-04,2.28733773e-04,2.62007746e-04,3.08625743e-04,3.72450485e-04,4.58139369e-04,5.71187534e-04,7.17945028e-04,9.05599419e-04,1.14211464e-03,1.43611681e-03,1.79671828e-03,2.23327261e-03,2.75505571e-03,3.37087159e-03,4.08858647e-03,4.91460086e-03,5.85327658e-03,6.90634415e-03,8.07232514e-03,9.34601295e-03,1.07180642e-02,1.21747602e-02,1.36980016e-02,1.52656014e-02,1.68519355e-02,1.84290017e-02,1.99679199e-02,2.14408807e-02,2.28235219e-02,2.40976697e-02,2.52543401e-02,2.62968521e-02,2.72438556e-02,2.81320396e-02,2.90182549e-02,2.99807665e-02,3.11193586e-02,3.25540342e-02,3.44221103e-02,3.68735811e-02,4.00647335e-02,4.41501207e-02,4.92731439e-02,5.55556417e-02,6.30870256e-02,7.19136268e-02,8.20290077e-02,9.33660351e-02,1.05791502e-01,1.19104002e-01,1.33035622e-01,1.47257802e-01,1.61391460e-01,1.75021162e-01,1.87712819e-01,1.99034065e-01,2.08576215e-01,2.15976472e-01,2.20938956e-01,2.23253077e-01,2.22807892e-01,2.19601301e-01,2.13743218e-01,2.05452290e-01,1.95046157e-01,1.82925724e-01,1.69554371e-01,1.55433387e-01,1.41075238e-01,1.26976422e-01,1.13591718e-01,1.01311510e-01
5037,frozen,7.86346732e-01,7.84035876e-01,7.70800618e-01,7.47091727e-01,7.13739463e-01,6.71910555e-01,6.23047378e-01,5.68793388e-01,5.10909809e-01,4.51189041e-01,3.91370313e-01,3.33062749e-01,2.77680246e-01,2.26391515e-01,1.80087378e-01,1.39366058e-01,1.04535922e-01,7.56339251e-02,5.24571070e-02,3.46038026e-02,2.15209099e-02,1.25535246e-02,6.99350936e-03,4.12406052e-03,3.25798601e-03,3.76815970e-03,5.10938006e-03,6.83158042e-03,8.58495583e-03,1.01180538e-02,1.12702018e-02,1.19598141e-02,1.21701393e-02,1.19339117e-02,1.13181693e-02,1.04102467e-02,9.30566350e-03,8.09834124e-03,6.87332314e-03,5.70194417e-03,4.63923123e-03,3.72319410e-03,2.97560401e-03,2.40383762e-03,2.00338349e-03,1.76065477e-03,1.65581529e-03,1.66539828e-03,1.76456851e-03,1.92894460e-03,2.13595408e-03,2.36573783e-03,2.60165128e-03,2.83042931e-03,3.04209013e-03,3.22965389e-03,3.38874550e-03,3.51714156e-03,3.61430887e-03,3.68096957e-03,3.71871613e-03,3.72968879e-03,3.71631986e-03,3.68114270e-03,3.62665898e-03,3.55525500e-03,3.46915726e-03,3.37041694e-03,3.26091427e-03,3.14237486e-03,3.01639167e-03,2.88444812e-03,2.74793890e-03,2.60818684e-03,2.46645480e-03,2.32395271e-03,2.18184004e-03,2.04122472e-03,1.90315936e-03,1.76863576e-03,1.63857862e-03,1.51383926e-03,1.39518989e-03,1.28331884e-03,1.17882707e-03,1.08222595e-03,9.93936383e-04,9.14289191e-04,8.43526469e-04,7.81803849e-04,7.29193399e-04,6.85686994e-04,6.51199993e-04,6.25575098e-04,6.08586343e-04,5.99943167e-04,5.99294625e-04,6.06233813e-04,6.20302628e-04,6.40997037e-04,6.67773023e-04,7.00053415e-04,7.37235772e-04,7.78701471e-04,8.23826081e-04,8.71991045e-04,9.22596524e-04,9.75075183e-04,1.02890647e-03,1.08363076e-03,1.13886263e-03,1.19430206e-03,1.24974262e-03,1.30507507e-03,1.36028513e-03,1.41544400e-03,1.47069049e-03,1.52620390e-03,1.58216754e-03,1.63872324e-03,1.69591862e-03,1.75364977e-03,1.81160371e-03,1.86920624e-03,1.92558242e-03,1.97953822e-03,2.02957260e-03,2.07392972e-03,2.11070034e-03,2.13797959e-03,2.15408545e-03,2.15783771e-03,2.14889108e-03,2.12810917e-03,2.09795768e-03,2.06288663e-03,2.02966369e-03,2.00761397e-03,2.00871858e-03,2.04752449e-03,2.14082479e-03,2.30708107e-03,2.56557965e-03,2.93534044e-03,3.43383091e-03,4.07557483e-03,4.87078500e-03,5.82418497e-03,6.93421310e-03,8.19281700e-03,9.58604236e-03,1.10955915e-02,1.27014719e-02,1.43857697e-02,1.61374738e-02,1.79581416e-02,1.98680567e-02,2.19123807e-02,2.41666806e-02,2.67411175e-02,2.97825455e-02,3.34737979e-02,3.80295467e-02,4.36883149e-02,5.07004937e-02,5.93125589e-02,6.97480652e-02,8.21863966e-02,9.67406202e-02,1.13436098e-01,1.32191700e-01,1.52805520e-01,1.74946869e-01,1.98156025e-01,2.21852757e-01,2.45354005e-01,2.67900417e-01,2.88690652e-01,3.06921639e-01,3.21832385e-01,3.32748385e-01
5038,frozen,6.97342857e-01,6.94843850e-01,6.83872037e-01,6.64756152e-01,6.38086631e-01,6.04687833e-01,5.65579200e-01,5.21927740e-01,4.74994759e-01,4.26080015e-01,3.76466530e-01,3.27369131e-01,2.79889390e-01,2.34979085e-01,1.93413655e-01,1.55776363e-01,1.22453205e-01,9.36378785e-02,6.93456125e-02,4.94341837e-02,3.36301887e-02,2.15585196e-02,1.27730232e-02,6.78649145e-03,3.09840713e-03,1.21920963e-03,6.90231679e-04,1.09884414e-03,2.08870958e-03,3.36536156e-03,4.69757954e-03,5.91521046e-03,6.90419616e-03,7.59960494e-03,7.97744441e-03,8.04596396e-03,7.83705188e-03,7.39820809e-03,6.78544192e-03,6.05731521e-03,5.27023412e-03,4.47499311e-03,3.71449582e-03,3.02252065e-03,2.42336336e-03,1.93217220e-03,1.55579071e-03,1.29393464e-03,1.14054997e-03,1.08522430e-03,1.11455169e-03,1.21337826e-03,1.36588142e-03,1.55645748e-03,1.77041060e-03,1.99444995e-03,2.21701187e-03,2.42843021e-03,2.62098097e-03,2.78882836e-03,2.92789806e-03,3.03570111e-03,3.11112857e-03,3.15423383e-03,3.16601533e-03,3.14820982e-03,3.10310244e-03,3.03335815e-03,2.94187628e-03,2.83166880e-03,2.70576140e-03,2.56711582e-03,2.41857132e-03,2.26280283e-03,2.10229337e-03,1.93931826e-03,1.77593898e-03,1.61400453e-03,1.45515859e-03,1.30085091e-03,1.15235164e-03,1.01076758e-03,8.77059427e-04,7.52059404e-04,6.36488663e-04,5.30974132e-04,4.36064420e-04,3.52244593e-04,2.79949607e-04,2.19576270e-04,1.71493623e-04,1.36051635e-04,1.13588125e-04,1.04433830e-04,1.08915534e-04,1.27357176e-04,1.60078855e-04,2.07393672e-04,2.69602370e-04,3.46985756e-04,4.39794958e-04,5.48239657e-04,6.72474526e-04,8.12584265e-04,9.68567800e-04,1.14032245e-03,1.32762909e-03,1.53013977e-03,1.74736940e-03,1.97869381e-03,2.22335645e-03,2.48048698e-03,2.74913478e-03,3.02832116e-03,3.31711403e-03,3.61472877e-03,3.92065893e-03,4.23483978e-03,4.55784671e-03,4.89112933e-03,5.23727973e-03,5.60033144e-03,5.98608213e-03,6.40242954e-03,6.85970632e-03,7.37099467e-03,7.95239762e-03,8.62323932e-03,9.40616326e-03,1.03270951e-02,1.14150354e-02,1.27016506e-02,1.42206318e-02,1.60068029e-02,1.80949649e-02,2.05184832e-02,2.33076400e-02,2.64877932e-02,3.00774105e-02,3.40860665e-02,3.85125146e-02,4.33429633e-02,4.85497002e-02,5.40902104e-02,5.99069294e-02,6.59277557e-02,7.20674115e-02,7.82296996e-02,8.43106442e-02,9.02024397e-02,9.57980567e-02,1.00996284e-01,1.05706919e-01,1.09855773e-01,1.13389108e-01,1.16277145e-01,1.18516284e-01,1.20129751e-01,1.21166473e-01,1.21698114e-01,1.21814330e-01,1.21616478e-01,1.21210148e-01,1.20697034e-01,1.20166747e-01,1.19689254e-01,1.19308605e-01,1.19038562e-01,1.18860630e-01,1.18724800e-01,1.18553094e-01,1.18245787e-01,1.17689898e-01,1.16769326e-01,1.15375853e-01,1.13420075e-01,1.10841317e-01,1.07615613e-01,1.03760999e-01,9.93395277e-02,9.44557493e-02
5039,frozen,9.07872128e-01,9.07497537e-01,8.94368295e-01,8.68957239e-01,8.32186565e-01,7.85378119e-01,7.30182484e-01,6.68491751e-01,6.02341940e-01,5.33811575e-01,4.64922947e-01,3.97552124e-01,3.33352849e-01,2.73698172e-01,2.19642183e-01,1.71902642e-01,1.30863760e-01,9.65970697e-02,6.88972385e-02,4.73289741e-02,3.12807936e-02,2.00214482e-02,1.27551102e-02,8.67201106e-03,6.99197886e-03,6.99917457e-03,8.06718768e-03,9.67445418e-03,1.14106414e-02,1.29751715e-02,1.41694080e-02,1.48842053e-02,1.50845409e-02,1.47928316e-02,1.40723190e-02,1.30116301e-02,1.17113070e-02,1.02727921e-02,8.79007544e-03,7.34396855e-03,5.99878938e-03,4.80111341e-03,3.78017519e-03,2.94948147e-03,2.30921274e-03,1.84903547e-03,1.55101045e-03,1.39235484e-03,1.34788885e-03,1.39206511e-03,1.50053767e-03,1.65127335e-03,1.82524264e-03,2.00674916e-03,2.18346806e-03,2.34626693e-03,2.48887877e-03,2.60748878e-03,2.70028597e-03,2.76701901e-03,2.80858447e-03,2.82666541e-03,2.82342922e-03,2.80128730e-03,2.76271370e-03,2.71011667e-03,2.64575512e-03,2.57169134e-03,2.48977137e-03,2.40162518e-03,2.30867990e-03,2.21218057e-03,2.11321429e-03,2.01273455e-03,1.91158380e-03,1.81051310e-03,1.71019824e-03,1.61125235e-03,1.51423530e-03,1.41966027e-03,1.32799818e-03,1.23968041e-03,1.15510048e-03,1.07461510e-03,9.98544934e-04,9.27175486e-04,8.60758178e-04,7.99511898e-04,7.43625014e-04,6.93257921e-04,6.48546123e-04,6.09603812e-04,5.76527928e-04,5.49402624e-04,5.28304098e-04,5.13305700e-04,5.04483239e-04,5.01920371e-04,5.05713926e-04,5.15978989e-04,5.32853484e-04,5.56501958e-04,5.87118163e-04,6.24925959e-04,6.70177959e-04,7.23151254e-04,7.84139449e-04,8.53440226e-04,9.31337591e-04,1.01807802e-03,1.11383984e-03,1.21869537e-03,1.33256568e-03,1.45516843e-03,1.58595958e-03,1.72407089e-03,1.86824585e-03,2.01677781e-03,2.16745513e-03,2.31751940e-03,2.46364372e-03,2.60193874e-03,2.72799462e-03,2.83696672e-03,2.92371184e-03,2.98298002e-03,3.00966354e-03,2.99910110e-03,2.94742942e-03,2.85196876e-03,2.71162211e-03,2.52726092e-03,2.30206481e-03,2.04177819e-03,1.75484530e-03,1.45238801e-03,1.14799743e-03,8.57324095e-04,5.97470265e-04,3.86213002e-04,2.41116994e-04,1.78628905e-04,2.13278411e-04,3.57140480e-04,6.19734496e-04,1.00854320e-03,1.53032300e-03,2.19334255e-03,3.01062522e-03,4.00418272e-03,5.21011305e-03,6.68430261e-03,8.50832777e-03,1.07950103e-02,1.36929579e-02,1.73893365e-02,2.21100899e-02,2.81168653e-02,3.57000300e-02,4.51673810e-02,5.68284531e-02,7.09747102e-02,8.78563317e-02,1.07656750e-01,1.30466512e-01,1.56258385e-01,1.84865849e-01,2.15967185e-01,2.49077238e-01,2.83548605e-01,3.18583449e-01,3.53256440e-01,3.86548480e-01,4.17389949e-01,4.44711353e-01,4.67498445e-01,4.84848303e-01,4.96022523e-01,5.00493636e-01,4.97981162e-01,4.88474345e-01
5040,frozen,7.15985923e-01,7.14959427e-01,7.03619221e-01,6.82376750e-01,6.52014724e-01,6.13643940e-01,5.68642288e-01,5.18580268e-01,4.65138248e-01,4.10021090e-01,3.54875785e-01,3.01217212e-01,2.50366326e-01,2.03403882e-01,1.61141494e-01,1.24110455e-01,9.25674393e-02,6.65150661e-02,4.57344678e-02,2.98264302e-02,1.82574506e-02,1.04071372e-02,5.61372460e-03,3.21503697e-03,2.58291970e-03,3.14991272e-03,4.42767468e-03,6.01733298e-03,7.61248267e-03,8.99596053e-03,1.00317695e-02,1.06536270e-02,1.08515783e-02,1.06579763e-02,1.01339179e-02,9.35696812e-03,8.41073772e-03,7.37661927e-03,6.32776257e-03,5.32518562e-03,4.41578283e-03,3.63190693e-03,2.99216063e-03,2.50303237e-03,2.16103724e-03,1.95507181e-03,1.86875004e-03,1.88254926e-03,1.97565513e-03,2.12744703e-03,2.31860898e-03,2.53188388e-03,2.75251153e-03,2.96840378e-03,3.17011555e-03,3.35066909e-03,3.50528393e-03,3.63105678e-03,3.72662665e-03,3.79185106e-03,3.82751086e-03,3.83505366e-03,3.81638016e-03,3.77367305e-03,3.70926536e-03,3.62554310e-03,3.52487654e-03,3.40957401e-03,3.28185277e-03,3.14382216e-03,2.99747513e-03,2.84468494e-03,2.68720504e-03,2.52667039e-03,2.36459939e-03,2.20239598e-03,2.04135156e-03,1.88264688e-03,1.72735390e-03,1.57643785e-03,1.43075961e-03,1.29107844e-03,1.15805523e-03,1.03225617e-03,9.14156815e-04,8.04146492e-04,7.02532867e-04,6.09546589e-04,5.25345851e-04,4.50020755e-04,3.83597371e-04,3.26041401e-04,2.77261422e-04,2.37111670e-04,2.05394396e-04,1.81861855e-04,1.66218010e-04,1.58120066e-04,1.57179980e-04,1.62966103e-04,1.75005103e-04,1.92784334e-04,2.15754776e-04,2.43334658e-04,2.74913807e-04,3.09858733e-04,3.47518358e-04,3.87230250e-04,4.28327116e-04,4.70143249e-04,5.12020566e-04,5.53313827e-04,5.93394670e-04,6.31654132e-04,6.67503469e-04,7.00373316e-04,7.29711484e-04,7.54980077e-04,7.75653014e-04,7.91215472e-04,8.01167185e-04,8.05031851e-04,8.02375050e-04,7.92832990e-04,7.76153959e-04,7.52253531e-04,7.21283288e-04,6.83711079e-04,6.40408762e-04,5.92741044e-04,5.42646778e-04,4.92702266e-04,4.46155138e-04,4.06917887e-04,3.79512593e-04,3.68963377e-04,3.80640955e-04,4.20074548e-04,4.92759985e-04,6.04008414e-04,7.58896282e-04,9.62392196e-04,1.21974740e-03,1.53724093e-03,1.92336494e-03,2.39051674e-03,2.95723025e-03,3.65092820e-03,4.51110909e-03,5.59280157e-03,6.97002859e-03,8.73893244e-03,1.10201298e-02,1.39598049e-02,1.77290230e-02,2.25207665e-02,2.85442730e-02,3.60163988e-02,4.51499324e-02,5.61390514e-02,6.91424158e-02,8.42647226e-02,1.01537857e-01,1.20903052e-01,1.42195642e-01,1.65134099e-01,1.89314927e-01,2.14214785e-01,2.39200817e-01,2.63549582e-01,2.86474385e-01,3.07160009e-01,3.24803197e-01,3.38656523e-01,3.48072811e-01,3.52546947e-01,3.51751859e-01,3.45565692e-01,3.34087697e-01,3.17641091e-01,2.96762130e-01
5041,frozen,5.89163320e-01,5.90497301e-01,5.84760507e-01,5.72122867e-01,5.52971837e-01,5.27894472e-01,4.97650254e-01,4.63136327e-01,4.25347212e-01,3.85331347e-01,3.44146932e-01,3.02819482e-01,2.62303298e-01,2.23448700e-01,1.86976411e-01,1.53459969e-01,1.23316491e-01,9.68055996e-02,7.40358393e-02,5.49775302e-02,3.94807233e-02,2.72967537e-02,1.81018322e-02,1.15211758e-02,7.15231869e-03,4.58646505e-03,3.42700593e-03,3.30461025e-03,3.88858382e-03,4.89445561e-03,6.08797942e-03,7.28592153e-03,8.35413506e-03,9.20349944e-03,9.78433074e-03,1.00798531e-02,1.00992709e-02,9.87090506e-03,9.43576600e-03,8.84183763e-03,8.13924947e-03,7.37642622e-03,6.59722659e-03,5.83902162e-03,5.13161666e-03,4.49689146e-03,3.94901666e-03,3.49510187e-03,3.13613716e-03,2.86810319e-03,2.68314410e-03,2.57071769e-03,2.51865912e-03,2.51411451e-03,2.54431888e-03,2.59720852e-03,2.66186997e-03,2.72883710e-03,2.79025382e-03,2.83992374e-03,2.87326939e-03,2.88722344e-03,2.88007266e-03,2.85127320e-03,2.80125262e-03,2.73121138e-03,2.64293322e-03,2.53861136e-03,2.42069478e-03,2.29175694e-03,2.15438763e-03,2.01110719e-03,1.86430181e-03,1.71617755e-03,1.56873075e-03,1.42373223e-03,1.28272263e-03,1.14701664e-03,1.01771367e-03,8.95713270e-04,7.81733449e-04,6.76330615e-04,5.79919945e-04,4.92795335e-04,4.15148221e-04,3.47084778e-04,2.88641131e-04,2.39796341e-04,2.00482988e-04,1.70595303e-04,1.49994773e-04,1.38513243e-04,1.35953551e-04,1.42087722e-04,1.56652840e-04,1.79344676e-04,2.09809248e-04,2.47632512e-04,2.92328464e-04,3.43326037e-04,3.99955280e-04,4.61433480e-04,5.26852024e-04,5.95165056e-04,6.65181152e-04,7.35559529e-04,8.04812534e-04,8.71316409e-04,9.33332558e-04,9.89041709e-04,1.03659344e-03,1.07417353e-03,1.10009144e-03,1.11288966e-03,1.11147635e-03,1.09528142e-03,1.06443500e-03,1.01996591e-03,9.64015294e-04,9.00058527e-04,8.33125846e-04,7.70009245e-04,7.19440361e-04,6.92221375e-04,7.01288604e-04,7.61686934e-04,8.90432658e-04,1.10624325e-03,1.42911528e-03,1.87973658e-03,2.47872601e-03,3.24570385e-03,4.19820843e-03,5.35048870e-03,6.71221879e-03,8.28719779e-03,1.00721141e-02,1.20554694e-02,1.42167674e-02,1.65260806e-02,1.89441051e-02,2.14228057e-02,2.39067319e-02,2.63350561e-02,2.86443427e-02,3.07720061e-02,3.26603563e-02,3.42610677e-02,3.55398448e-02,3.64809976e-02,3.70915994e-02,3.74048642e-02,3.74823823e-02,3.74148703e-02,3.73211502e-02,3.73451520e-02,3.76508557e-02,3.84152205e-02,3.98193106e-02,4.20379838e-02,4.52286623e-02,4.95198387e-02,5.50000634e-02,6.17082082e-02,6.96257916e-02,7.86720770e-02,8.87025200e-02,9.95109460e-02,1.10835600e-01,1.22368940e-01,1.33770758e-01,1.44683969e-01,1.54752141e-01,1.63637712e-01,1.71039710e-01,1.76709800e-01,1.80465583e-01,1.82200194e-01,1.81887569e-01,1.79582977e-01,1.75418815e-01
5042,frozen,6.57958817e-01,6.58100113e-01,6.50008395e-01,6.33933524e-01,6.10388943e-01,5.80126660e-01,5.44100667e-01,5.03421117e-01,4.59302138e-01,4.13006494e-01,3.65790373e-01,3.18851439e-01,2.73282940e-01,2.30036083e-01,1.89892251e-01,1.53445886e-01,1.21098129e-01,9.30606347e-02,6.93683492e-02,4.98996493e-02,3.44018909e-02,2.25203179e-02,1.38282952e-02,7.85699282e-03,4.12292093e-03,2.15206042e-03,1.49971901e-03,1.76563510e-03,2.60421870e-03,3.73013945e-03,4.91972773e-03,6.00883916e-03,6.88794183e-03,7.49522573e-03,7.80851212e-03,7.83667128e-03,7.61115222e-03,7.17810310e-03,6.59142780e-03,5.90699467e-03,5.17809550e-03,4.45215296e-03,3.76859611e-03,3.15776718e-03,2.64068812e-03,2.22949969e-03,1.92838637e-03,1.73481291e-03,1.64091968e-03,1.63495046e-03,1.70261458e-03,1.82831321e-03,1.99618554e-03,2.19095275e-03,2.39855562e-03,2.60659583e-03,2.80460043e-03,2.98413490e-03,3.13879330e-03,3.26409394e-03,3.35730788e-03,3.41724421e-03,3.44401299e-03,3.43878261e-03,3.40354435e-03,3.34089366e-03,3.25383422e-03,3.14560815e-03,3.01955382e-03,2.87899075e-03,2.72713010e-03,2.56700827e-03,2.40144101e-03,2.23299470e-03,2.06397210e-03,1.89640953e-03,1.73208290e-03,1.57252037e-03,1.41901951e-03,1.27266746e-03,1.13436259e-03,1.00483670e-03,8.84676767e-04,7.74345829e-04,6.74202290e-04,5.84517499e-04,5.05491307e-04,4.37265466e-04,3.79934776e-04,3.33555940e-04,2.98154075e-04,2.73726866e-04,2.60246348e-04,2.57658276e-04,2.65879084e-04,2.84790396e-04,3.14231091e-04,3.53986932e-04,4.03777804e-04,4.63242686e-04,5.31922522e-04,6.09241310e-04,6.94485833e-04,7.86784669e-04,8.85087285e-04,9.88144326e-04,1.09449044e-03,1.20243134e-03,1.31003707e-03,1.41514391e-03,1.51536734e-03,1.60812922e-03,1.69070193e-03,1.76027272e-03,1.81403091e-03,1.84928049e-03,1.86357962e-03,1.85490760e-03,1.82185825e-03,1.76385666e-03,1.68139398e-03,1.57627188e-03,1.45184550e-03,1.31325030e-03,1.16759501e-03,1.02410019e-03,8.94159868e-04,7.91302588e-04,7.31029036e-04,7.30506159e-04,8.08102775e-04,9.82759793e-04,1.27319911e-03,1.69698914e-03,2.26950143e-03,3.00281087e-03,3.90461121e-03,4.97723528e-03,6.21688502e-03,7.61318625e-03,9.14918661e-03,1.08019080e-02,1.25435470e-02,1.43433854e-02,1.61704282e-02,1.79967297e-02,1.98012991e-02,2.15744059e-02,2.33220235e-02,2.50700871e-02,2.68681764e-02,2.87922056e-02,3.09456901e-02,3.34591942e-02,3.64876314e-02,4.02052003e-02,4.47978946e-02,5.04537035e-02,5.73508291e-02,6.56444568e-02,7.54528121e-02,8.68434068e-02,9.98204884e-02,1.14314754e-01,1.30176348e-01,1.47172034e-01,1.64987214e-01,1.83233163e-01,2.01459505e-01,2.19171524e-01,2.35851559e-01,2.50983310e-01,2.64077623e-01,2.74698111e-01,2.82484877e-01,2.87174687e-01,2.88616114e-01,2.86778524e-01,2.81754166e-01,2.73753171e-01,2.63091725e-01
5043,frozen,6.95496609e-01,6.95136491e-01,6.85698622e-01,6.67507978e-01,6.41186394e-01,6.07620609e-01,5.67917358e-01,5.23348437e-01,4.75289299e-01,4.25154996e-01,3.74337337e-01,3.24146846e-01,2.75762604e-01,2.30192360e-01,1.88244457e-01,1.50512265e-01,1.17370919e-01,8.89854158e-02,6.53284721e-02,4.62060750e-02,3.12884038e-02,2.01437012e-02,1.22727863e-02,7.14213896e-03,4.21385455e-03,2.97119133e-03,2.93889990e-03,3.69797121e-03,4.89485071e-03,6.24550865e-03,7.53501865e-03,8.61347021e-03,9.38912922e-03,9.81976993e-03,9.90304742e-03,9.66667492e-03,9.15903398e-03,8.44069249e-03,7.57715040e-03,6.63298811e-03,5.66746492e-03,4.73151226e-03,3.86598825e-03,3.10100972e-03,2.45614963e-03,1.94128171e-03,1.55786317e-03,1.30046801e-03,1.15841217e-03,1.11734460e-03,1.16071128e-03,1.27103053e-03,1.43094532e-03,1.62404113e-03,1.83543594e-03,2.05216141e-03,2.26336262e-03,2.46034826e-03,2.63652388e-03,2.78723990e-03,2.90958279e-03,3.00213405e-03,3.06471718e-03,3.09814814e-03,3.10400082e-03,3.08439503e-03,3.04181151e-03,2.97893581e-03,2.89853080e-03,2.80333641e-03,2.69599394e-03,2.57899209e-03,2.45463128e-03,2.32500311e-03,2.19198188e-03,2.05722548e-03,1.92218302e-03,1.78810735e-03,1.65607075e-03,1.52698224e-03,1.40160573e-03,1.28057800e-03,1.16442602e-03,1.05358325e-03,9.48404463e-04,8.49179174e-04,7.56143385e-04,6.69489668e-04,5.89375560e-04,5.15930250e-04,4.49259551e-04,3.89449143e-04,3.36566060e-04,2.90658408e-04,2.51753259e-04,2.19852714e-04,1.94928136e-04,1.76912562e-04,1.65691418e-04,1.61091698e-04,1.62869915e-04,1.70699299e-04,1.84156888e-04,2.02711442e-04,2.25713379e-04,2.52388285e-04,2.81835929e-04,3.13037116e-04,3.44871128e-04,3.76146906e-04,4.05651480e-04,4.32219383e-04,4.54826895e-04,4.72714845e-04,4.85543267e-04,4.93580436e-04,4.97927573e-04,5.00778783e-04,5.05713468e-04,5.18015617e-04,5.45010874e-04,5.96408425e-04,6.84630423e-04,8.25107291e-04,1.03651306e-03,1.34091120e-03,1.76377895e-03,2.33387687e-03,3.08293187e-03,4.04510528e-03,5.25622497e-03,6.75277045e-03,8.57061417e-03,1.07435395e-02,1.33015761e-02,1.62692146e-02,1.96635866e-02,2.34927145e-02,2.77539551e-02,3.24327700e-02,3.75019605e-02,4.29214944e-02,4.86390322e-02,5.45912270e-02,6.07058226e-02,6.69045191e-02,7.31065029e-02,7.92324714e-02,8.52089115e-02,9.09723297e-02,9.64730922e-02,1.01678510e-01,1.06574816e-01,1.11167739e-01,1.15481423e-01,1.19555625e-01,1.23441177e-01,1.27193953e-01,1.30867669e-01,1.34506052e-01,1.38135013e-01,1.41755552e-01,1.45338138e-01,1.48819267e-01,1.52100775e-01,1.55052300e-01,1.57517027e-01,1.59320589e-01,1.60282656e-01,1.60230497e-01,1.59013514e-01,1.56517615e-01,1.52678173e-01,1.47490385e-01,1.41015961e-01,1.33385342e-01,1.24794986e-01,1.15499648e-01,1.05800022e-01,9.60265111e-02,8.65202525e-02
5044,frozen,7.07100191e-01,7.05534764e-01,6.95039786e-01,6.75938141e-01,6.48837933e-01,6.14603275e-01,5.74312650e-01,5.29207465e-01,4.80633993e-01,4.29982245e-01,3.78625378e-01,3.27863079e-01,2.78871935e-01,2.32665198e-01,1.90063608e-01,1.51678110e-01,1.17904519e-01,8.89293837e-02,6.47456980e-02,4.51765839e-02,2.99047738e-02,1.85055725e-02,1.04810218e-02,5.29318126e-03,2.39474998e-03,1.25564839e-03,1.38461739e-03,2.34533626e-03,3.76697593e-03,5.34946560e-03,6.86403847e-03,8.14982743e-03,9.10740123e-03,9.69017167e-03,9.89457228e-03,9.74982372e-03,9.30797625e-03,8.63477075e-03,7.80170340e-03,6.87952593e-03,5.93327581e-03,5.01881352e-03,4.18075329e-03,3.45160856e-03,2.85193479e-03,2.39123593e-03,2.06940408e-03,1.87847933e-03,1.80454468e-03,1.82960469e-03,1.93333248e-03,2.09460472e-03,2.29277653e-03,2.50867593e-03,2.72531958e-03,2.92836880e-03,3.10635604e-03,3.25071904e-03,3.35568273e-03,3.41802819e-03,3.43678582e-03,3.41288499e-03,3.34878766e-03,3.24812759e-03,3.11537163e-03,2.95551436e-03,2.77381291e-03,2.57556541e-03,2.36593311e-03,2.14980452e-03,1.93169797e-03,1.71569813e-03,1.50542181e-03,1.30400766e-03,1.11412516e-03,9.37998235e-04,7.77439434e-04,6.33891223e-04,5.08471358e-04,4.02019968e-04,3.15146422e-04,2.48274525e-04,2.01684956e-04,1.75554212e-04,1.69989554e-04,1.85059662e-04,2.20820861e-04,2.77338844e-04,3.54705915e-04,4.53053766e-04,5.72561819e-04,7.13461127e-04,8.76033798e-04,1.06060786e-03,1.26754745e-03,1.49723817e-03,1.75006736e-03,2.02639924e-03,2.32654460e-03,2.65072504e-03,2.99903175e-03,3.37137901e-03,3.76745284e-03,4.18665557e-03,4.62804745e-03,5.09028692e-03,5.57157182e-03,6.06958451e-03,6.58144431e-03,7.10367209e-03,7.63217197e-03,8.16223643e-03,8.68858156e-03,9.20541971e-03,9.70657725e-03,1.01856647e-02,1.06363063e-02,1.10524335e-02,1.14286477e-02,1.17606501e-02,1.20457366e-02,1.22833490e-02,1.24756667e-02,1.26282185e-02,1.27504850e-02,1.28564535e-02,1.29650834e-02,1.31006291e-02,1.32927642e-02,1.35764506e-02,1.39914930e-02,1.45817285e-02,1.53938101e-02,1.64755591e-02,1.78738873e-02,1.96323136e-02,2.17881387e-02,2.43693758e-02,2.73915771e-02,3.08547311e-02,3.47404429e-02,3.90096317e-02,4.36009935e-02,4.84304729e-02,5.33919651e-02,5.83594208e-02,6.31904627e-02,6.77315295e-02,7.18244570e-02,7.53142878e-02,7.80579760e-02,7.99335367e-02,8.08490904e-02,8.07511804e-02,7.96317096e-02,7.75328600e-02,7.45494277e-02,7.08281330e-02,6.65636430e-02,6.19912625e-02,5.73765000e-02,5.30019693e-02,4.91523367e-02,4.60982270e-02,4.40801568e-02,4.32936319e-02,4.38765312e-02,4.58997850e-02,4.93621489e-02,5.41895878e-02,6.02394422e-02,6.73091703e-02,7.51490902e-02,8.34782090e-02,9.20019633e-02,1.00430523e-01,1.08496260e-01,1.15969049e-01,1.22668260e-01,1.28470567e-01,1.33313106e-01
5045,frozen,7.32827997e-01,7.31165311e-01,7.20940922e-01,7.02453053e-01,6.76254375e-01,6.43127001e-01,6.04047078e-01,5.60141069e-01,5.12636283e-01,4.62808503e-01,4.11929633e-01,3.61218173e-01,3.11795012e-01,2.64646618e-01,2.20597080e-01,1.80289879e-01,1.44179600e-01,1.12533176e-01,8.54397600e-02,6.28278335e-02,4.44879302e-02,3.00991305e-02,1.92574964e-02,1.15046954e-02,6.35526744e-03,3.32126089e-03,1.93329108e-03,1.75741234e-03,2.40753141e-03,3.55339247e-03,4.92442131e-03,6.30991485e-03,7.55619846e-03,8.56144733e-03,9.26888476e-03,9.65903891e-03,9.74166914e-03,9.54787756e-03,9.12281018e-03,8.51923651e-03,7.79218549e-03,6.99471511e-03,6.17480888e-03,5.37332555e-03,4.62288120e-03,3.94751325e-03,3.36296236e-03,2.87740870e-03,2.49250894e-03,2.20459876e-03,2.00594734e-03,1.88597481e-03,1.83236749e-03,1.83204792e-03,1.87197629e-03,1.93977592e-03,2.02418808e-03,2.11537018e-03,2.20505766e-03,2.28661249e-03,2.35498248e-03,2.40659447e-03,2.43920265e-03,2.45171023e-03,2.44397992e-03,2.41664497e-03,2.37092999e-03,2.30848741e-03,2.23125369e-03,2.14132687e-03,2.04086584e-03,1.93201052e-03,1.81682113e-03,1.69723475e-03,1.57503638e-03,1.45184247e-03,1.32909428e-03,1.20805906e-03,1.08983704e-03,9.75372541e-04,8.65467854e-04,7.60798645e-04,6.61930013e-04,5.69332465e-04,4.83397271e-04,4.04450796e-04,3.32767552e-04,2.68581767e-04,2.12097367e-04,1.63496298e-04,1.22945131e-04,9.05999598e-05,6.66095299e-05,5.11166134e-05,4.42575831e-05,4.61601611e-05,5.69393028e-05,7.66911737e-05,1.05485188e-04,1.43354085e-04,1.90282056e-04,2.46190963e-04,3.10924764e-04,3.84232327e-04,4.65748930e-04,5.54976847e-04,6.51265588e-04,7.53792523e-04,8.61544784e-04,9.73303580e-04,1.08763220e-03,1.20286925e-03,1.31712868e-03,1.42830851e-03,1.53410995e-03,1.63206875e-03,1.71960036e-03,1.79406018e-03,1.85281966e-03,1.89335851e-03,1.91337218e-03,1.91089286e-03,1.88442133e-03,1.83306520e-03,1.75667856e-03,1.65599630e-03,1.53275613e-03,1.38980041e-03,1.23115074e-03,1.06204873e-03,8.88958967e-04,7.19533068e-04,5.62537983e-04,4.27757343e-04,3.25880732e-04,2.68402697e-04,2.67560085e-04,3.36342426e-04,4.88614507e-04,7.39392126e-04,1.10531011e-03,1.60531502e-03,2.26160271e-03,3.10080240e-03,4.15538428e-03,5.46523703e-03,7.07932700e-03,9.05731309e-03,1.14709550e-02,1.44051195e-02,1.79581663e-02,2.22414827e-02,2.73779431e-02,3.34990983e-02,4.07409472e-02,4.92382246e-02,5.91172319e-02,7.04873622e-02,8.34315990e-02,9.79964072e-02,1.14181561e-01,1.31930565e-01,1.51122405e-01,1.71565383e-01,1.92993793e-01,2.15068079e-01,2.37378992e-01,2.59456044e-01,2.80780289e-01,3.00801194e-01,3.18957008e-01,3.34697788e-01,3.47509930e-01,3.56940877e-01,3.62622536e-01,3.64291928e-01,3.61807657e-01,3.55161003e-01,3.44480725e-01,3.30031033e-01,3.12202627e-01
5046,frozen,7.65987226e-01,7.64706973e-01,7.53721955e-01,7.33381765e-01,7.04349023e-01,6.67566571e-01,6.24210868e-01,5.75634577e-01,5.23302038e-01,4.68721635e-01,4.13379151e-01,3.58675964e-01,3.05875414e-01,2.56059941e-01,2.10100738e-01,1.68640708e-01,1.32090573e-01,1.00637169e-01,7.42622283e-02,5.27694548e-02,3.58173758e-02,2.29553741e-02,1.36603984e-02,7.37211722e-03,3.52468251e-03,1.57373529e-03,1.01779653e-03,1.41367784e-03,2.38599383e-03,3.63122914e-03,4.91709218e-03,6.07806818e-03,7.00816878e-03,7.65187376e-03,7.99418841e-03,8.05061588e-03,7.85768690e-03,7.46451764e-03,6.92569693e-03,6.29564815e-03,5.62447881e-03,4.95522674e-03,4.32233752e-03,3.75116305e-03,3.25825180e-03,2.85220317e-03,2.53487688e-03,2.30277691e-03,2.14846435e-03,2.06189021e-03,2.03157411e-03,2.04558601e-03,2.09231436e-03,2.16102383e-03,2.24222050e-03,2.32785128e-03,2.41136872e-03,2.48769347e-03,2.55310461e-03,2.60508473e-03,2.64214193e-03,2.66362635e-03,2.66955383e-03,2.66044515e-03,2.63718594e-03,2.60090906e-03,2.55289958e-03,2.49452056e-03,2.42715749e-03,2.35217815e-03,2.27090526e-03,2.18459892e-03,2.09444632e-03,2.00155681e-03,1.90696043e-03,1.81160868e-03,1.71637661e-03,1.62206549e-03,1.52940576e-03,1.43905987e-03,1.35162508e-03,1.26763597e-03,1.18756694e-03,1.11183450e-03,1.04079959e-03,9.74769855e-04,9.14001988e-04,8.58704087e-04,8.09038118e-04,7.65122403e-04,7.27034168e-04,6.94812091e-04,6.68458848e-04,6.47943610e-04,6.33204444e-04,6.24150582e-04,6.20664495e-04,6.22603689e-04,6.29802155e-04,6.42071350e-04,6.59200571e-04,6.80956574e-04,7.07082253e-04,7.37294159e-04,7.71278670e-04,8.08686574e-04,8.49125907e-04,8.92152910e-04,9.37261097e-04,9.83868569e-04,1.03130393e-03,1.07879143e-03,1.12543635e-03,1.17021206e-03,1.21195056e-03,1.24933899e-03,1.28092510e-03,1.30513483e-03,1.32030596e-03,1.32474159e-03,1.31678707e-03,1.29493357e-03,1.25795026e-03,1.20504524e-03,1.13605315e-03,1.05164391e-03,9.53543458e-04,8.44752552e-04,7.29745085e-04,6.14622507e-04,5.07196547e-04,4.16969349e-04,3.54978844e-04,3.33478680e-04,3.65427078e-04,4.63768384e-04,6.40505391e-04,9.05579904e-04,1.26560333e-03,1.72250746e-03,2.27221620e-03,2.90347037e-03,3.59696499e-03,4.32498020e-03,5.05169698e-03,5.73438366e-03,6.32561516e-03,6.77664022e-03,7.04194135e-03,7.08493846e-03,6.88467259e-03,6.44317757e-03,5.79311291e-03,5.00510328e-03,4.19412148e-03,3.52417884e-03,3.21056317e-03,3.51890371e-03,4.76045277e-03,7.28316054e-03,1.14583775e-02,1.76633399e-02,2.62599551e-02,3.75707849e-02,5.18534845e-02,6.92752677e-02,8.98891930e-02,1.13614164e-01,1.40220499e-01,1.69322727e-01,2.00380895e-01,2.32711182e-01,2.65505994e-01,2.97863016e-01,3.28822024e-01,3.57407568e-01,3.82675129e-01,4.03757940e-01,4.19911483e-01,4.30552732e-01,4.35291474e-01
5047,frozen,7.28595720e-01,7.28739144e-01,7.19803548e-01,7.02070020e-01,6.76107266e-01,6.42744150e-01,6.03029777e-01,5.58183604e-01,5.09538690e-01,4.58481501e-01,4.06391811e-01,3.54586093e-01,3.04267389e-01,2.56484081e-01,2.12099297e-01,1.71771861e-01,1.35948944e-01,1.04869794e-01,7.85793105e-02,5.69497107e-02,3.97082230e-02,2.64685678e-02,1.67640165e-02,1.00799726e-02,5.88430965e-03,3.65406451e-03,2.89750572e-03,3.17101934e-03,4.09066172e-03,5.33858230e-03,6.66480758e-03,7.88508647e-03,8.87562489e-03,9.56558813e-03,9.92823192e-03,9.97145055e-03,9.72841803e-03,9.24886111e-03,8.59135605e-03,7.81689622e-03,6.98384540e-03,6.14427891e-03,5.34162505e-03,4.60945516e-03,3.97123048e-03,3.44079542e-03,3.02340725e-03,2.71710622e-03,2.51425430e-03,2.40310086e-03,2.36926610e-03,2.39706505e-03,2.47062422e-03,2.57476865e-03,2.69567733e-03,2.82132085e-03,2.94170532e-03,3.04895355e-03,3.13725667e-03,3.20272935e-03,3.24319955e-03,3.25795981e-03,3.24750276e-03,3.21325877e-03,3.15734891e-03,3.08236231e-03,2.99116328e-03,2.88673046e-03,2.77202823e-03,2.64990831e-03,2.52303912e-03,2.39385894e-03,2.26454932e-03,2.13702479e-03,2.01293524e-03,1.89367771e-03,1.78041474e-03,1.67409689e-03,1.57548747e-03,1.48518790e-03,1.40366268e-03,1.33126299e-03,1.26824850e-03,1.21480690e-03,1.17107106e-03,1.13713370e-03,1.11305954e-03,1.09889509e-03,1.09467592e-03,1.10043171e-03,1.11618893e-03,1.14197123e-03,1.17779750e-03,1.22367751e-03,1.27960503e-03,1.34554826e-03,1.42143750e-03,1.50714969e-03,1.60248999e-03,1.70716988e-03,1.82078216e-03,1.94277261e-03,2.07240876e-03,2.20874619e-03,2.35059317e-03,2.49647464e-03,2.64459744e-03,2.79281844e-03,2.93861865e-03,3.07908634e-03,3.21091323e-03,3.33040826e-03,3.43353424e-03,3.51597277e-03,3.57322347e-03,3.60074317e-03,3.59413035e-03,3.54935906e-03,3.46306492e-03,3.33288321e-03,3.15783598e-03,2.93876068e-03,2.67876785e-03,2.38370966e-03,2.06263431e-03,1.72819488e-03,1.39697433e-03,1.08968277e-03,8.31178383e-04,6.50261539e-04,5.79192573e-04,6.52888756e-04,9.07766199e-04,1.38020798e-03,2.10466142e-03,3.11139485e-03,4.42397709e-03,6.05657966e-03,8.01124030e-03,1.02752651e-02,1.28189801e-02,1.55940690e-02,1.85327489e-02,2.15480301e-02,2.45352853e-02,2.73753063e-02,2.99389529e-02,3.20934066e-02,3.37099215e-02,3.46728328e-02,3.48894446e-02,3.43002772e-02,3.28890329e-02,3.06915454e-02,2.78029230e-02,2.43820983e-02,2.06530607e-02,1.69021789e-02,1.34712195e-02,1.07459280e-02,9.14034067e-03,9.07733349e-03,1.09662457e-02,1.51787262e-02,2.20242045e-02,3.17265598e-02,4.44036243e-02,6.00510999e-02,7.85322835e-02,9.95746836e-02,1.22774197e-01,1.47607020e-01,1.73448930e-01,1.99601033e-01,2.25320593e-01,2.49855140e-01,2.72477783e-01,2.92521545e-01,3.09410546e-01,3.22686102e-01,3.32026142e-01
5048,frozen,8.60058343e-01,8.59246466e-01,8.45598428e-01,8.19669277e-01,7.82485182e-01,7.35482595e-01,6.80425186e-01,6.19304744e-01,5.54233204e-01,4.87333313e-01,4.20635172e-01,3.55985062e-01,2.94971635e-01,2.38872944e-01,1.88625976e-01,1.44818619e-01,1.07702344e-01,7.72225915e-02,5.30628924e-02,3.46982278e-02,2.14530007e-02,1.25592672e-02,7.21142474e-03,4.61435132e-03,4.02288848e-03,4.77150626e-03,6.29386889e-03,8.13278741e-03,9.94164700e-03,1.14788118e-02,1.25967357e-02,1.32275605e-02,1.33668842e-02,1.30571807e-02,1.23720677e-02,1.14023083e-02,1.02441136e-02,8.99002165e-03,7.72237679e-03,6.50923898e-03,5.40241500e-03,4.43722042e-03,3.63354963e-03,2.99783930e-03,2.52554891e-03,2.20383936e-03,2.01419890e-03,1.93483509e-03,1.94271703e-03,2.01520926e-03,2.13128532e-03,2.27234347e-03,2.42267076e-03,2.56961502e-03,2.70352973e-03,2.81755496e-03,2.90729255e-03,2.97042451e-03,3.00631426e-03,3.01562044e-03,2.99994347e-03,2.96151736e-03,2.90295246e-03,2.82702991e-03,2.73654491e-03,2.63419366e-03,2.52249751e-03,2.40375750e-03,2.28003261e-03,2.15313575e-03,2.02464203e-03,1.89590518e-03,1.76807851e-03,1.64213795e-03,1.51890523e-03,1.39906998e-03,1.28321013e-03,1.17181006e-03,1.06527656e-03,9.63952614e-04,8.68129281e-04,7.78055815e-04,6.93948436e-04,6.15997928e-04,5.44376366e-04,4.79243142e-04,4.20750509e-04,3.69048745e-04,3.24291051e-04,2.86638245e-04,2.56263270e-04,2.33355513e-04,2.18124879e-04,2.10805542e-04,2.11659222e-04,2.20977836e-04,2.39085259e-04,2.66337921e-04,3.03123883e-04,3.49859971e-04,4.06986510e-04,4.74959131e-04,5.54237115e-04,6.45267723e-04,7.48466027e-04,8.64189822e-04,9.92709375e-04,1.13417201e-03,1.28856183e-03,1.45565536e-03,1.63497427e-03,1.82573711e-03,2.02681248e-03,2.23667686e-03,2.45338070e-03,2.67452726e-03,2.89726851e-03,3.11832289e-03,3.33401869e-03,3.54036641e-03,3.73316145e-03,3.90811639e-03,4.06101932e-03,4.18791119e-03,4.28527148e-03,4.35019811e-03,4.38056432e-03,4.37513347e-03,4.33361285e-03,4.25663026e-03,4.14562326e-03,4.00264084e-03,3.83007164e-03,3.63033054e-03,3.40555708e-03,3.15740182e-03,2.88699906e-03,2.59524302e-03,2.28349569e-03,1.95485404e-03,1.61608843e-03,1.28032829e-03,9.70514169e-04,7.23555105e-04,5.95030429e-04,6.64158743e-04,1.03863417e-03,1.85881135e-03,3.30062165e-03,5.57653975e-03,8.93390926e-03,1.36499935e-02,2.00232542e-02,2.83605833e-02,3.89605128e-02,5.20928019e-02,6.79752103e-02,8.67486941e-02,1.08452651e-01,1.33002154e-01,1.60169305e-01,1.89570847e-01,2.20664015e-01,2.52752204e-01,2.85001441e-01,3.16467882e-01,3.46135682e-01,3.72963631e-01,3.95938059e-01,4.14128771e-01,4.26744195e-01,4.33181713e-01,4.33069204e-01,4.26294309e-01,4.13018697e-01,3.93675716e-01,3.68951042e-01,3.39747330e-01,3.07135145e-01,2.72293606e-01,2.36444996e-01
5049,frozen,6.68868433e-01,6.68886949e-01,6.61074997e-01,6.45662265e-01,6.23112742e-01,5.94103678e-01,5.59494874e-01,5.20290105e-01,4.77592935e-01,4.32559465e-01,3.86350643e-01,3.40086707e-01,2.94806075e-01,2.51430614e-01,2.10738729e-01,1.73347153e-01,1.39701744e-01,1.10077024e-01,8.45837235e-02,6.31831609e-02,4.57070098e-02,3.18808306e-02,2.13496930e-02,1.37042816e-02,8.50603971e-03,5.31013833e-03,3.68534623e-03,3.23018089e-03,3.58502755e-03,4.44019586e-03,5.54012782e-03,6.68416398e-03,7.72441251e-03,8.56134631e-03,9.13778035e-03,9.43186301e-03,9.44965861e-03,9.21781571e-03,8.77671651e-03,8.17439709e-03,7.46142416e-03,6.68681902e-03,5.89503741e-03,5.12394826e-03,4.40370614e-03,3.75638063e-03,3.19619033e-03,2.73018608e-03,2.35923625e-03,2.07918201e-03,1.88205104e-03,1.75724060e-03,1.69260404e-03,1.67539654e-03,1.69305506e-03,1.73380387e-03,1.78708975e-03,1.84386032e-03,1.89670531e-03,1.93988392e-03,1.96926265e-03,1.98218723e-03,1.97731049e-03,1.95439529e-03,1.91410808e-03,1.85781590e-03,1.78739591e-03,1.70506382e-03,1.61322522e-03,1.51435127e-03,1.41087895e-03,1.30513468e-03,1.19927918e-03,1.09527107e-03,9.94846333e-04,8.99510818e-04,8.10542957e-04,7.29004200e-04,6.55754866e-04,5.91473477e-04,5.36677944e-04,4.91747266e-04,4.56942726e-04,4.32427766e-04,4.18285992e-04,4.14536873e-04,4.21148897e-04,4.38050007e-04,4.65135240e-04,5.02271539e-04,5.49299747e-04,6.06033804e-04,6.72257181e-04,7.47716610e-04,8.32113153e-04,9.25090683e-04,1.02622188e-03,1.13499188e-03,1.25077978e-03,1.37283828e-03,1.50027194e-03,1.63201446e-03,1.76680598e-03,1.90317113e-03,2.03939925e-03,2.17352831e-03,2.30333437e-03,2.42632881e-03,2.53976610e-03,2.64066473e-03,2.72584491e-03,2.79198602e-03,2.83570772e-03,2.85367769e-03,2.84274918e-03,2.80013054e-03,2.72358793e-03,2.61168076e-03,2.46402762e-03,2.28159759e-03,2.06701903e-03,1.82489417e-03,1.56210408e-03,1.28808418e-03,1.01504649e-03,7.58120902e-04,5.35384650e-04,3.67747058e-04,2.78656702e-04,2.93599927e-04,4.39364624e-04,7.43051358e-04,1.23082579e-03,1.92642206e-03,2.84942629e-03,4.01339207e-03,5.42386521e-03,7.07642105e-03,8.95484371e-03,1.10295991e-02,1.32567712e-02,1.55776395e-02,1.79190749e-02,2.01949133e-02,2.23084371e-02,2.41560447e-02,2.56321235e-02,2.66350611e-02,2.70742349e-02,2.68777221e-02,2.60003682e-02,2.44317578e-02,2.22035560e-02,1.93956322e-02,1.61403618e-02,1.26245266e-02,9.08830349e-03,5.82095333e-03,3.15298988e-03,1.44481843e-03,1.07207322e-03,2.40813834e-03,5.80458893e-03,1.15705177e-02,1.99518957e-02,3.11122362e-02,4.51158665e-02,6.19150628e-02,8.13421494e-02,1.03107423e-01,1.26803440e-01,1.51915814e-01,1.77840263e-01,2.03905204e-01,2.29398813e-01,2.53599124e-01,2.75805501e-01,2.95369688e-01,3.11724619e-01,3.24409320e-01,3.33088447e-01
5050,frozen,7.39499720e-01,7.39266397e-01,7.29124763e-01,7.09418866e-01,6.80827113e-01,6.44327251e-01,6.01146104e-01,5.52697454e-01,5.00512110e-01,4.46164680e-01,3.91201580e-01,3.37074542e-01,2.85083291e-01,2.36330233e-01,1.91689010e-01,1.51787705e-01,1.17006468e-01,8.74883563e-02,6.31614492e-02,4.37697254e-02,2.89098744e-02,1.80711419e-02,1.06754480e-02,6.11534324e-03,3.78782943e-03,3.12261480e-03,3.60394676e-03,4.78571706e-03,6.30002778e-03,7.85980926e-03,9.25637770e-03,1.03530035e-02,1.10756372e-02,1.14019180e-02,1.13494951e-02,1.09645360e-02,1.03111109e-02,9.46194237e-03,8.49081580e-03,7.46676890e-03,6.45003360e-03,5.48958880e-03,4.62210470e-03,3.87201454e-03,3.25243373e-03,2.76665482e-03,2.40997224e-03,2.17162848e-03,2.03671642e-03,1.98791727e-03,2.00699535e-03,2.07600843e-03,2.17822247e-03,2.29874328e-03,2.42489400e-03,2.54637713e-03,2.65526447e-03,2.74585875e-03,2.81446745e-03,2.85912475e-03,2.87929110e-03,2.87555360e-03,2.84934413e-03,2.80268628e-03,2.73797765e-03,2.65780982e-03,2.56482560e-03,2.46161098e-03,2.35061798e-03,2.23411372e-03,2.11415109e-03,1.99255637e-03,1.87092963e-03,1.75065424e-03,1.63291242e-03,1.51870440e-03,1.40886924e-03,1.30410588e-03,1.20499360e-03,1.11201094e-03,1.02555312e-03,9.45947402e-04,8.73466682e-04,8.08341214e-04,7.50768686e-04,7.00922793e-04,6.58960477e-04,6.25028008e-04,5.99266031e-04,5.81813723e-04,5.72812110e-04,5.72406633e-04,5.80748946e-04,5.97997953e-04,6.24320015e-04,6.59888248e-04,7.04880778e-04,7.59477797e-04,8.23857230e-04,8.98188782e-04,9.82626116e-04,1.07729691e-03,1.18229052e-03,1.29764295e-03,1.42331905e-03,1.55919161e-03,1.70501752e-03,1.86041090e-03,2.02481381e-03,2.19746487e-03,2.37736690e-03,2.56325478e-03,2.75356542e-03,2.94641180e-03,3.13956396e-03,3.33043995e-03,3.51611002e-03,3.69331789e-03,3.85852243e-03,4.00796312e-03,4.13775171e-03,4.24399144e-03,4.32292361e-03,4.37109875e-03,4.38556759e-03,4.36408339e-03,4.30530435e-03,4.20898162e-03,4.07611543e-03,3.90906045e-03,3.71156068e-03,3.48869587e-03,3.24672568e-03,2.99282452e-03,2.73471058e-03,2.48018602e-03,2.23662183e-03,2.01043946e-03,1.80666068e-03,1.62861526e-03,1.47791090e-03,1.35477798e-03,1.25890049e-03,1.19083153e-03,1.15406301e-03,1.15777498e-03,1.22022881e-03,1.37269184e-03,1.66369369e-03,2.16332064e-03,2.96716397e-03,4.19945936e-03,6.01490052e-03,8.59859063e-03,1.21636223e-02,1.69458583e-02,2.31956248e-02,3.11662281e-02,4.10994525e-02,5.32084876e-02,6.76590319e-02,8.45496184e-02,1.03892461e-01,1.25596310e-01,1.49452884e-01,1.75128430e-01,2.02161756e-01,2.29969808e-01,2.57861383e-01,2.85059030e-01,3.10728580e-01,3.34015089e-01,3.54083377e-01,3.70160848e-01,3.81579904e-01,3.87817098e-01,3.88526234e-01,3.83562900e-01,3.72998428e-01,3.57121959e-01,3.36430135e-01
5051,frozen,6.83055272e-01,6.84543335e-01,6.76874378e-01,6.60294500e-01,6.35360849e-01,6.02913847e-01,5.64034979e-01,5.19992900e-01,4.72181320e-01,4.22052614e-01,3.71051248e-01,3.20550975e-01,2.71799315e-01,2.25872174e-01,1.83640618e-01,1.45750877e-01,1.12617728e-01,8.44304787e-02,6.11700686e-02,4.26351520e-02,2.84747072e-02,1.82245100e-02,1.13448711e-02,7.25725335e-03,5.37775285e-03,5.14589266e-03,6.04769252e-03,7.63249680e-03,9.52352538e-03,1.14225263e-02,1.31092341e-02,1.44365605e-02,1.53225683e-02,1.57403042e-02,1.57065157e-02,1.52701607e-02,1.45014595e-02,1.34820592e-02,1.22966933e-02,1.10265424e-02,9.74434814e-03,8.51120537e-03,7.37486080e-03,6.36928701e-03,5.51526544e-03,4.82170656e-03,4.28744870e-03,3.90330535e-03,3.65416908e-03,3.52102180e-03,3.48274395e-03,3.51765457e-03,3.60474845e-03,3.72462503e-03,3.86012507e-03,3.99670570e-03,4.12259407e-03,4.22876313e-03,4.30877362e-03,4.35852312e-03,4.37593844e-03,4.36064155e-03,4.31361317e-03,4.23687192e-03,4.13318150e-03,4.00579338e-03,3.85822874e-03,3.69410009e-03,3.51697099e-03,3.33025051e-03,3.13711840e-03,2.94047632e-03,2.74292060e-03,2.54673209e-03,2.35387916e-03,2.16603032e-03,1.98457358e-03,1.81063994e-03,1.64512924e-03,1.48873682e-03,1.34197978e-03,1.20522218e-03,1.07869853e-03,9.62535273e-04,8.56770129e-04,7.61369139e-04,6.76241505e-04,6.01252267e-04,5.36232905e-04,4.80990005e-04,4.35312085e-04,3.98974708e-04,3.71743974e-04,3.53378483e-04,3.43629829e-04,3.42241693e-04,3.48947550e-04,3.63467038e-04,3.85500989e-04,4.14725141e-04,4.50782554e-04,4.93274760e-04,5.41751704e-04,5.95700591e-04,6.54533803e-04,7.17576122e-04,7.84051638e-04,8.53070819e-04,9.23618410e-04,9.94543018e-04,1.06454945e-03,1.13219515e-03,1.19589230e-03,1.25391740e-03,1.30443050e-03,1.34550622e-03,1.37517894e-03,1.39150453e-03,1.39264061e-03,1.37694701e-03,1.34310725e-03,1.29027070e-03,1.21821379e-03,1.12751631e-03,1.01974692e-03,8.97648911e-04,7.65314622e-04,6.28333642e-04,4.93897195e-04,3.70838735e-04,2.69589312e-04,2.02026248e-04,1.81195427e-04,2.20891744e-04,3.35089234e-04,5.37222529e-04,8.39334612e-04,1.25112221e-03,1.77892887e-03,2.42475606e-03,3.18538252e-03,4.05170041e-03,5.00838998e-03,6.03406124e-03,7.10198714e-03,8.18153725e-03,9.24038963e-03,1.02475528e-02,1.11771675e-02,1.20129814e-02,1.27533062e-02,1.34161723e-02,1.40443128e-02,1.47095300e-02,1.55159452e-02,1.66016135e-02,1.81380019e-02,2.03269015e-02,2.33944645e-02,2.75822277e-02,3.31352032e-02,4.02873676e-02,4.92451459e-02,6.01697486e-02,7.31594489e-02,8.82330599e-02,1.05315962e-01,1.24230023e-01,1.44688624e-01,1.66297766e-01,1.88563888e-01,2.10908559e-01,2.32689743e-01,2.53228773e-01,2.71841698e-01,2.87873216e-01,3.00731108e-01,3.09918898e-01,3.15064486e-01,3.15942692e-01,3.12490001e-01
5052,frozen,7.58771027e-01,7.58150915e-01,7.47539988e-01,7.27279103e-01,6.98042277e-01,6.60803134e-01,6.16786164e-01,5.67405964e-01,5.14198377e-01,4.58747891e-01,4.02615767e-01,3.47273142e-01,2.94042820e-01,2.44052679e-01,1.98202696e-01,1.57146510e-01,1.21287467e-01,9.07880748e-02,6.55910646e-02,4.54495997e-02,2.99638639e-02,1.86211078e-02,1.08363481e-02,5.99120517e-03,3.46880622e-03,2.68321528e-03,3.10242842e-03,4.26453694e-03,5.78717492e-03,7.37079549e-03,8.79664225e-03,9.92049044e-03,1.06633281e-02,1.10001426e-02,1.09478895e-02,1.05535710e-02,9.88316197e-03,9.01191617e-03,8.01638113e-03,6.96826471e-03,5.93013732e-03,4.95283158e-03,4.07431387e-03,3.31975197e-03,2.70248317e-03,2.22559434e-03,1.88385158e-03,1.66575649e-03,1.55555202e-03,1.53504908e-03,1.58519016e-03,1.68730671e-03,1.82405974e-03,1.98007873e-03,2.14233148e-03,2.30026788e-03,2.44578544e-03,2.57306406e-03,2.67831416e-03,2.75947615e-03,2.81590257e-03,2.84804680e-03,2.85717518e-03,2.84511335e-03,2.81403220e-03,2.76627495e-03,2.70422353e-03,2.63020074e-03,2.54640328e-03,2.45486023e-03,2.35741172e-03,2.25570270e-03,2.15118753e-03,2.04514169e-03,1.93867759e-03,1.83276236e-03,1.72823590e-03,1.62582815e-03,1.52617505e-03,1.42983259e-03,1.33728926e-03,1.24897661e-03,1.16527850e-03,1.08653892e-03,1.01306894e-03,9.45152856e-04,8.83053892e-04,8.27019496e-04,7.77286513e-04,7.34086272e-04,6.97649657e-04,6.68212197e-04,6.46019146e-04,6.31330518e-04,6.24425972e-04,6.25609412e-04,6.35213155e-04,6.53601407e-04,6.81172813e-04,7.18361718e-04,7.65637776e-04,8.23503441e-04,8.92488830e-04,9.73143400e-04,1.06602383e-03,1.17167749e-03,1.29062087e-03,1.42331250e-03,1.57011979e-03,1.73127979e-03,1.90685375e-03,2.09667610e-03,2.30029874e-03,2.51693253e-03,2.74538826e-03,2.98402054e-03,3.23067920e-03,3.48267350e-03,3.73675580e-03,3.98913233e-03,4.23550917e-03,4.47118239e-03,4.69118077e-03,4.89046904e-03,5.06421769e-03,5.20814308e-03,5.31891711e-03,5.39464148e-03,5.43537452e-03,5.44369187e-03,5.42525390e-03,5.38934447e-03,5.34933772e-03,5.32304263e-03,5.33287021e-03,5.40576710e-03,5.57286140e-03,5.86877525e-03,6.33057210e-03,6.99632761e-03,7.90333952e-03,9.08602464e-03,1.05735873e-02,1.23875816e-02,1.45395275e-02,1.70287695e-02,1.98407925e-02,2.29462121e-02,2.63006513e-02,2.98456805e-02,3.35109449e-02,3.72175272e-02,4.08824964e-02,4.44244822e-02,4.77699967e-02,5.08601124e-02,5.36570046e-02,5.61497960e-02,5.83591131e-02,6.03397769e-02,6.21811328e-02,6.40046497e-02,6.59586125e-02,6.82099548e-02,7.09335410e-02,7.42994658e-02,7.84591818e-02,8.35314619e-02,8.95893277e-02,9.66491094e-02,1.04662732e-01,1.13514139e-01,1.23020504e-01,1.32938486e-01,1.42975407e-01,1.52804782e-01,1.62085209e-01,1.70481320e-01,1.77685216e-01,1.83436722e-01,1.87540836e-01
5053,frozen,6.94770865e-01,6.93673696e-01,6.84588553e-01,6.67765933e-01,6.43693755e-01,6.13075784e-01,5.76800183e-01,5.35900030e-01,4.91508115e-01,4.44808612e-01,3.96988337e-01,3.49190240e-01,3.02471506e-01,2.57768268e-01,2.15868395e-01,1.77393274e-01,1.42788858e-01,1.12325720e-01,8.61072911e-02,6.40850872e-02,4.60793772e-02,3.18036171e-02,2.08909041e-02,1.29207887e-02,7.44495873e-03,4.01056279e-03,2.18024001e-03,1.54824977e-03,1.75241315e-03,2.48187158e-03,3.48091811e-03,4.54935207e-03,5.53994267e-03,6.35366240e-03,6.93336978e-03,7.25659303e-03,7.32799972e-03,7.17204576e-03,6.82618957e-03,6.33494580e-03,5.74494498e-03,5.10106866e-03,4.44364809e-03,3.80665069e-03,3.21673371e-03,2.69301706e-03,2.24741610e-03,1.88537664e-03,1.60686607e-03,1.40749353e-03,1.27965412e-03,1.21361694e-03,1.19849973e-03,1.22309502e-03,1.27653096e-03,1.34876494e-03,1.43091972e-03,1.51547926e-03,1.59636621e-03,1.66892507e-03,1.72983467e-03,1.77697220e-03,1.80924827e-03,1.82642924e-03,1.82895970e-03,1.81779467e-03,1.79424797e-03,1.75986068e-03,1.71629144e-03,1.66522861e-03,1.60832312e-03,1.54714008e-03,1.48312655e-03,1.41759295e-03,1.35170538e-03,1.28648632e-03,1.22282152e-03,1.16147116e-03,1.10308356e-03,1.04821030e-03,9.97321689e-04,9.50821794e-04,9.09062679e-04,8.72357404e-04,8.40991660e-04,8.15233966e-04,7.95344413e-04,7.81582002e-04,7.74210636e-04,7.73503830e-04,7.79748189e-04,7.93245674e-04,8.14314664e-04,8.43289754e-04,8.80520221e-04,9.26367041e-04,9.81198292e-04,1.04538278e-03,1.11928166e-03,1.20323786e-03,1.29756312e-03,1.40252246e-03,1.51831589e-03,1.64505754e-03,1.78275210e-03,1.93126900e-03,2.09031478e-03,2.25940443e-03,2.43783300e-03,2.62464872e-03,2.81862992e-03,3.01826804e-03,3.22175972e-03,3.42701150e-03,3.63166097e-03,3.83311862e-03,4.02863480e-03,4.21539616e-03,4.39065550e-03,4.55189818e-03,4.69704701e-03,4.82470571e-03,4.93443833e-03,5.02707926e-03,5.10506448e-03,5.17277030e-03,5.23684149e-03,5.30648540e-03,5.39370439e-03,5.51343438e-03,5.68355476e-03,5.92473322e-03,6.26007039e-03,6.71451314e-03,7.31401261e-03,8.08441504e-03,9.05008831e-03,1.02323075e-02,1.16474450e-02,1.33050378e-02,1.52058295e-02,1.73399126e-02,1.96851194e-02,2.22058257e-02,2.48523409e-02,2.75610571e-02,3.02555087e-02,3.28484648e-02,3.52451268e-02,3.73474380e-02,3.90594317e-02,4.02934584e-02,4.09770353e-02,4.10599716e-02,4.05213406e-02,3.93758092e-02,3.76787982e-02,3.55299503e-02,3.30744219e-02,3.05016009e-02,2.80409809e-02,2.59550892e-02,2.45295606e-02,2.40606650e-02,2.48408094e-02,2.71427346e-02,3.12032909e-02,3.72077870e-02,4.52759541e-02,5.54505362e-02,6.76894049e-02,8.18619148e-02,9.77499588e-02,1.15053881e-01,1.33403073e-01,1.52370758e-01,1.71492144e-01,1.90284890e-01,2.08270655e-01,2.24996385e-01,2.40054055e-01
5054,frozen,8.48615369e-01,8.44888613e-01,8.29721051e-01,8.03652625e-01,7.67606974e-01,7.22841667e-01,6.70881563e-01,6.13439888e-01,5.52332338e-01,4.89389818e-01,4.26375224e-01,3.64909151e-01,3.06408476e-01,2.52040631e-01,2.02695093e-01,1.58972328e-01,1.21189226e-01,8.93990155e-02,6.34229039e-02,4.28901767e-02,2.72832967e-02,1.59846364e-02,8.32179018e-03,3.60892173e-03,1.18222378e-03,4.28244037e-04,8.04499480e-04,1.85240953e-03,3.20308791e-03,4.57691999e-03,5.77810597e-03,6.68547377e-03,7.24087208e-03,7.43636461e-03,7.30128545e-03,6.89000998e-03,6.27106906e-03,5.51800965e-03,4.70219819e-03,3.88758711e-03,3.12732576e-03,2.46199820e-03,1.91920930e-03,1.51421453e-03,1.25129008e-03,1.12556371e-03,1.12506375e-03,1.23278989e-03,1.42865754e-03,1.69121398e-03,1.99906688e-03,2.33200045e-03,2.67178270e-03,3.00268703e-03,3.31176472e-03,3.58891173e-03,3.82677549e-03,4.02054554e-03,4.16766789e-03,4.26751715e-03,4.32105413e-03,4.33049006e-03,4.29897285e-03,4.23030514e-03,4.12869970e-03,3.99857422e-03,3.84438491e-03,3.67049623e-03,3.48108336e-03,3.28006312e-03,3.07104870e-03,2.85732421e-03,2.64183464e-03,2.42718794e-03,2.21566593e-03,2.00924140e-03,1.80959935e-03,1.61816060e-03,1.43610634e-03,1.26440276e-03,1.10382481e-03,9.54978668e-04,8.18322516e-04,6.94185293e-04,5.82783346e-04,4.84234838e-04,3.98571881e-04,3.25750383e-04,2.65657609e-04,2.18117482e-04,1.82893656e-04,1.59690397e-04,1.48151330e-04,1.47856116e-04,1.58315142e-04,1.78962368e-04,2.09146474e-04,2.48120580e-04,2.95030838e-04,3.48904361e-04,4.08637072e-04,4.72982250e-04,5.40540773e-04,6.09754319e-04,6.78903095e-04,7.46110004e-04,8.09353546e-04,8.66492106e-04,9.15302719e-04,9.53537678e-04,9.79002670e-04,9.89660196e-04,9.83761983e-04,9.60013668e-04,9.17774308e-04,8.57291997e-04,7.79975049e-04,6.88695708e-04,5.88120144e-04,4.85054510e-04,3.88792188e-04,3.11442123e-04,2.68212567e-04,2.77618997e-04,3.61579940e-04,5.45360540e-04,8.57321702e-04,1.32843347e-03,1.99151577e-03,2.88017865e-03,4.02744862e-03,5.46408771e-03,7.21663786e-03,9.30525469e-03,1.17414299e-02,1.45257392e-02,1.76457895e-02,2.10745709e-02,2.47694423e-02,2.86719896e-02,3.27089852e-02,3.67946455e-02,4.08343258e-02,4.47297032e-02,4.83853897e-02,5.17167760e-02,5.46587636e-02,5.71748820e-02,5.92661462e-02,6.09788916e-02,6.24107468e-02,6.37138915e-02,6.50948072e-02,6.68098702e-02,6.91563696e-02,7.24588414e-02,7.70509873e-02,8.32538616e-02,9.13514354e-02,1.01565033e-01,1.14028451e-01,1.28765774e-01,1.45673931e-01,1.64511906e-01,1.84898218e-01,2.06317736e-01,2.28138293e-01,2.49636777e-01,2.70033572e-01,2.88533474e-01,3.04370513e-01,3.16853631e-01,3.25409925e-01,3.29622142e-01,3.29257466e-01,3.24285182e-01,3.14881622e-01,3.01421795e-01,2.84458101e-01,2.64687628e-01,2.42910382e-01
5055,frozen,6.73294711e-01,6.76502039e-01,6.71137405e-01,6.57371898e-01,6.35658284e-01,6.06708586e-01,5.71458925e-01,5.31023873e-01,4.86643204e-01,4.39624350e-01,3.91284013e-01,3.42892313e-01,2.95622529e-01,2.50508941e-01,2.08414649e-01,1.70010456e-01,1.35765136e-01,1.05946661e-01,8.06332983e-02,5.97329812e-02,4.30089911e-02,3.01097882e-02,2.06008224e-02,1.39962776e-02,9.78895655e-03,7.47686464e-03,6.58544560e-03,6.68484265e-03,7.40195909e-03,8.42745156e-03,9.51808531e-03,1.04951018e-02,1.12393912e-02,1.16843263e-02,1.18071126e-02,1.16194456e-02,1.11581669e-02,1.04764773e-02,9.63612283e-03,8.70082559e-03,7.73109832e-03,6.78046342e-03,5.89300501e-03,5.10211201e-03,4.43022503e-03,3.88937657e-03,3.48231002e-03,3.20397380e-03,3.04320929e-03,2.98448008e-03,3.00952262e-03,3.09883116e-03,3.23292081e-03,3.39333960e-03,3.56342320e-03,3.72880362e-03,3.87769557e-03,4.00099253e-03,4.09220842e-03,4.14730161e-03,4.16441630e-03,4.14357285e-03,4.08633424e-03,3.99547058e-03,3.87463880e-03,3.72808950e-03,3.56040898e-03,3.37630049e-03,3.18040600e-03,2.97716723e-03,2.77072331e-03,2.56484114e-03,2.36287393e-03,2.16774330e-03,1.98194027e-03,1.80754068e-03,1.64623133e-03,1.49934307e-03,1.36788825e-03,1.25259979e-03,1.15397031e-03,1.07228944e-03,1.00767862e-03,9.60122286e-04,9.29495144e-04,9.15585129e-04,9.18111938e-04,9.36741076e-04,9.71093494e-04,1.02075088e-03,1.08525673e-03,1.16411337e-03,1.25677505e-03,1.36263728e-03,1.48102261e-03,1.61116318e-03,1.75218013e-03,1.90306058e-03,2.06263234e-03,2.22953748e-03,2.40220522e-03,2.57882572e-03,2.75732598e-03,2.93534982e-03,3.11024402e-03,3.27905347e-03,3.43852801e-03,3.58514466e-03,3.71514874e-03,3.82461777e-03,3.90955211e-03,3.96599599e-03,3.99019196e-03,3.97877108e-03,3.92897956e-03,3.83894075e-03,3.70794887e-03,3.53678764e-03,3.32806342e-03,3.08653820e-03,2.81944329e-03,2.53674978e-03,2.25136772e-03,1.97924166e-03,1.73930820e-03,1.55327973e-03,1.44522051e-03,1.44088557e-03,1.56680125e-03,1.84907855e-03,2.31196714e-03,2.97617898e-03,3.85703535e-03,4.96251879e-03,6.29134067e-03,7.83116344e-03,9.55714177e-03,1.14309652e-02,1.34005943e-02,1.54008771e-02,1.73552132e-02,1.91783934e-02,2.07806827e-02,2.20731380e-02,2.29740541e-02,2.34163218e-02,2.33553686e-02,2.27772349e-02,2.17062386e-02,2.02116033e-02,1.84123809e-02,1.64800038e-02,1.46378582e-02,1.31573904e-02,1.23504300e-02,1.25576518e-02,1.41333694e-02,1.74271568e-02,2.27631033e-02,3.04177884e-02,4.05983023e-02,5.34217969e-02,6.88981120e-02,8.69169657e-02,1.07241021e-01,1.29505832e-01,1.53227273e-01,1.77816546e-01,2.02602342e-01,2.26859166e-01,2.49840348e-01,2.70813833e-01,2.89098565e-01,3.04099137e-01,3.15336435e-01,3.22472220e-01,3.25325987e-01,3.23882961e-01,3.18292730e-01,3.08858632e-01,2.96018742e-01
5056,frozen,6.83619489e-01,6.84317890e-01,6.76093897e-01,6.59214662e-01,6.34242004e-01,6.02004510e-01,5.63556377e-01,5.20125634e-01,4.73055041e-01,4.23739351e-01,3.73562743e-01,3.23840048e-01,2.75765003e-01,2.30368108e-01,1.88485879e-01,1.50742470e-01,1.17543694e-01,8.90827473e-02,6.53561772e-02,4.61881626e-02,3.12607982e-02,2.01479544e-02,1.23503162e-02,7.32941871e-03,4.53883160e-03,3.45106979e-03,3.57927682e-03,4.49319915e-03,5.82940800e-03,7.29610213e-03,8.67312038e-03,9.80799794e-03,1.06090131e-02,1.10361996e-02,1.10912538e-02,1.08071666e-02,1.02382669e-02,9.45120394e-03,8.51722864e-03,7.50597426e-03,6.48079832e-03,5.49563115e-03,4.59318962e-03,3.80435660e-03,3.14849465e-03,2.63445405e-03,2.26204533e-03,2.02376984e-03,1.90663436e-03,1.89391198e-03,1.96674881e-03,2.10555077e-03,2.29111537e-03,2.50549901e-03,2.73262943e-03,2.95868719e-03,3.17228856e-03,3.36450640e-03,3.52876656e-03,3.66065490e-03,3.75766702e-03,3.81892725e-03,3.84489884e-03,3.83710191e-03,3.79785092e-03,3.73001937e-03,3.63683586e-03,3.52171297e-03,3.38810830e-03,3.23941553e-03,3.07888262e-03,2.90955351e-03,2.73422977e-03,2.55544869e-03,2.37547434e-03,2.19629876e-03,2.01965072e-03,1.84700971e-03,1.67962362e-03,1.51852847e-03,1.36456913e-03,1.21842030e-03,1.08060688e-03,9.51523498e-04,8.31452845e-04,7.20582479e-04,6.19020180e-04,5.26807679e-04,4.43932792e-04,3.70339961e-04,3.05939246e-04,2.50613785e-04,2.04225775e-04,1.66620995e-04,1.37631901e-04,1.17079305e-04,1.04772635e-04,1.00508784e-04,1.04069513e-04,1.15217420e-04,1.33690436e-04,1.59194864e-04,1.91396992e-04,2.29913330e-04,2.74299622e-04,3.24038838e-04,3.78528480e-04,4.37067695e-04,4.98844847e-04,5.62926461e-04,6.28248700e-04,6.93612834e-04,7.57686518e-04,8.19013024e-04,8.76030928e-04,9.27107067e-04,9.70585830e-04,1.00485795e-03,1.02845193e-03,1.04015092e-03,1.03913726e-03,1.02516584e-03,9.98765966e-04,9.61469559e-04,9.16060617e-04,8.66838225e-04,8.19881474e-04,7.83300942e-04,7.67457268e-04,7.85123479e-04,8.51564442e-04,9.84504501e-04,1.20395372e-03,1.53186466e-03,1.99159593e-03,2.60716627e-03,3.40229437e-03,4.39923438e-03,5.61743591e-03,7.07207889e-03,8.77255694e-03,1.07210069e-02,1.29110038e-02,1.53265581e-02,1.79415621e-02,2.07198328e-02,2.36158844e-02,2.65765381e-02,2.95434294e-02,3.24564159e-02,3.52578121e-02,3.78972941e-02,4.03372248e-02,4.25580649e-02,4.45634568e-02,4.63845127e-02,4.80828143e-02,4.97516433e-02,5.15150234e-02,5.35242578e-02,5.59518040e-02,5.89825190e-02,6.28025316e-02,6.75862356e-02,7.34821237e-02,8.05983799e-02,8.89892956e-02,9.86436411e-02,1.09476109e-01,1.21322826e-01,1.33941713e-01,1.47018163e-01,1.60176126e-01,1.72994273e-01,1.85026474e-01,1.95825422e-01,2.04967919e-01,2.12080105e-01,2.16860806e-01,2.19101264e-01,2.18699688e-01
5057,frozen,7.54744887e-01,7.56413087e-01,7.48798238e-01,7.32125122e-01,7.06915222e-01,6.73961940e-01,6.34292581e-01,5.89119505e-01,5.39783467e-01,4.87692624e-01,4.34260837e-01,3.80848799e-01,3.28711189e-01,2.78952486e-01,2.32493386e-01,1.90048939e-01,1.52118723e-01,1.18988582e-01,9.07427447e-02,6.72846264e-02,4.83642114e-02,3.36097357e-02,2.25613663e-02,1.47047199e-02,9.50234318e-03,6.42164496e-03,4.95820246e-03,4.65380490e-03,5.10902446e-03,5.99048114e-03,7.03327659e-03,8.03929903e-03,8.87224310e-03,9.45024896e-03,9.73705241e-03,9.73246672e-03,9.46290268e-03,8.97249192e-03,8.31522635e-03,7.54837568e-03,6.72730713e-03,5.90171364e-03,5.11316343e-03,4.39381691e-03,3.76611496e-03,3.24322406e-03,2.83002378e-03,2.52443737e-03,2.31893125e-03,2.20204048e-03,2.15981092e-03,2.17708139e-03,2.23855940e-03,2.32966935e-03,2.43717305e-03,2.54957727e-03,2.65735386e-03,2.75300356e-03,2.83099697e-03,2.88762551e-03,2.92079275e-03,2.92977198e-03,2.91495197e-03,2.87758741e-03,2.81956629e-03,2.74320227e-03,2.65105645e-03,2.54579020e-03,2.43004862e-03,2.30637246e-03,2.17713553e-03,2.04450398e-03,1.91041375e-03,1.77656238e-03,1.64441197e-03,1.51520019e-03,1.38995667e-03,1.26952285e-03,1.15457339e-03,1.04563810e-03,9.43123127e-04,8.47331056e-04,7.58479329e-04,6.76716798e-04,6.02138333e-04,5.34797485e-04,4.74717278e-04,4.21899240e-04,3.76330805e-04,3.37991222e-04,3.06856076e-04,2.82900539e-04,2.66101417e-04,2.56438042e-04,2.53892034e-04,2.58445913e-04,2.70080540e-04,2.88771299e-04,3.14482963e-04,3.47163130e-04,3.86734127e-04,4.33083294e-04,4.86051557e-04,5.45420258e-04,6.10896257e-04,6.82095411e-04,7.58524648e-04,8.39563006e-04,9.24442201e-04,1.01222748e-03,1.10179983e-03,1.19184083e-03,1.28082180e-03,1.36699922e-03,1.44841859e-03,1.52292933e-03,1.58821320e-03,1.64182915e-03,1.68127687e-03,1.70408136e-03,1.70789993e-03,1.69065203e-03,1.65067094e-03,1.58687476e-03,1.49895162e-03,1.38755206e-03,1.25447856e-03,1.10285986e-03,9.37295182e-04,7.63951837e-04,5.90598757e-04,4.26558974e-04,2.82566344e-04,1.70516106e-04,1.03105646e-04,9.33710965e-05,1.54137179e-04,2.97411475e-04,5.33769553e-04,8.71792790e-04,1.31763503e-03,1.87480541e-03,2.54426078e-03,3.32490002e-03,4.21454181e-03,5.21144584e-03,6.31640341e-03,7.53537727e-03,8.88261290e-03,1.03840778e-02,1.20810151e-02,1.40333280e-02,1.63224531e-02,1.90533338e-02,2.23550884e-02,2.63799781e-02,3.13003320e-02,3.73031796e-02,4.45824738e-02,5.33289641e-02,6.37179763e-02,7.58955781e-02,8.99638227e-02,1.05965961e-01,1.23872662e-01,1.43570375e-01,1.64852971e-01,1.87417720e-01,2.10866461e-01,2.34712574e-01,2.58393956e-01,2.81291833e-01,3.02754734e-01,3.22126565e-01,3.38777293e-01,3.52134446e-01,3.61713460e-01,3.67144849e-01,3.68196290e-01,3.64787973e-01,3.57000020e-01
5058,frozen,7.17043873e-01,7.18953202e-01,7.11788932e-01,6.95789420e-01,6.71489265e-01,6.39691850e-01,6.01428686e-01,5.57908256e-01,5.10457661e-01,4.60460773e-01,4.09296607e-01,3.58281512e-01,3.08618262e-01,2.61354523e-01,2.17352408e-01,1.77269950e-01,1.41554509e-01,1.10447380e-01,8.39981859e-02,6.20871842e-02,4.44533141e-02,3.07256858e-02,2.04562826e-02,1.31518484e-02,8.30325901e-03,5.41106954e-03,4.00636439e-03,3.66646394e-03,4.02543760e-03,4.77970912e-03,5.68930154e-03,6.57544964e-03,7.31540621e-03,7.83529348e-03,8.10181209e-03,8.11353402e-03,7.89238560e-03,7.47579035e-03,6.90979937e-03,6.24340355e-03,5.52410262e-03,4.79470826e-03,4.09128397e-03,3.44207316e-03,2.86723806e-03,2.37922186e-03,1.98355166e-03,1.67991620e-03,1.46337618e-03,1.32559234e-03,1.25598500e-03,1.24276576e-03,1.27380617e-03,1.33732818e-03,1.42241718e-03,1.51936999e-03,1.61989754e-03,1.71720641e-03,1.80598463e-03,1.88231651e-03,1.94354917e-03,1.98813019e-03,2.01543257e-03,2.02557940e-03,2.01927753e-03,1.99766617e-03,1.96218424e-03,1.91445804e-03,1.85620912e-03,1.78918156e-03,1.71508660e-03,1.63556263e-03,1.55214820e-03,1.46626550e-03,1.37921250e-03,1.29216142e-03,1.20616210e-03,1.12214872e-03,1.04094882e-03,9.63293546e-04,8.89828585e-04,8.21125192e-04,7.57690919e-04,6.99979814e-04,6.48401890e-04,6.03331743e-04,5.65116234e-04,5.34081159e-04,5.10536843e-04,4.94782586e-04,4.87109856e-04,4.87804133e-04,4.97145248e-04,5.15406060e-04,5.42849281e-04,5.79722235e-04,6.26249357e-04,6.82622208e-04,7.48986854e-04,8.25428467e-04,9.11953150e-04,1.00846706e-03,1.11475312e-03,1.23044583e-03,1.35500492e-03,1.48768911e-03,1.62753126e-03,1.77331711e-03,1.92356994e-03,2.07654388e-03,2.23022951e-03,2.38237499e-03,2.53052685e-03,2.67209401e-03,2.80443857e-03,2.92499600e-03,3.03142611e-03,3.12179464e-03,3.19478257e-03,3.24991749e-03,3.28781769e-03,3.31043557e-03,3.32128249e-03,3.32561309e-03,3.33054292e-03,3.34507027e-03,3.37997179e-03,3.44754183e-03,3.56114936e-03,3.73459309e-03,3.98124674e-03,4.31300145e-03,4.73903233e-03,5.26443903e-03,5.88883658e-03,6.60499969e-03,7.39768993e-03,8.24281696e-03,9.10710022e-03,9.94840186e-03,1.07168917e-02,1.13571789e-02,1.18114992e-02,1.20239810e-02,1.19459314e-02,1.15419807e-02,1.07968195e-02,9.72214570e-03,8.36334036e-03,6.80530333e-03,5.17682774e-03,3.65288093e-03,2.45420035e-03,1.84371182e-03,2.11943708e-03,3.60377311e-03,6.62928772e-03,1.15214690e-02,1.85791667e-02,2.80537491e-02,4.01282365e-02,5.48978379e-02,7.23533897e-02,9.23691428e-02,1.14696179e-01,1.38962444e-01,1.64679976e-01,1.91259437e-01,2.18031517e-01,2.44274240e-01,2.69244723e-01,2.92213537e-01,3.12499526e-01,3.29502869e-01,3.42734192e-01,3.51837800e-01,3.56607502e-01,3.56994021e-01,3.53103593e-01,3.45187999e-01,3.33626907e-01
5059,frozen,7.99105804e-01,7.99329779e-01,7.88094973e-01,7.65792930e-01,7.33228755e-01,6.91578093e-01,6.42323901e-01,5.87177404e-01,5.27988656e-01,4.66652769e-01,4.05017966e-01,3.44801247e-01,2.87516616e-01,2.34419692e-01,1.86471070e-01,1.44319361e-01,1.08303310e-01,7.84711353e-02,5.46141627e-02,3.63110778e-02,2.29787881e-02,1.39258298e-02,8.40456745e-03,5.65898248e-03,4.96557772e-03,5.66575720e-03,7.18888184e-03,9.06598853e-03,1.09348300e-02,1.25374088e-02,1.37115209e-02,1.43779921e-02,1.45252986e-02,1.41931391e-02,1.34562989e-02,1.24098649e-02,1.11565311e-02,9.79643065e-03,8.41964697e-03,7.10132413e-03,5.89912069e-03,4.85263177e-03,3.98434317e-03,3.30166769e-03,2.79963957e-03,2.46389628e-03,2.27364668e-03,2.20440165e-03,2.23031883e-03,2.32608128e-03,2.46828760e-03,2.63637469e-03,2.81312563e-03,2.98483317e-03,3.14119742e-03,3.27503514e-03,3.38187194e-03,3.45947738e-03,3.50739105e-03,3.52647470e-03,3.51851343e-03,3.48587896e-03,3.43125926e-03,3.35745284e-03,3.26722163e-03,3.16319382e-03,3.04780718e-03,2.92328306e-03,2.79162240e-03,2.65461605e-03,2.51386320e-03,2.37079335e-03,2.22668842e-03,2.08270280e-03,1.93988039e-03,1.79916802e-03,1.66142538e-03,1.52743203e-03,1.39789189e-03,1.27343599e-03,1.15462420e-03,1.04194621e-03,9.35822564e-04,8.36605714e-04,7.44581590e-04,6.59971588e-04,5.82935100e-04,5.13572503e-04,4.51928531e-04,3.97995930e-04,3.51719279e-04,3.12998881e-04,2.81694626e-04,2.57629777e-04,2.40594638e-04,2.30350091e-04,2.26631030e-04,2.29149715e-04,2.37599106e-04,2.51656228e-04,2.70985613e-04,2.95242841e-04,3.24078179e-04,3.57140254e-04,3.94079633e-04,4.34552113e-04,4.78221413e-04,5.24760878e-04,5.73853705e-04,6.25191103e-04,6.78467754e-04,7.33373905e-04,7.89583498e-04,8.46737841e-04,9.04424593e-04,9.62152207e-04,1.01932050e-03,1.07518872e-03,1.12884331e-03,1.17916856e-03,1.22482438e-03,1.26423664e-03,1.29560611e-03,1.31694328e-03,1.32613619e-03,1.32105812e-03,1.29972089e-03,1.26047718e-03,1.20227158e-03,1.12493528e-03,1.02951346e-03,9.18606437e-04,7.96698417e-04,6.70438900e-04,5.48834932e-04,4.43306709e-04,3.67556931e-04,3.37206752e-04,3.69159557e-04,4.80669506e-04,6.88115282e-04,1.00551101e-03,1.44282498e-03,2.00422040e-03,2.68637825e-03,3.47710496e-03,4.35446271e-03,5.28667982e-03,6.23309793e-03,7.14638343e-03,7.97617024e-03,8.67420494e-03,9.20093615e-03,9.53333167e-03,9.67352904e-03,9.65774233e-03,9.56467782e-03,9.52257463e-03,9.71390665e-03,1.03767786e-02,1.18021394e-02,1.43261320e-02,1.83171955e-02,2.41579324e-02,3.22222156e-02,4.28485142e-02,5.63109093e-02,7.27897089e-02,9.23438958e-02,1.14887808e-01,1.40174419e-01,1.67787346e-01,1.97143206e-01,2.27505329e-01,2.58008926e-01,2.87696959e-01,3.15564983e-01,3.40612373e-01,3.61896684e-01,3.78587406e-01,3.90015240e-01
5060,frozen,9.00961950e-01,8.97981085e-01,8.82611579e-01,8.55391392e-01,8.17282839e-01,7.69621731e-01,7.14047089e-01,6.52416224e-01,5.86710872e-01,5.18940551e-01,4.51049265e-01,3.84831149e-01,3.21859783e-01,2.63434627e-01,2.10546662e-01,1.63863802e-01,1.23735257e-01,9.02127746e-02,6.30857399e-02,4.19264293e-02,2.61414496e-02,1.50253932e-02,7.81308141e-03,3.72732302e-03,2.01983848e-03,2.00380209e-03,3.07726305e-03,4.73745255e-03,6.58661737e-03,8.33050552e-03,9.77095104e-03,1.07941620e-02,1.13563246e-02,1.14680212e-02,1.11787514e-02,1.05625801e-02,9.70564374e-03,8.69595694e-03,7.61569930e-03,6.53593922e-03,5.51358335e-03,4.59022325e-03,3.79248694e-03,3.13348432e-03,2.61495294e-03,2.22975545e-03,1.96444083e-03,1.80165063e-03,1.72222023e-03,1.70688873e-03,1.73758486e-03,1.79829893e-03,1.87558159e-03,1.95872868e-03,2.03972138e-03,2.11299111e-03,2.17507443e-03,2.22421381e-03,2.25994939e-03,2.28273517e-03,2.29360195e-03,2.29387946e-03,2.28498214e-03,2.26825674e-03,2.24488558e-03,2.21583685e-03,2.18185199e-03,2.14346021e-03,2.10101077e-03,2.05471530e-03,2.00469330e-03,1.95101623e-03,1.89374655e-03,1.83296979e-03,1.76881862e-03,1.70148901e-03,1.63124877e-03,1.55843986e-03,1.48347534e-03,1.40683257e-03,1.32904380e-03,1.25068546e-03,1.17236706e-03,1.09472082e-03,1.01839249e-03,9.44034066e-04,8.72298744e-04,8.03838393e-04,7.39303724e-04,6.79347273e-04,6.24629252e-04,5.75826298e-04,5.33643145e-04,4.98827191e-04,4.72185992e-04,4.54607626e-04,4.47083894e-04,4.50736261e-04,4.66844368e-04,4.96876855e-04,5.42524078e-04,6.05732160e-04,6.88737547e-04,7.94101017e-04,9.24739752e-04,1.08395574e-03,1.27545838e-03,1.50337884e-03,1.77227316e-03,2.08711093e-03,2.45324603e-03,2.87636549e-03,3.36241298e-03,3.91748308e-03,4.54768330e-03,5.25896121e-03,6.05689554e-03,6.94645100e-03,7.93169882e-03,9.01550692e-03,1.01992063e-02,1.14822427e-02,1.28618252e-02,1.43325868e-02,1.58862729e-02,1.75114776e-02,1.91934451e-02,2.09139582e-02,2.26513287e-02,2.43805076e-02,2.60733242e-02,2.76988602e-02,2.92239582e-02,3.06138575e-02,3.18329431e-02,3.28455896e-02,3.36170769e-02,3.41145561e-02,3.43080448e-02,3.41714388e-02,3.36835387e-02,3.28290998e-02,3.15999339e-02,2.99961010e-02,2.80272453e-02,2.57141305e-02,2.30904297e-02,2.02048025e-02,1.71232653e-02,1.39318063e-02,1.07391370e-02,7.67939338e-03,4.91451764e-03,2.63596936e-03,1.06534806e-03,4.53462080e-04,1.07737218e-03,3.23497731e-03,7.23680600e-03,1.33948327e-02,2.20083524e-02,3.33472097e-02,4.76329739e-02,6.50189548e-02,8.55702372e-02,1.09245143e-01,1.35879668e-01,1.65176483e-01,1.96699962e-01,2.29878460e-01,2.64014673e-01,2.98304362e-01,3.31863164e-01,3.63760502e-01,3.93059028e-01,4.18857428e-01,4.40334026e-01,4.56788359e-01,4.67677908e-01,4.72647345e-01,4.71548145e-01
5061,frozen,7.26379632e-01,7.26245188e-01,7.17074069e-01,6.99144963e-01,6.73023926e-01,6.39537341e-01,5.99732299e-01,5.54826887e-01,5.06153454e-01,4.55098322e-01,4.03041488e-01,3.51299754e-01,3.01076299e-01,2.53419186e-01,2.09190533e-01,1.69047309e-01,1.33433911e-01,1.02585922e-01,7.65437852e-02,5.51746503e-02,3.82002862e-02,2.52288126e-02,1.57880072e-02,9.35811731e-03,5.40238949e-03,3.39390909e-03,2.83776090e-03,3.28795669e-03,4.35898301e-03,5.73218164e-03,7.15746401e-03,8.45107057e-03,9.49021270e-03,1.02054836e-02,1.05719049e-02,1.05993993e-02,1.03233684e-02,9.79591018e-03,9.07806927e-03,8.23336180e-03,7.32268843e-03,6.40063501e-03,5.51307231e-03,4.69590268e-03,3.97476268e-03,3.36547280e-03,2.87502631e-03,2.50292359e-03,2.24268245e-03,2.08338474e-03,2.01115133e-03,2.01046899e-03,2.06532136e-03,2.16010078e-03,2.28029771e-03,2.41297944e-03,2.54708043e-03,2.67353228e-03,2.78526463e-03,2.87710785e-03,2.94562649e-03,2.98890919e-03,3.00633652e-03,2.99834403e-03,2.96619360e-03,2.91176213e-03,2.83735345e-03,2.74553646e-03,2.63901046e-03,2.52049667e-03,2.39265427e-03,2.25801829e-03,2.11895635e-03,1.97764125e-03,1.83603646e-03,1.69589179e-03,1.55874674e-03,1.42593949e-03,1.29861982e-03,1.17776437e-03,1.06419328e-03,9.58587249e-04,8.61504308e-04,7.73395977e-04,6.94622366e-04,6.25466053e-04,5.66144634e-04,5.16821852e-04,4.77617317e-04,4.48614813e-04,4.29869209e-04,4.21412007e-04,4.23255546e-04,4.35395859e-04,4.57814188e-04,4.90477125e-04,5.33335337e-04,5.86320807e-04,6.49342527e-04,7.22280536e-04,8.04978228e-04,8.97232841e-04,9.98784061e-04,1.10930074e-03,1.22836574e-03,1.35545912e-03,1.48993982e-03,1.63102643e-03,1.77777746e-03,1.92907231e-03,2.08359372e-03,2.23981349e-03,2.39598299e-03,2.55013075e-03,2.70006929e-03,2.84341387e-03,2.97761557e-03,3.10001147e-03,3.20789371e-03,3.29859919e-03,3.36962015e-03,3.41873485e-03,3.44415540e-03,3.44468787e-03,3.41989694e-03,3.37026466e-03,3.29733002e-03,3.20379341e-03,3.09356764e-03,2.97175660e-03,2.84454226e-03,2.71896359e-03,2.60257506e-03,2.50297998e-03,2.42724455e-03,2.38121155e-03,2.36874929e-03,2.39098925e-03,2.44562566e-03,2.52636818e-03,2.62265541e-03,2.71974718e-03,2.79931690e-03,2.84065772e-03,2.82259587e-03,2.72616985e-03,2.53808350e-03,2.25487573e-03,1.88767152e-03,1.46729166e-03,1.04940884e-03,7.19352605e-04,5.96094567e-04,8.34897795e-04,1.62810098e-03,3.20353668e-03,5.82016086e-03,9.76060080e-03,1.53205089e-02,2.27948342e-02,3.24613818e-02,4.45622977e-02,5.92843881e-02,7.67394085e-02,9.69456405e-02,1.19812166e-01,1.45127252e-01,1.72552125e-01,2.01621214e-01,2.31749552e-01,2.62247626e-01,2.92343452e-01,3.21211106e-01,3.48004455e-01,3.71894344e-01,3.92107165e-01,4.07962504e-01,4.18907499e-01,4.24545702e-01,4.24658484e-01,4.19217527e-01
5062,frozen,5.84768492e-01,5.86232904e-01,5.80200319e-01,5.66878078e-01,5.46716158e-01,5.20384497e-01,4.88739730e-01,4.52783469e-01,4.13614761e-01,3.72379615e-01,3.30220599e-01,2.88229355e-01,2.47404540e-01,2.08617232e-01,1.72585223e-01,1.39856981e-01,1.10805372e-01,8.56306346e-02,6.43715747e-02,4.69235015e-02,3.30611960e-02,2.24650484e-02,1.47485258e-02,9.48526677e-03,6.23433266e-03,4.56245496e-03,4.06245731e-03,4.36738594e-03,5.16021404e-03,6.17927963e-03,7.21985432e-03,8.13241460e-03,8.81829498e-03,9.22344685e-03,9.33101547e-03,9.15339109e-03,8.72429994e-03,8.09139068e-03,7.30965133e-03,6.43587384e-03,5.52427335e-03,4.62327535e-03,3.77340798e-03,3.00618128e-03,2.34379912e-03,1.79953178e-03,1.37857427e-03,1.07922480e-03,8.94236239e-04,8.12216319e-04,8.18978867e-04,8.98774425e-04,1.03535321e-03,1.21283514e-03,1.41637960e-03,1.63266184e-03,1.85017278e-03,2.05936587e-03,2.25267771e-03,2.42445042e-03,2.57078222e-03,2.68933065e-03,2.77908933e-03,2.84015558e-03,2.87350235e-03,2.88076439e-03,2.86404538e-03,2.82574994e-03,2.76844210e-03,2.69473030e-03,2.60717739e-03,2.50823351e-03,2.40018903e-03,2.28514453e-03,2.16499497e-03,2.04142505e-03,1.91591313e-03,1.78974167e-03,1.66401184e-03,1.53966106e-03,1.41748188e-03,1.29814141e-03,1.18220037e-03,1.07013134e-03,9.62335794e-04,8.59159707e-04,7.60907617e-04,6.67855114e-04,5.80259773e-04,4.98370583e-04,4.22435968e-04,3.52710488e-04,2.89460342e-04,2.32967789e-04,1.83534643e-04,1.41484993e-04,1.07167368e-04,8.09565960e-05,6.32556958e-05,5.44982117e-05,5.51515423e-05,6.57219345e-05,8.67619865e-05,1.18881686e-04,1.62764206e-04,2.19187893e-04,2.89056078e-04,3.73436507e-04,4.73612346e-04,5.91146728e-04,7.27962793e-04,8.86440937e-04,1.06953461e-03,1.28090536e-03,1.52507682e-03,1.80760633e-03,2.13527091e-03,2.51626269e-03,2.96038635e-03,3.47924860e-03,4.08642685e-03,4.79760120e-03,5.63063112e-03,6.60555553e-03,7.74449326e-03,9.07141971e-03,1.06117963e-02,1.23920306e-02,1.44387515e-02,1.67778860e-02,1.94335397e-02,2.24266886e-02,2.57737088e-02,2.94847843e-02,3.35622515e-02,3.79989575e-02,4.27767244e-02,4.78650270e-02,5.32200001e-02,5.87838948e-02,6.44850988e-02,7.02388207e-02,7.59485139e-02,8.15080806e-02,8.68048524e-02,9.17232884e-02,9.61492779e-02,9.99748720e-02,1.03103213e-01,1.05453390e-01,1.06964900e-01,1.07601415e-01,1.07353518e-01,1.06240156e-01,1.04308602e-01,1.01632794e-01,9.83100612e-02,9.44563473e-02,9.02001726e-02,8.56757038e-02,8.10153886e-02,7.63426905e-02,7.17654801e-02,6.73706226e-02,6.32202329e-02,5.93499490e-02,5.57694204e-02,5.24650189e-02,4.94045824e-02,4.65438084e-02,4.38337447e-02,4.12287037e-02,3.86938551e-02,3.62117576e-02,3.37871608e-02,3.14495482e-02,2.92530882e-02,2.72738989e-02,2.56047794e-02,2.43478108e-02,2.36054406e-02
5063,frozen,7.78535042e-01,7.80808192e-01,7.72203079e-01,7.53008945e-01,7.23904310e-01,6.85920466e-01,6.40385979e-01,5.88856111e-01,5.33032037e-01,4.74675346e-01,4.15523396e-01,3.57210809e-01,3.01201671e-01,2.48735961e-01,2.00792525e-01,1.58069545e-01,1.20982199e-01,8.96760069e-02,6.40534167e-02,4.38105492e-02,2.84806131e-02,1.74804791e-02,1.01571005e-02,5.83091349e-03,3.83394608e-03,3.54105504e-03,4.39341729e-03,5.91407258e-03,7.71589463e-03,9.50282708e-03,1.10655407e-02,1.22728467e-02,1.30602477e-02,1.34169420e-02,1.33724473e-02,1.29837985e-02,1.23240382e-02,1.14724738e-02,1.05069476e-02,9.49816972e-03,8.50600623e-03,7.57750126e-03,6.74633983e-03,6.03342696e-03,5.44825753e-03,4.99077564e-03,4.65346343e-03,4.42344894e-03,4.28447642e-03,4.21863321e-03,4.20777327e-03,4.23461575e-03,4.28352596e-03,4.34100772e-03,4.39594835e-03,4.43966453e-03,4.46579770e-03,4.47010511e-03,4.45018688e-03,4.40518280e-03,4.33546495e-03,4.24234545e-03,4.12781186e-03,3.99429788e-03,3.84449199e-03,3.68118406e-03,3.50714733e-03,3.32505190e-03,3.13740512e-03,2.94651418e-03,2.75446619e-03,2.56312172e-03,2.37411808e-03,2.18887941e-03,2.00863112e-03,1.83441686e-03,1.66711652e-03,1.50746449e-03,1.35606725e-03,1.21342009e-03,1.07992253e-03,9.55892506e-04,8.41579201e-04,7.37174540e-04,6.42823492e-04,5.58633214e-04,4.84681131e-04,4.21022060e-04,3.67694439e-04,3.24725757e-04,2.92137247e-04,2.69947902e-04,2.58177880e-04,2.56851317e-04,2.65998601e-04,2.85658104e-04,3.15877370e-04,3.56713725e-04,4.08234247e-04,4.70515005e-04,5.43639432e-04,6.27695671e-04,7.22772694e-04,8.28954975e-04,9.46315501e-04,1.07490691e-03,1.21475059e-03,1.36582378e-03,1.52804467e-03,1.70125597e-03,1.88520765e-03,2.07953989e-03,2.28376790e-03,2.49727082e-03,2.71928756e-03,2.94892294e-03,3.18516839e-03,3.42694152e-03,3.67314944e-03,3.92278025e-03,4.17502649e-03,4.42944302e-03,4.68613947e-03,4.94600423e-03,5.21095300e-03,5.48418967e-03,5.77046165e-03,6.07628534e-03,6.41011150e-03,6.78239462e-03,7.20552679e-03,7.69359538e-03,8.26192681e-03,8.92638605e-03,9.70241569e-03,1.06038181e-02,1.16413120e-02,1.28209263e-02,1.41423355e-02,1.55972761e-02,1.71682266e-02,1.88275643e-02,2.05374336e-02,2.22505642e-02,2.39122593e-02,2.54637257e-02,2.68468406e-02,2.80103386e-02,2.89172649e-02,2.95533782e-02,2.99360152e-02,3.01227593e-02,3.02191089e-02,3.03842371e-02,3.08338934e-02,3.18395371e-02,3.37229311e-02,3.68456584e-02,4.15933614e-02,4.83549249e-02,5.74972956e-02,6.93371349e-02,8.41109669e-02,1.01945883e-01,1.22833131e-01,1.46607013e-01,1.72931411e-01,2.01295917e-01,2.31023018e-01,2.61287014e-01,2.91144511e-01,3.19575339e-01,3.45531854e-01,3.67993710e-01,3.86024586e-01,3.98826950e-01,4.05790889e-01,4.06533322e-01,4.00924500e-01,3.89099611e-01,3.71454386e-01
5064,frozen,6.09041044e-01,6.08894021e-01,6.01047784e-01,5.85748599e-01,5.63489190e-01,5.34984962e-01,5.01139449e-01,4.63001149e-01,4.21714435e-01,3.78467523e-01,3.34440579e-01,2.90756893e-01,2.48439756e-01,2.08377113e-01,1.71295511e-01,1.37744103e-01,1.08088845e-01,8.25163037e-02,6.10459967e-02,4.35497023e-02,2.97759223e-02,1.93775360e-02,1.19407061e-02,7.01324339e-03,4.13089695e-03,2.84035893e-03,2.71814744e-03,3.38490406e-03,4.51499910e-03,5.84164741e-03,7.15798750e-03,8.31475614e-03,9.21529796e-03,9.80868894e-03,1.00817321e-02,1.00505157e-02,9.75212090e-03,9.23694453e-03,8.56196876e-03,7.78518453e-03,6.96125779e-03,6.13842982e-03,5.35656622e-03,4.64621370e-03,4.02849102e-03,3.51562573e-03,3.11195047e-03,2.81518580e-03,2.61785954e-03,2.50873883e-03,2.47418089e-03,2.49933579e-03,2.56916111e-03,2.66922982e-03,2.78633062e-03,2.90887371e-03,3.02712334e-03,3.13328454e-03,3.22147319e-03,3.28759852e-03,3.32918501e-03,3.34515746e-03,3.33560921e-03,3.30156919e-03,3.24477984e-03,3.16749398e-03,3.07229592e-03,2.96194915e-03,2.83927125e-03,2.70703484e-03,2.56789269e-03,2.42432401e-03,2.27859925e-03,2.13275993e-03,1.98861085e-03,1.84772174e-03,1.71143590e-03,1.58088392e-03,1.45700042e-03,1.34054272e-03,1.23211002e-03,1.13216241e-03,1.04103904e-03,9.58974975e-04,8.86116410e-04,8.22534205e-04,7.68235497e-04,7.23173474e-04,6.87255293e-04,6.60348211e-04,6.42284025e-04,6.32861882e-04,6.31849586e-04,6.38983478e-04,6.53967016e-04,6.76468140e-04,7.06115549e-04,7.42494009e-04,7.85138829e-04,8.33529659e-04,8.87083806e-04,9.45149289e-04,1.00699790e-03,1.07181861e-03,1.13871167e-03,1.20668397e-03,1.27464607e-03,1.34141169e-03,1.40570029e-03,1.46614359e-03,1.52129697e-03,1.56965670e-03,1.60968392e-03,1.63983647e-03,1.65860929e-03,1.66458421e-03,1.65648940e-03,1.63326848e-03,1.59415869e-03,1.53877653e-03,1.46720865e-03,1.38010430e-03,1.27876462e-03,1.16522234e-03,1.04230440e-03,9.13668223e-04,7.83801693e-04,6.57975817e-04,5.42139400e-04,4.42745766e-04,3.66503763e-04,3.20048837e-04,3.09535181e-04,3.40156923e-04,4.15615068e-04,5.37557227e-04,7.05028612e-04,9.13984757e-04,1.15692789e-03,1.42273871e-03,1.69678189e-03,1.96136556e-03,2.19663006e-03,2.38192882e-03,2.49774170e-03,2.52812902e-03,2.46369221e-03,2.30495551e-03,2.06602520e-03,1.77832152e-03,1.49411836e-03,1.28957377e-03,1.26689538e-03,1.55526784e-03,2.31017868e-03,3.71082191e-03,5.95533726e-03,9.25375838e-03,1.38186926e-02,1.98539321e-02,2.75413889e-02,3.70269448e-02,4.84059869e-02,6.17095525e-02,7.68921037e-02,9.38219872e-02,1.12275583e-01,1.31936015e-01,1.52397069e-01,1.73172679e-01,1.93711951e-01,2.13419337e-01,2.31679127e-01,2.47883077e-01,2.61459648e-01,2.71903141e-01,2.78800866e-01,2.81856547e-01,2.80908333e-01,2.75940058e-01,2.67084862e-01
5065,frozen,7.66922080e-01,7.66551067e-01,7.56484214e-01,7.37033580e-01,7.08824109e-01,6.72763349e-01,6.29997288e-01,5.81855103e-01,5.29786286e-01,4.75294054e-01,4.19869012e-01,3.64926904e-01,3.11753823e-01,2.61461580e-01,2.14955137e-01,1.72913068e-01,1.35781137e-01,1.03778203e-01,7.69129656e-02,5.50094856e-02,3.77390793e-02,2.46560241e-02,1.52345622e-02,8.90490173e-03,5.08627357e-03,3.21553944e-03,2.77034155e-03,3.28627649e-03,4.36803633e-03,5.69485472e-03,7.02090713e-03,8.17153028e-03,9.03624611e-03,9.55960689e-03,9.73083327e-03,9.57311247e-03,9.13327880e-03,8.47243053e-03,7.65786416e-03,6.75654138e-03,5.83015808e-03,4.93176415e-03,4.10379172e-03,3.37728820e-03,2.77211716e-03,2.29788052e-03,1.95532584e-03,1.73802626e-03,1.63415420e-03,1.62820737e-03,1.70258390e-03,1.83893951e-03,2.01929108e-03,2.22685702e-03,2.44664503e-03,2.66581156e-03,2.87382641e-03,3.06247972e-03,3.22576925e-03,3.35970360e-03,3.46205292e-03,3.53207386e-03,3.57022977e-03,3.57792207e-03,3.55724380e-03,3.51076213e-03,3.44133302e-03,3.35194880e-03,3.24561712e-03,3.12526885e-03,2.99369116e-03,2.85348226e-03,2.70702380e-03,2.55646740e-03,2.40373194e-03,2.25050891e-03,2.09827329e-03,1.94829814e-03,1.80167133e-03,1.65931314e-03,1.52199411e-03,1.39035232e-03,1.26490985e-03,1.14608804e-03,1.03422163e-03,9.29571477e-04,8.32336071e-04,7.42661767e-04,6.60651818e-04,5.86374283e-04,5.19868827e-04,4.61152486e-04,4.10224393e-04,3.67069488e-04,3.31661192e-04,3.03962992e-04,2.83928899e-04,2.71502680e-04,2.66615764e-04,2.69183713e-04,2.79101115e-04,2.96234778e-04,3.20415106e-04,3.51425549e-04,3.88990104e-04,4.32758871e-04,4.82291823e-04,5.37041062e-04,5.96332038e-04,6.59344457e-04,7.25093881e-04,7.92415370e-04,8.59950919e-04,9.26142830e-04,9.89235625e-04,1.04728949e-03,1.09820865e-03,1.13978823e-03,1.16978336e-03,1.18600415e-03,1.18643946e-03,1.16941192e-03,1.13376515e-03,1.07908224e-03,1.00593249e-03,9.16140387e-04,8.13067544e-04,7.01894757e-04,5.89887703e-04,4.86626292e-04,4.04174875e-04,3.57168712e-04,3.62791876e-04,4.40623649e-04,6.12334887e-04,9.01223227e-04,1.33158649e-03,1.92794723e-03,2.71415769e-03,3.71243232e-03,4.94237393e-03,6.42007700e-03,8.15740597e-03,1.01615554e-02,1.24349994e-02,1.49759284e-02,1.77792499e-02,2.08381941e-02,2.41465188e-02,2.77012462e-02,3.15057983e-02,3.55733229e-02,3.99299351e-02,4.46175386e-02,4.96958496e-02,5.52432345e-02,6.13559901e-02,6.81457553e-02,7.57348471e-02,8.42494493e-02,9.38107640e-02,1.04524430e-01,1.16468722e-01,1.29682236e-01,1.44151941e-01,1.59802581e-01,1.76488459e-01,1.93988595e-01,2.12006110e-01,2.30172471e-01,2.48056904e-01,2.65180933e-01,2.81037584e-01,2.95114359e-01,3.06918763e-01,3.16004802e-01,3.21998716e-01,3.24622141e-01,3.23710946e-01,3.19228264e-01,3.11270569e-01
5066,frozen,6.72838749e-01,6.73319187e-01,6.64895977e-01,6.47843729e-01,6.22736415e-01,5.90418221e-01,5.51960712e-01,5.08609131e-01,4.61721335e-01,4.12703258e-01,3.62944886e-01,3.13760525e-01,2.66336662e-01,2.21690030e-01,1.80637652e-01,1.43779706e-01,1.11495164e-01,8.39493064e-02,6.11115156e-02,4.27812455e-02,2.86197308e-02,1.81849013e-02,1.09670490e-02,6.42304663e-03,4.00729184e-03,3.19801324e-03,3.51806662e-03,4.54983732e-03,5.94430782e-03,7.42472104e-03,8.78555289e-03,9.88769327e-03,1.06508265e-02,1.10440070e-02,1.10753607e-02,1.07817224e-02,1.02188658e-02,9.45281115e-03,8.55252705e-03,7.58417989e-03,6.60695264e-03,5.67034261e-03,4.81276968e-03,4.06127706e-03,3.43208300e-03,2.93174134e-03,2.55868520e-03,2.30495647e-03,2.15795957e-03,2.10211573e-03,2.12033217e-03,2.19523418e-03,2.31013756e-03,2.44976207e-03,2.60070386e-03,2.75169615e-03,2.89369405e-03,3.01982150e-03,3.12521759e-03,3.20681592e-03,3.26308635e-03,3.29376302e-03,3.29957691e-03,3.28200631e-03,3.24305374e-03,3.18505406e-03,3.11051550e-03,3.02199283e-03,2.92199054e-03,2.81289258e-03,2.69691494e-03,2.57607709e-03,2.45218843e-03,2.32684629e-03,2.20144230e-03,2.07717477e-03,1.95506462e-03,1.83597348e-03,1.72062256e-03,1.60961142e-03,1.50343595e-03,1.40250528e-03,1.30715726e-03,1.21767251e-03,1.13428705e-03,1.05720347e-03,9.86600775e-04,9.22643063e-04,8.65486983e-04,8.15288156e-04,7.72206550e-04,7.36410835e-04,7.08081684e-04,6.87413961e-04,6.74617686e-04,6.69917616e-04,6.73551264e-04,6.85765104e-04,7.06808702e-04,7.36926447e-04,7.76346590e-04,8.25267226e-04,8.83838932e-04,9.52143785e-04,1.03017057e-03,1.11778610e-03,1.21470283e-03,1.32044302e-03,1.43430021e-03,1.55529897e-03,1.68215454e-03,1.81323428e-03,1.94652364e-03,2.07959988e-03,2.20961737e-03,2.33330903e-03,2.44700884e-03,2.54670067e-03,2.62809886e-03,2.68676568e-03,2.71826991e-03,2.71838992e-03,2.68336236e-03,2.61017539e-03,2.49690204e-03,2.34306575e-03,2.15002551e-03,1.92136407e-03,1.66325768e-03,1.38480229e-03,1.09826770e-03,8.19249791e-04,5.66691279e-04,3.62744628e-04,2.32456675e-04,2.03264062e-04,3.04301225e-04,5.65538434e-04,1.01678532e-03,1.68661442e-03,2.60127771e-03,3.78370509e-03,5.25268490e-03,7.02233007e-03,9.10192835e-03,1.14962576e-02,1.42064180e-02,1.72311924e-02,2.05688911e-02,2.42195820e-02,2.81875376e-02,3.24836756e-02,3.71277137e-02,4.21497294e-02,4.75908041e-02,5.35024541e-02,5.99446055e-02,6.69819660e-02,7.46787693e-02,8.30920224e-02,9.22635548e-02,1.02211337e-01,1.12920691e-01,1.24336139e-01,1.36354687e-01,1.48821384e-01,1.61527855e-01,1.74214436e-01,1.86576224e-01,1.98273147e-01,2.08943760e-01,2.18222175e-01,2.25757191e-01,2.31232428e-01,2.34386068e-01,2.35028736e-01,2.33058099e-01,2.28468925e-01,2.21357639e-01,2.11920793e-01,2.00447334e-01
5067,frozen,6.49644237e-01,6.51147378e-01,6.45130750e-01,6.31759884e-01,6.11427684e-01,5.84736729e-01,5.52471918e-01,5.15565105e-01,4.75053800e-01,4.32036351e-01,3.87626148e-01,3.42907343e-01,2.98894384e-01,2.56497320e-01,2.16494359e-01,1.79512636e-01,1.46017596e-01,1.16310838e-01,9.05357823e-02,6.86901217e-02,5.06436905e-02,3.61602299e-02,2.49214415e-02,1.65517753e-02,1.06425407e-02,6.77414262e-03,4.53551575e-03,3.54011955e-03,3.43815268e-03,3.92491832e-03,4.74551083e-03,5.69618506e-03,6.62290737e-03,7.41767060e-03,8.01318666e-03,8.37655786e-03,8.50247784e-03,8.40643760e-03,8.11831951e-03,7.67666297e-03,7.12378740e-03,6.50186749e-03,5.84997807e-03,5.20206260e-03,4.58573303e-03,4.02177798e-03,3.52424064e-03,3.10092404e-03,2.75418824e-03,2.48191764e-03,2.27855523e-03,2.13612117e-03,2.04515443e-03,1.99553618e-03,1.97717111e-03,1.98051814e-03,1.99697345e-03,2.01911743e-03,2.04084275e-03,2.05738403e-03,2.06527040e-03,2.06222178e-03,2.04700784e-03,2.01928623e-03,1.97943361e-03,1.92838020e-03,1.86745562e-03,1.79825128e-03,1.72250230e-03,1.64199013e-03,1.55846577e-03,1.47359218e-03,1.38890414e-03,1.30578309e-03,1.22544457e-03,1.14893573e-03,1.07714055e-03,1.01079075e-03,9.50480508e-04,8.96683348e-04,8.49770123e-04,8.10026934e-04,7.77672327e-04,7.52873202e-04,7.35759056e-04,7.26434342e-04,7.24988806e-04,7.31505743e-04,7.46068182e-04,7.68763002e-04,7.99683034e-04,8.38927185e-04,8.86598614e-04,9.42800998e-04,1.00763291e-03,1.08118033e-03,1.16350739e-03,1.25464528e-03,1.35457963e-03,1.46323641e-03,1.58046663e-03,1.70603038e-03,1.83958062e-03,1.98064756e-03,2.12862458e-03,2.28275697e-03,2.44213480e-03,2.60569201e-03,2.77221338e-03,2.94035194e-03,3.10865913e-03,3.27563024e-03,3.43976765e-03,3.59966397e-03,3.75410689e-03,3.90220662e-03,4.04354568e-03,4.17834942e-03,4.30767356e-03,4.43360288e-03,4.55945241e-03,4.68995961e-03,4.83145287e-03,4.99197855e-03,5.18136623e-03,5.41120932e-03,5.69473733e-03,6.04655635e-03,6.48223592e-03,7.01772544e-03,7.66858952e-03,8.44906195e-03,9.37093017e-03,1.04422778e-02,1.16661304e-02,1.30390682e-02,1.45498909e-02,1.61784345e-02,1.78946598e-02,1.96581391e-02,2.14180729e-02,2.31139607e-02,2.46770349e-02,2.60325354e-02,2.71028615e-02,2.78115825e-02,2.80882238e-02,2.78736729e-02,2.71259739e-02,2.58262062e-02,2.39840810e-02,2.16428379e-02,1.88830053e-02,1.58245874e-02,1.26272843e-02,9.48842333e-03,6.63839563e-03,4.33353102e-03,2.84651795e-03,2.45465697e-03,3.42642307e-03,6.00698492e-03,1.04034722e-02,1.67708816e-02,2.51995532e-02,3.57051260e-02,4.82217835e-02,6.25994384e-02,7.86052793e-02,9.59298295e-02,1.14197370e-01,1.32980270e-01,1.51816493e-01,1.70229292e-01,1.87747948e-01,2.03928298e-01,2.18371825e-01,2.30742137e-01,2.40777886e-01,2.48301401e-01,2.53222633e-01
5068,frozen,7.47775499e-01,7.44529544e-01,7.32227813e-01,7.11238798e-01,6.82207170e-01,6.46023938e-01,6.03785128e-01,5.56741489e-01,5.06242231e-01,4.53676109e-01,4.00413203e-01,3.47750577e-01,2.96864620e-01,2.48772276e-01,2.04302739e-01,1.64080388e-01,1.28519025e-01,9.78267776e-02,7.20204045e-02,5.09473094e-02,3.43132527e-02,2.17136102e-02,1.26660488e-02,6.64265307e-03,3.09980563e-03,1.50447921e-03,1.35599598e-03,2.20271633e-03,3.65350651e-03,5.38417483e-03,7.13934382e-03,8.73042844e-03,1.00305173e-02,1.09670062e-02,1.15128207e-02,1.16769993e-02,1.14953041e-02,1.10213956e-02,1.03189690e-02,9.45510989e-03,8.49499846e-03,7.49798030e-03,6.51493351e-03,5.58679548e-03,4.74407093e-03,4.00712090e-03,3.38702991e-03,2.88685847e-03,2.50310982e-03,2.22726688e-03,2.04728588e-03,1.94896348e-03,1.91712299e-03,1.93659016e-03,1.99294978e-03,2.07309045e-03,2.16555634e-03,2.26073194e-03,2.35088982e-03,2.43013179e-03,2.49425296e-03,2.54055487e-03,2.56763054e-03,2.57513947e-03,2.56358721e-03,2.53411931e-03,2.48833666e-03,2.42813589e-03,2.35557618e-03,2.27277214e-03,2.18181109e-03,2.08469227e-03,1.98328491e-03,1.87930227e-03,1.77428842e-03,1.66961509e-03,1.56648596e-03,1.46594630e-03,1.36889615e-03,1.27610554e-03,1.18823074e-03,1.10583047e-03,1.02938182e-03,9.59295082e-04,8.95927577e-04,8.39596085e-04,7.90587995e-04,7.49171080e-04,7.15601965e-04,6.90133303e-04,6.73019721e-04,6.64522533e-04,6.64913222e-04,6.74475673e-04,6.93507063e-04,7.22317332e-04,7.61227085e-04,8.10563769e-04,8.70655926e-04,9.41825337e-04,1.02437684e-03,1.11858562e-03,1.22468191e-03,1.34283287e-03,1.47312182e-03,1.61552491e-03,1.76988563e-03,1.93588759e-03,2.11302667e-03,2.30058350e-03,2.49759788e-03,2.70284708e-03,2.91483025e-03,3.13176165e-03,3.35157560e-03,3.57194623e-03,3.79032528e-03,4.00400066e-03,4.21017828e-03,4.40608857e-03,4.58911788e-03,4.75696316e-03,4.90780611e-03,5.04050025e-03,5.15476142e-03,5.25134897e-03,5.33222139e-03,5.40064764e-03,5.46125281e-03,5.51997552e-03,5.58391530e-03,5.66105021e-03,5.75981047e-03,5.88850149e-03,6.05458141e-03,6.26381195e-03,6.51931899e-03,6.82061834e-03,7.16268220e-03,7.53514141e-03,7.92173562e-03,8.30013498e-03,8.64226168e-03,8.91523367e-03,9.08303518e-03,9.10898608e-03,8.95903584e-03,8.60584617e-03,8.03355300e-03,7.24301571e-03,6.25727566e-03,5.12686323e-03,3.93452141e-03,2.79886325e-03,1.87645892e-03,1.36186377e-03,1.48515771e-03,2.50667128e-03,4.70872487e-03,8.38439915e-03,1.38235778e-02,2.12967428e-02,3.10372431e-02,4.32229716e-02,5.79585644e-02,7.52593414e-02,9.50382412e-02,1.17096936e-01,1.41122152e-01,1.66687957e-01,1.93264442e-01,2.20232819e-01,2.46906496e-01,2.72557295e-01,2.96445524e-01,3.17852306e-01,3.36112335e-01,3.50645112e-01,3.60982752e-01,3.66792618e-01,3.67893372e-01
5069,frozen,7.20786151e-01,7.22219191e-01,7.15145357e-01,6.99781896e-01,6.76604381e-01,6.46324410e-01,6.09856484e-01,5.68276097e-01,5.22771530e-01,4.74592177e-01,4.24996326e-01,3.75201229e-01,3.26338034e-01,2.79413682e-01,2.35281367e-01,1.94620486e-01,1.57926414e-01,1.25509791e-01,9.75044870e-02,7.38829692e-02,5.44774721e-02,3.90052118e-02,2.70958252e-02,1.83193071e-02,1.22128916e-02,8.30559168e-03,6.13941635e-03,5.28661980e-03,5.36266287e-03,6.03486822e-03,7.02700699e-03,8.12025690e-03,9.15111250e-03,1.00069092e-02,1.06196478e-02,1.09587817e-02,1.10235696e-02,1.08355058e-02,1.04312362e-02,9.85625890e-03,9.15960020e-03,8.38955679e-03,7.59051464e-03,6.80078565e-03,6.05135529e-03,5.36540309e-03,4.75844201e-03,4.23892013e-03,3.80913669e-03,3.46633972e-03,3.20389303e-03,3.01242322e-03,2.88088003e-03,2.79746518e-03,2.75040376e-03,2.72854863e-03,2.72182069e-03,2.72149734e-03,2.72036759e-03,2.71277586e-03,2.69457762e-03,2.66302962e-03,2.61663557e-03,2.55496571e-03,2.47846550e-03,2.38826570e-03,2.28600282e-03,2.17365639e-03,2.05340692e-03,1.92751623e-03,1.79823072e-03,1.66770626e-03,1.53795326e-03,1.41079930e-03,1.28786694e-03,1.17056390e-03,1.06008315e-03,9.57410368e-04,8.63336769e-04,7.78475307e-04,7.03278758e-04,6.38058366e-04,5.83002037e-04,5.38191289e-04,5.03616383e-04,4.79189217e-04,4.64753737e-04,4.60093676e-04,4.64937610e-04,4.78961293e-04,5.01787387e-04,5.32982683e-04,5.72053010e-04,6.18436041e-04,6.71492308e-04,7.30494762e-04,7.94617337e-04,8.62923070e-04,9.34352445e-04,1.00771279e-03,1.08166968e-03,1.15474163e-03,1.22529918e-03,1.29157029e-03,1.35165343e-03,1.40354049e-03,1.44515133e-03,1.47438214e-03,1.48916934e-03,1.48757090e-03,1.46786612e-03,1.42867462e-03,1.36909410e-03,1.28885544e-03,1.18849181e-03,1.06951713e-03,9.34606403e-04,7.87768584e-04,6.34499690e-04,4.81901471e-04,3.38748433e-04,2.15484087e-04,1.24126032e-04,7.80593196e-05,9.16988827e-05,1.80004957e-04,3.57840842e-04,6.39170230e-04,1.03610195e-03,1.55780324e-03,2.20931846e-03,2.99034773e-03,3.89405886e-03,4.90602458e-03,6.00339391e-03,7.15441982e-03,8.31847322e-03,9.44667262e-03,1.04832485e-02,1.13677388e-02,1.20380762e-02,1.24345784e-02,1.25047889e-02,1.22090427e-02,1.15265486e-02,1.04616948e-02,9.05020433e-03,7.36469325e-03,5.51913709e-03,3.67172407e-03,2.02558613e-03,8.26950769e-04,3.60353571e-04,9.40693121e-04,2.90209325e-03,6.58375423e-03,1.23132124e-02,2.03876709e-02,3.10542926e-02,4.44905427e-02,6.07858046e-02,7.99255628e-02,1.01779418e-01,1.26094084e-01,1.52492301e-01,1.80478276e-01,2.09449907e-01,2.38717575e-01,2.67528870e-01,2.95098158e-01,3.20639509e-01,3.43401206e-01,3.62699872e-01,3.77952179e-01,3.88702227e-01,3.94642867e-01,3.95629663e-01,3.91686605e-01,3.83003244e-01,3.69923482e-01,3.52926783e-01
5070,frozen,5.74436430e-01,5.74875416e-01,5.68564998e-01,5.55698231e-01,5.36671871e-01,5.12067634e-01,4.82625030e-01,4.49207437e-01,4.12763429e-01,3.74285648e-01,3.34769512e-01,2.95174016e-01,2.56386602e-01,2.19193719e-01,1.84258276e-01,1.52104662e-01,1.23111516e-01,9.75119565e-02,7.54005645e-02,5.67460592e-02,4.14084061e-02,2.91589452e-02,1.97021172e-02,1.26974374e-02,7.78051882e-03,4.58215580e-03,2.74472690e-03,1.93543714e-03,1.85617412e-03,2.24998565e-03,2.90438382e-03,3.65183359e-03,4.36789048e-03,4.96751101e-03,5.40007542e-03,5.64364112e-03,5.69889518e-03,5.58320357e-03,5.32507229e-03,4.95924879e-03,4.52260801e-03,4.05089088e-03,3.57629775e-03,3.12588745e-03,2.72069470e-03,2.37545446e-03,2.09880947e-03,1.89387619e-03,1.75905023e-03,1.68894575e-03,1.67537889e-03,1.70832401e-03,1.77678958e-03,1.86957810e-03,1.97590980e-03,2.08590299e-03,2.19091417e-03,2.28374879e-03,2.35875850e-03,2.41184383e-03,2.44038229e-03,2.44310127e-03,2.41991406e-03,2.37173491e-03,2.30028643e-03,2.20791030e-03,2.09738921e-03,1.97178586e-03,1.83430243e-03,1.68816240e-03,1.53651478e-03,1.38236012e-03,1.22849645e-03,1.07748309e-03,9.31619811e-04,7.92938763e-04,6.63206624e-04,5.43934580e-04,4.36393923e-04,3.41635324e-04,2.60510097e-04,1.93692032e-04,1.41698638e-04,1.04910862e-04,8.35905464e-05,7.78950931e-05,8.78889336e-05,1.13551549e-04,1.54781898e-04,2.11399208e-04,2.83140179e-04,3.69652746e-04,4.70486622e-04,5.85080978e-04,7.12749683e-04,8.52664717e-04,1.00383847e-03,1.16510585e-03,1.33510729e-03,1.51227396e-03,1.69481671e-03,1.88072051e-03,2.06774632e-03,2.25344244e-03,2.43516771e-03,2.61012862e-03,2.77543267e-03,2.92815977e-03,3.06545317e-03,3.18463073e-03,3.28331646e-03,3.35959081e-03,3.41215713e-03,3.44051936e-03,3.44516451e-03,3.42774080e-03,3.39122039e-03,3.34003314e-03,3.28015584e-03,3.21914021e-03,3.16606169e-03,3.13137195e-03,3.12663940e-03,3.16416544e-03,3.25646976e-03,3.41564506e-03,3.65259114e-03,3.97615003e-03,4.39217649e-03,4.90259252e-03,5.50448885e-03,6.18934923e-03,6.94248463e-03,7.74277123e-03,8.56278743e-03,9.36943989e-03,1.01251540e-02,1.07896808e-02,1.13225401e-02,1.16860738e-02,1.18490368e-02,1.17905932e-02,1.15045275e-02,1.10034250e-02,1.03225251e-02,9.52291645e-03,8.69372381e-03,7.95294575e-03,7.44663390e-03,7.34617141e-03,7.84350224e-03,9.14428547e-03,1.14590931e-02,1.49929270e-02,1.99334910e-02,2.64388008e-02,3.46248417e-02,4.45540658e-02,5.62255579e-02,6.95676740e-02,8.44338690e-02,1.00602275e-01,1.17779387e-01,1.35607949e-01,1.53678865e-01,1.71546650e-01,1.88747672e-01,2.04820213e-01,2.19325175e-01,2.31866197e-01,2.42107928e-01,2.49791299e-01,2.54744818e-01,2.56891186e-01,2.56248833e-01,2.52928333e-01,2.47124016e-01,2.39101406e-01,2.29181424e-01,2.17722442e-01,2.05101437e-01
5071,frozen,7.41902929e-01,7.41462742e-01,7.31991500e-01,7.13779502e-01,6.87395664e-01,6.53660966e-01,6.13610109e-01,5.68443713e-01,5.19473915e-01,4.68066584e-01,4.15583469e-01,3.63327455e-01,3.12493793e-01,2.64129624e-01,2.19103487e-01,1.78085771e-01,1.41540332e-01,1.09726795e-01,8.27124386e-02,6.03920936e-02,4.25141307e-02,2.87104452e-02,1.85283328e-02,1.14622762e-02,6.98390368e-03,4.56871741e-03,3.71856704e-03,3.97924889e-03,4.95299488e-03,6.30596360e-03,7.77113355e-03,9.14721538e-03,1.02943418e-02,1.11273613e-02,1.16075638e-02,1.17336123e-02,1.15323598e-02,1.10501073e-02,1.03447227e-02,9.47890334e-03,8.51473322e-03,7.50957636e-03,6.51325262e-03,5.56637445e-03,4.69967654e-03,3.93414541e-03,3.28174966e-03,2.74657974e-03,2.32622533e-03,2.01324447e-03,1.79660809e-03,1.66303383e-03,1.59815158e-03,1.58746837e-03,1.61712147e-03,1.67442495e-03,1.74822696e-03,1.82910244e-03,1.90941051e-03,1.98324629e-03,2.04631604e-03,2.09576188e-03,2.12995812e-03,2.14829777e-03,2.15098298e-03,2.13882967e-03,2.11309278e-03,2.07531586e-03,2.02720626e-03,1.97053540e-03,1.90706240e-03,1.83847849e-03,1.76636926e-03,1.69219170e-03,1.61726301e-03,1.54275841e-03,1.46971559e-03,1.39904371e-03,1.33153518e-03,1.26787910e-03,1.20867508e-03,1.15444695e-03,1.10565574e-03,1.06271152e-03,1.02598420e-03,9.95812898e-04,9.72514048e-04,9.56388262e-04,9.47725921e-04,9.46811591e-04,9.53927278e-04,9.69354508e-04,9.93375215e-04,1.02627134e-03,1.06832305e-03,1.11980534e-03,1.18098295e-03,1.25210317e-03,1.33338641e-03,1.42501410e-03,1.52711368e-03,1.63974039e-03,1.76285550e-03,1.89630084e-03,2.03976961e-03,2.19277343e-03,2.35460605e-03,2.52430431e-03,2.70060730e-03,2.88191532e-03,3.06625045e-03,3.25122150e-03,3.43399660e-03,3.61128738e-03,3.77934940e-03,3.93400434e-03,4.07068942e-03,4.18454050e-03,4.27051448e-03,4.32355674e-03,4.33881784e-03,4.31192212e-03,4.23928816e-03,4.11849764e-03,3.94870471e-03,3.73107278e-03,3.46921970e-03,3.16964563e-03,2.84211159e-03,2.49993019e-03,2.16012492e-03,1.84341112e-03,1.57395056e-03,1.37883492e-03,1.28726007e-03,1.32936582e-03,1.53473351e-03,1.93055768e-03,2.53953727e-03,3.37756519e-03,4.45133175e-03,5.75599408e-03,7.27309781e-03,8.96896510e-03,1.07937805e-02,1.26816087e-02,1.45515631e-02,1.63103061e-02,1.78560019e-02,1.90837583e-02,1.98924865e-02,2.01929880e-02,1.99169397e-02,1.90263182e-02,1.75226781e-02,1.54556008e-02,1.29295648e-02,1.01084758e-02,7.21713645e-03,4.53904518e-03,2.41008598e-03,1.20790830e-03,1.33708046e-03,3.21042006e-03,7.22723481e-03,1.37495218e-02,2.30774439e-02,3.54256008e-02,5.09017145e-02,6.94893367e-02,9.10360485e-02,1.15248362e-01,1.41694156e-01,1.69813019e-01,1.98934341e-01,2.28302461e-01,2.57107655e-01,2.84521293e-01,3.09733179e-01,3.31988830e-01,3.50624467e-01
5072,frozen,7.44486134e-01,7.43390532e-01,7.33603467e-01,7.15402390e-01,6.89324009e-01,6.56140583e-01,6.16825454e-01,5.72509842e-01,5.24433383e-01,4.73891253e-01,4.22180815e-01,3.70550675e-01,3.20154763e-01,2.72013604e-01,2.26984432e-01,1.85741140e-01,1.48764413e-01,1.16341765e-01,8.85766120e-02,6.54050734e-02,4.66188279e-02,3.18921730e-02,2.08113686e-02,1.29044221e-02,7.66966090e-03,4.60170922e-03,3.21381885e-03,3.05585905e-03,3.72762717e-03,4.88746961e-03,6.25648522e-03,7.61880542e-03,8.81860229e-03,9.75456437e-03,1.03726067e-02,1.06575537e-02,1.06244619e-02,1.03101486e-02,9.76537126e-03,9.04797652e-03,8.21721516e-03,7.32930670e-03,6.43424348e-03,5.57374915e-03,4.78025329e-03,4.07671070e-03,3.47707958e-03,2.98727338e-03,2.60641407e-03,2.32823563e-03,2.14251265e-03,2.03641741e-03,1.99573644e-03,2.00590328e-03,2.05282666e-03,2.12351122e-03,2.20648184e-03,2.29203237e-03,2.37232535e-03,2.44137199e-03,2.49492178e-03,2.53028929e-03,2.54614261e-03,2.54227397e-03,2.51936918e-03,2.47878802e-03,2.42236450e-03,2.35223209e-03,2.27067659e-03,2.18001713e-03,2.08251389e-03,1.98030050e-03,1.87533794e-03,1.76938667e-03,1.66399368e-03,1.56049119e-03,1.46000409e-03,1.36346354e-03,1.27162453e-03,1.18508568e-03,1.10430984e-03,1.02964441e-03,9.61340709e-04,8.99571739e-04,8.44448202e-04,7.96032460e-04,7.54350490e-04,7.19401835e-04,6.91167651e-04,6.69616956e-04,6.54711223e-04,6.46407425e-04,6.44659646e-04,6.49419349e-04,6.60634357e-04,6.78246590e-04,7.02188573e-04,7.32378707e-04,7.68715285e-04,8.11069214e-04,8.59275415e-04,9.13122886e-04,9.72343416e-04,1.03659902e-03,1.10546815e-03,1.17843100e-03,1.25485396e-03,1.33397397e-03,1.41488310e-03,1.49651431e-03,1.57762931e-03,1.65680983e-03,1.73245382e-03,1.80277812e-03,1.86582987e-03,1.91950855e-03,1.96160087e-03,1.98983086e-03,2.00192696e-03,1.99570773e-03,1.96918714e-03,1.92069932e-03,1.84904136e-03,1.75363122e-03,1.63467562e-03,1.49334061e-03,1.33191492e-03,1.15395357e-03,9.64386661e-04,7.69576300e-04,5.77302771e-04,3.96660975e-04,2.37848899e-04,1.11832780e-04,2.98786599e-05,2.94751647e-06,4.09614065e-05,1.51960848e-04,3.41188869e-04,6.10154056e-04,9.55742614e-04,1.36946659e-03,1.83695030e-03,2.33776764e-03,2.84574723e-03,3.32985787e-03,3.75577201e-03,4.08817718e-03,4.29386554e-03,4.34557745e-03,4.22651053e-03,3.93533068e-03,3.49144311e-03,2.94020306e-03,2.35767608e-03,1.85450302e-03,1.57839466e-03,1.71478149e-03,2.48518317e-03,4.14294257e-03,6.96609349e-03,1.12472956e-02,1.72809690e-02,2.53479839e-02,3.56984894e-02,4.85336906e-02,6.39875744e-02,8.21097282e-02,1.02850476e-01,1.26049546e-01,1.51429398e-01,1.78594133e-01,2.07034637e-01,2.36140261e-01,2.65216910e-01,2.93510996e-01,3.20238269e-01,3.44616157e-01,3.65897926e-01,3.83406759e-01,3.96567775e-01
5073,frozen,7.05891527e-01,7.04840603e-01,6.94841616e-01,6.76207390e-01,6.49537646e-01,6.15689991e-01,5.75738353e-01,5.30921498e-01,4.82584821e-01,4.32119003e-01,3.80899150e-01,3.30227896e-01,2.81285497e-01,2.35089360e-01,1.92464666e-01,1.54026955e-01,1.20176691e-01,9.11050792e-02,6.68097484e-02,4.71184156e-02,3.17183413e-02,2.01892408e-02,1.20373707e-02,6.72869859e-03,3.71938747e-03,2.48222459e-03,2.52806721e-03,3.42182437e-03,4.79290897e-03,6.34045375e-03,7.83386809e-03,9.10951220e-03,1.00643785e-02,1.06477034e-02,1.08513975e-02,1.07000917e-02,1.02414700e-02,9.53741027e-03,8.65629655e-03,7.66672052e-03,6.63265150e-03,5.61004551e-03,4.64477660e-03,3.77171467e-03,3.01473943e-03,2.38746801e-03,1.89447903e-03,1.53283537e-03,1.29373566e-03,1.16415732e-03,1.12838835e-03,1.16937760e-03,1.26986266e-03,1.41325928e-03,1.58431547e-03,1.76954804e-03,1.95748836e-03,2.13876948e-03,2.30608836e-03,2.45407588e-03,2.57910438e-03,2.67905873e-03,2.75309186e-03,2.80138155e-03,2.82490028e-03,2.82520641e-03,2.80426137e-03,2.76427490e-03,2.70757836e-03,2.63652448e-03,2.55341125e-03,2.46042681e-03,2.35961210e-03,2.25283825e-03,2.14179546e-03,2.02799087e-03,1.91275308e-03,1.79724122e-03,1.68245719e-03,1.56925969e-03,1.45837910e-03,1.35043264e-03,1.24593907e-03,1.14533297e-03,1.04897796e-03,9.57179268e-04,8.70195098e-04,7.88247251e-04,7.11530743e-04,6.40222601e-04,5.74489844e-04,5.14496696e-04,4.60411024e-04,4.12410029e-04,3.70685109e-04,3.35445872e-04,3.06923151e-04,2.85370917e-04,2.71066880e-04,2.64311597e-04,2.65425815e-04,2.74745801e-04,2.92616379e-04,3.19381398e-04,3.55371390e-04,4.00888251e-04,4.56186842e-04,5.21453597e-04,5.96782389e-04,6.82148195e-04,7.77379416e-04,8.82130121e-04,9.95853955e-04,1.11778197e-03,1.24690723e-03,1.38197961e-03,1.52151486e-03,1.66382228e-03,1.80705612e-03,1.94929559e-03,2.08865836e-03,2.22345216e-03,2.35236767e-03,2.47471483e-03,2.59070212e-03,2.70175600e-03,2.81087383e-03,2.92300012e-03,3.04541113e-03,3.18808858e-03,3.36405866e-03,3.58966864e-03,3.88477054e-03,4.27277969e-03,4.78057697e-03,5.43822611e-03,6.27848384e-03,7.33608954e-03,8.64683302e-03,1.02464143e-02,1.21691256e-02,1.44464051e-02,1.71053271e-02,2.01671126e-02,2.36457534e-02,2.75468493e-02,3.18667584e-02,3.65921482e-02,4.17000166e-02,4.71582225e-02,5.29265276e-02,5.89581076e-02,6.52014440e-02,7.16024633e-02,7.81067494e-02,8.46616310e-02,9.12179309e-02,9.77311755e-02,1.04162094e-01,1.10476288e-01,1.16643035e-01,1.22633263e-01,1.28416852e-01,1.33959503e-01,1.39219495e-01,1.44144723e-01,1.48670446e-01,1.52718124e-01,1.56195726e-01,1.58999734e-01,1.61018964e-01,1.62140149e-01,1.62255029e-01,1.61268540e-01,1.59107520e-01,1.55729227e-01,1.51128930e-01,1.45345800e-01,1.38466448e-01,1.30625569e-01,1.22003395e-01
5074,frozen,6.52533279e-01,6.51884247e-01,6.42916614e-01,6.25914078e-01,6.01427176e-01,5.70246807e-01,5.33366117e-01,4.91933108e-01,4.47196905e-01,4.00450938e-01,3.52976383e-01,3.05989086e-01,2.60592779e-01,2.17740910e-01,1.78208671e-01,1.42576088e-01,1.11222271e-01,8.43302148e-02,6.19008942e-02,4.37749805e-02,2.96601367e-02,1.91617390e-02,1.18148806e-02,7.11568224e-03,4.55021610e-03,3.61971680e-03,3.86115952e-03,4.86270657e-03,6.27391666e-03,7.81095675e-03,9.25733372e-03,1.04608619e-02,1.13277014e-02,1.18143444e-02,1.19184004e-02,1.16689567e-02,1.11171678e-02,1.03275945e-02,9.37065814e-03,8.31643631e-03,7.22989161e-03,6.16751569e-03,5.17528390e-03,4.28775434e-03,3.52810850e-03,2.90891513e-03,2.43340243e-03,2.09704000e-03,1.88925836e-03,1.79516561e-03,1.79715417e-03,1.87632342e-03,2.01367355e-03,2.19105151e-03,2.39185006e-03,2.60147644e-03,2.80761702e-03,3.00033065e-03,3.17200555e-03,3.31721396e-03,3.43249642e-03,3.51610360e-03,3.56771880e-03,3.58817973e-03,3.57921328e-03,3.54319297e-03,3.48292473e-03,3.40146423e-03,3.30196598e-03,3.18756315e-03,3.06127562e-03,2.92594315e-03,2.78418007e-03,2.63834803e-03,2.49054321e-03,2.34259492e-03,2.19607274e-03,2.05229975e-03,1.91236983e-03,1.77716739e-03,1.64738823e-03,1.52356050e-03,1.40606511e-03,1.29515497e-03,1.19097282e-03,1.09356738e-03,1.00290781e-03,9.18896333e-04,8.41379251e-04,7.70156328e-04,7.04988675e-04,6.45605319e-04,5.91708582e-04,5.42978443e-04,4.99076074e-04,4.59646706e-04,4.24322055e-04,3.92722496e-04,3.64459225e-04,3.39136663e-04,3.16355383e-04,2.95715877e-04,2.76823526e-04,2.59295166e-04,2.42767714e-04,2.26909352e-04,2.11433824e-04,1.96118457e-04,1.80826545e-04,1.65534752e-04,1.50366212e-04,1.35629938e-04,1.21867067e-04,1.09904329e-04,1.00914878e-04,9.64862644e-05,9.86948966e-05,1.10185698e-04,1.34254914e-04,1.74933086e-04,2.37064094e-04,3.26374925e-04,4.49529437e-04,6.14157934e-04,8.28852977e-04,1.10312056e-03,1.44727487e-03,1.87226426e-03,2.38941666e-03,3.01009348e-03,3.74524411e-03,4.60485684e-03,5.59730805e-03,6.72861928e-03,8.00164123e-03,9.41519560e-03,1.09632180e-02,1.26339592e-02,1.44093157e-02,1.62643722e-02,1.81672492e-02,2.00793518e-02,2.19561189e-02,2.37483564e-02,2.54042260e-02,2.68719245e-02,2.81030539e-02,2.90566246e-02,2.97035767e-02,3.00316338e-02,3.00502344e-02,2.97952191e-02,2.93328935e-02,2.87630475e-02,2.82204966e-02,2.78747273e-02,2.79272799e-02,2.86066009e-02,3.01602251e-02,3.28443236e-02,3.69108519e-02,4.25927484e-02,5.00878532e-02,5.95424180e-02,7.10352405e-02,8.45635627e-02,1.00031904e-01,1.17244943e-01,1.35905407e-01,1.55617683e-01,1.75897536e-01,1.96187913e-01,2.15880375e-01,2.34341273e-01,2.50941349e-01,2.65087099e-01,2.76252017e-01,2.84005705e-01,2.88038871e-01,2.88182449e-01,2.84419390e-01
5075,frozen,7.30980087e-01,7.32197272e-01,7.24062348e-01,7.06848875e-01,6.81134722e-01,6.47772543e-01,6.07846878e-01,5.62620701e-01,5.13474845e-01,4.61844076e-01,4.09153659e-01,3.56760015e-01,3.05898651e-01,2.57641824e-01,2.12867660e-01,1.72241556e-01,1.36209868e-01,1.05005088e-01,7.86610923e-02,5.70365086e-02,3.98440008e-02,2.66830991e-02,1.70742934e-02,1.04923028e-02,6.39675777e-03,4.25893705e-03,3.58363624e-03,3.92568637e-03,4.90104567e-03,6.19273758e-03,7.55218289e-03,8.79666747e-03,9.80379742e-03,1.05038281e-02,1.08707217e-02,1.09127070e-02,1.06629925e-02,1.01711504e-02,9.49553671e-03,8.69697579e-03,7.83380880e-03,6.95829816e-03,6.11429731e-03,5.33603488e-03,4.64782669e-03,4.06451268e-03,3.59241769e-03,3.23064876e-03,2.97256513e-03,2.80728556e-03,2.72112786e-03,2.69890602e-03,2.72503705e-03,2.78443423e-03,2.86318211e-03,2.94900385e-03,3.03154154e-03,3.10247676e-03,3.15552136e-03,3.18630900e-03,3.19221630e-03,3.17213935e-03,3.12624756e-03,3.05573264e-03,2.96256648e-03,2.84927762e-03,2.71875279e-03,2.57406695e-03,2.41834300e-03,2.25464053e-03,2.08587169e-03,1.91474145e-03,1.74370901e-03,1.57496691e-03,1.41043456e-03,1.25176294e-03,1.10034761e-03,9.57347564e-04,8.23707652e-04,7.00182910e-04,5.87363313e-04,4.85697822e-04,3.95516905e-04,3.17052883e-04,2.50457688e-04,1.95817740e-04,1.53165774e-04,1.22489530e-04,1.03737290e-04,9.68202800e-05,1.01612002e-04,1.17944579e-04,1.45602249e-04,1.84312144e-04,2.33732575e-04,2.93439088e-04,3.62908623e-04,4.41502233e-04,5.28446924e-04,6.22817330e-04,7.23518101e-04,8.29268061e-04,9.38587391e-04,1.04978929e-03,1.16097770e-03,1.27005293e-03,1.37472696e-03,1.47255032e-03,1.56095226e-03,1.63729583e-03,1.69894873e-03,1.74337053e-03,1.76821583e-03,1.77145168e-03,1.75148659e-03,1.70730667e-03,1.63861282e-03,1.54595145e-03,1.43082923e-03,1.29580151e-03,1.14452303e-03,9.81749566e-04,8.13280401e-04,6.45833659e-04,4.86850594e-04,3.44230570e-04,2.26005868e-04,1.39974586e-04,9.33203798e-05,9.22590543e-05,1.41763269e-04,2.45426718e-04,4.05536691e-04,6.23427373e-04,9.00183845e-04,1.23775697e-03,1.64053063e-03,2.11735437e-03,2.68401601e-03,3.36608086e-03,4.20196901e-03,5.24608234e-03,6.57173345e-03,8.27357475e-03,1.04691845e-02,1.32994448e-02,1.69273499e-02,2.15349227e-02,2.73179862e-02,3.44786547e-02,4.32155541e-02,5.37119625e-02,6.61222647e-02,8.05573206e-02,9.70695503e-02,1.15638702e-01,1.36159396e-01,1.58431569e-01,1.82154944e-01,2.06928460e-01,2.32255438e-01,2.57554873e-01,2.82178888e-01,3.05435932e-01,3.26618815e-01,3.45036270e-01,3.60046329e-01,3.71089514e-01,3.77719732e-01,3.79630738e-01,3.76676240e-01,3.68882057e-01,3.56449226e-01,3.39747548e-01,3.19299758e-01,2.95757120e-01,2.69867917e-01,2.42440816e-01,2.14305426e-01,1.86272617e-01,1.59097097e-01
5076,frozen,6.78947363e-01,6.79201342e-01,6.71034234e-01,6.54704277e-01,6.30733127e-01,5.99881165e-01,5.63111576e-01,5.21545422e-01,4.76410385e-01,4.28986250e-01,3.80550242e-01,3.32325235e-01,2.85433560e-01,2.40858599e-01,1.99415789e-01,1.61733953e-01,1.28247178e-01,9.91968067e-02,7.46425218e-02,5.44810354e-02,3.84705875e-02,2.62592769e-02,1.74152356e-02,1.14567687e-02,7.88081037e-03,6.18835750e-03,5.90589698e-03,6.60222503e-03,7.90041874e-03,9.48505079e-03,1.11050128e-02,1.25725219e-02,1.37590222e-02,1.45887632e-02,1.50308414e-02,1.50904461e-02,1.47999623e-02,1.42104693e-02,1.33840468e-02,1.23871691e-02,1.12853431e-02,1.01390395e-02,9.00087496e-03,7.91393416e-03,6.91107517e-03,6.01503492e-03,5.23914218e-03,4.58845226e-03,4.06113379e-03,3.64996228e-03,3.34380249e-03,3.12899095e-03,2.99055751e-03,2.91324976e-03,2.88234545e-03,2.88425494e-03,2.90692808e-03,2.94008870e-03,2.97532429e-03,3.00606072e-03,3.02745085e-03,3.03620416e-03,3.03038062e-03,3.00916869e-03,2.97266282e-03,2.92165200e-03,2.85742742e-03,2.78161405e-03,2.69602837e-03,2.60256261e-03,2.50309428e-03,2.39941880e-03,2.29320239e-03,2.18595222e-03,2.07900054e-03,1.97350006e-03,1.87042761e-03,1.77059389e-03,1.67465728e-03,1.58313989e-03,1.49644488e-03,1.41487367e-03,1.33864264e-03,1.26789868e-03,1.20273325e-03,1.14319486e-03,1.08929986e-03,1.04104155e-03,9.98397671e-04,9.61336400e-04,9.29820833e-04,9.03812201e-04,8.83271801e-04,8.68161756e-04,8.58444661e-04,8.54082162e-04,8.55032492e-04,8.61247010e-04,8.72665751e-04,8.89212042e-04,9.10786232e-04,9.37258637e-04,9.68461829e-04,1.00418249e-03,1.04415308e-03,1.08804377e-03,1.13545501e-03,1.18591151e-03,1.23885815e-03,1.29365894e-03,1.34959975e-03,1.40589602e-03,1.46170652e-03,1.51615409e-03,1.56835443e-03,1.61745351e-03,1.66267394e-03,1.70336993e-03,1.73908995e-03,1.76964502e-03,1.79517962e-03,1.81624084e-03,1.83384018e-03,1.84950093e-03,1.86528278e-03,1.88377469e-03,1.90804605e-03,1.94154695e-03,1.98794916e-03,2.05092196e-03,2.13384061e-03,2.23943060e-03,2.36935775e-03,2.52378232e-03,2.70090548e-03,2.89654640e-03,3.10379919e-03,3.31282835e-03,3.51086941e-03,3.68250548e-03,3.81029019e-03,3.87578077e-03,3.86103077e-03,3.75056919e-03,3.53386145e-03,3.20820746e-03,2.78198459e-03,2.27809136e-03,1.73739304e-03,1.22191948e-03,8.17521257e-04,6.35660306e-04,8.14000338e-04,1.51547566e-03,2.92555964e-03,5.24752770e-03,8.69561427e-03,1.34860972e-02,1.98264981e-02,2.79032582e-02,3.78684177e-02,4.98259879e-02,6.38188332e-02,7.98169683e-02,9.77082060e-02,1.17292055e-01,1.38277651e-01,1.60286336e-01,1.82859227e-01,2.05469837e-01,2.27541451e-01,2.48468629e-01,2.67641871e-01,2.84474180e-01,2.98428076e-01,3.09041472e-01,3.15950817e-01,3.18910028e-01,3.17803953e-01,3.12655415e-01,3.03625302e-01
5077,frozen,7.02552196e-01,7.03808995e-01,6.96293217e-01,6.80238534e-01,6.56157823e-01,6.24818716e-01,5.87206933e-01,5.44479672e-01,4.97911910e-01,4.48838864e-01,3.98597975e-01,3.48473691e-01,2.99648004e-01,2.53159158e-01,2.09870315e-01,1.70449212e-01,1.35359088e-01,1.04860444e-01,7.90225360e-02,5.77430418e-02,4.07739417e-02,2.77515001e-02,1.82281991e-02,1.17046061e-02,7.65940313e-03,5.57614573e-03,4.96570916e-03,5.38379173e-03,6.44323964e-03,7.82131348e-03,9.26231094e-03,1.05761812e-02,1.16339099e-02,1.23605214e-02,1.27265444e-02,1.27387297e-02,1.24307098e-02,1.18541625e-02,1.10708990e-02,1.01461555e-02,9.14323490e-03,8.11952954e-03,7.12386054e-03,6.19500174e-03,5.36120803e-03,4.64054494e-03,4.04181060e-03,3.56585153e-03,3.20709435e-03,2.95514372e-03,2.79632801e-03,2.71510618e-03,2.69527933e-03,2.72097644e-03,2.77740640e-03,2.85138479e-03,2.93165659e-03,3.00904348e-03,3.07644828e-03,3.12875014e-03,3.16262201e-03,3.17629932e-03,3.16932385e-03,3.14228291e-03,3.09655851e-03,3.03409746e-03,2.95720900e-03,2.86839344e-03,2.77020295e-03,2.66513311e-03,2.55554300e-03,2.44360047e-03,2.33124875e-03,2.22019063e-03,2.11188649e-03,2.00756261e-03,1.90822688e-03,1.81468928e-03,1.72758489e-03,1.64739802e-03,1.57448587e-03,1.50910105e-03,1.45141210e-03,1.40152187e-03,1.35948326e-03,1.32531253e-03,1.29899990e-03,1.28051783e-03,1.26982684e-03,1.26687912e-03,1.27161998e-03,1.28398728e-03,1.30390890e-03,1.33129827e-03,1.36604796e-03,1.40802143e-03,1.45704284e-03,1.51288494e-03,1.57525505e-03,1.64377930e-03,1.71798509e-03,1.79728215e-03,1.88094248e-03,1.96807978e-03,2.05762911e-03,2.14832772e-03,2.23869850e-03,2.32703758e-03,2.41140801e-03,2.48964210e-03,2.55935486e-03,2.61797163e-03,2.66277319e-03,2.69096143e-03,2.69974885e-03,2.68647461e-03,2.64874911e-03,2.58462808e-03,2.49281537e-03,2.37289186e-03,2.22556480e-03,2.05292928e-03,1.85872962e-03,1.64860445e-03,1.43029584e-03,1.21379818e-03,1.01142012e-03,8.37729932e-04,7.09354623e-04,6.44604210e-04,6.62897002e-04,7.83969197e-04,1.02686320e-03,1.40870407e-03,1.94329236e-03,2.63956355e-03,3.49998882e-03,4.51901756e-03,5.68168617e-03,6.96253948e-03,8.32502578e-03,9.72153286e-03,1.10942263e-02,1.23768302e-02,1.34974543e-02,1.43825136e-02,1.49617174e-02,1.51740142e-02,1.49742822e-02,1.43404504e-02,1.32806348e-02,1.18397860e-02,1.01052799e-02,8.21084623e-03,6.33824503e-03,4.71615352e-03,3.61584236e-03,3.34338311e-03,4.22834301e-03,6.60917353e-03,1.08157727e-02,1.71499755e-02,2.58649815e-02,3.71449357e-02,5.10860192e-02,6.76804540e-02,8.68047741e-02,1.08213547e-01,1.31539458e-01,1.56300301e-01,1.81912978e-01,2.07714119e-01,2.32986460e-01,2.56989650e-01,2.78993781e-01,2.98313690e-01,3.14341914e-01,3.26578248e-01,3.34654011e-01,3.38349465e-01,3.37603282e-01
5078,frozen,6.54442967e-01,6.54562624e-01,6.45985077e-01,6.29004620e-01,6.04204901e-01,5.72429172e-01,5.34737603e-01,4.92354455e-01,4.46608496e-01,3.98870416e-01,3.50491036e-01,3.02743916e-01,2.56775461e-01,2.13565002e-01,1.73896476e-01,1.38342488e-01,1.07260648e-01,8.08013221e-02,5.89252154e-02,4.14287854e-02,2.79751268e-02,1.81279054e-02,1.13859825e-02,7.21662038e-03,5.08551338e-03,4.48233134e-03,4.94093141e-03,6.05386163e-03,7.48120452e-03,8.95416710e-03,1.02740975e-02,1.13077911e-02,1.19800402e-02,1.22643918e-02,1.21730165e-02,1.17464821e-02,1.10440770e-02,1.01351671e-02,9.09190349e-03,7.98344475e-03,6.87172432e-03,5.80868467e-03,4.83482099e-03,3.97882581e-03,3.25810058e-03,2.67989670e-03,2.24286228e-03,1.93879707e-03,1.75445138e-03,1.67324167e-03,1.67679210e-03,1.74624520e-03,1.86331400e-03,2.01107188e-03,2.17449445e-03,2.34077993e-03,2.49948221e-03,2.64249383e-03,2.76391592e-03,2.85984974e-03,2.92814024e-03,2.96809705e-03,2.98021317e-03,2.96589625e-03,2.92722295e-03,2.86672269e-03,2.78719376e-03,2.69155241e-03,2.58271334e-03,2.46349905e-03,2.33657454e-03,2.20440368e-03,2.06922337e-03,1.93303194e-03,1.79758845e-03,1.66442010e-03,1.53483519e-03,1.40993976e-03,1.29065625e-03,1.17774295e-03,1.07181329e-03,9.73354432e-04,8.82744579e-04,8.00268788e-04,7.26133139e-04,6.60477176e-04,6.03384614e-04,5.54892369e-04,5.14997966e-04,4.83665396e-04,4.60829510e-04,4.46399006e-04,4.40258083e-04,4.42266808e-04,4.52260227e-04,4.70046262e-04,4.95402394e-04,5.28071148e-04,5.67754391e-04,6.14106455e-04,6.66726100e-04,7.25147393e-04,7.88829561e-04,8.57145995e-04,9.29372611e-04,1.00467590e-03,1.08210112e-03,1.16056127e-03,1.23882759e-03,1.31552271e-03,1.38911761e-03,1.45793403e-03,1.52015402e-03,1.57383874e-03,1.61695871e-03,1.64743777e-03,1.66321314e-03,1.66231359e-03,1.64295725e-03,1.60367004e-03,1.54342424e-03,1.46179533e-03,1.35913328e-03,1.23674193e-03,1.09705730e-03,9.43812675e-04,7.82175078e-04,6.18834756e-04,4.62026875e-04,3.21463042e-04,2.08150181e-04,1.34076149e-04,1.11745788e-04,1.53558358e-04,2.71027804e-04,4.73861145e-04,7.68927289e-04,1.15916812e-03,1.64252478e-03,2.21097307e-03,2.84978090e-03,3.53711503e-03,4.24413166e-03,4.93568223e-03,5.57175019e-03,6.10970373e-03,6.50740295e-03,6.72713714e-03,6.74029119e-03,6.53255291e-03,6.10938093e-03,5.50136362e-03,4.76902213e-03,4.00655499e-03,3.34399839e-03,2.94729385e-03,3.01582062e-03,3.77706767e-03,5.47828790e-03,8.37519027e-03,1.27179707e-02,1.87352446e-02,2.66167001e-02,3.64955163e-02,4.84317649e-02,6.23981019e-02,7.82690558e-02,9.58151002e-02,1.14702473e-01,1.34499370e-01,1.54688721e-01,1.74687278e-01,1.93870252e-01,2.11600251e-01,2.27258863e-01,2.40278936e-01,2.50175434e-01,2.56572743e-01,2.59226500e-01,2.58038324e-01,2.53062318e-01
5079,frozen,6.12296117e-01,6.09783234e-01,5.99644479e-01,5.82195570e-01,5.57990783e-01,5.27796293e-01,4.92553430e-01,4.53334161e-01,4.11291536e-01,3.67608085e-01,3.23445169e-01,2.79896105e-01,2.37945503e-01,1.98436707e-01,1.62048632e-01,1.29282575e-01,1.00458937e-01,7.57231536e-02,5.50596442e-02,3.83121710e-02,2.52087947e-02,1.53894993e-02,8.43462003e-03,3.89237769e-03,1.30409261e-03,2.25977814e-04,2.46775912e-04,1.00086473e-03,2.17679328e-03,3.52149882e-03,4.84068425e-03,5.99599531e-03,6.89972834e-03,7.50782646e-03,7.81189373e-03,7.83088461e-03,7.60302299e-03,7.17838442e-03,6.61244801e-03,5.96080229e-03,5.27507860e-03,4.60009273e-03,3.97210318e-03,3.41804315e-03,2.95555292e-03,2.59362686e-03,2.33369171e-03,2.17094721e-03,2.09582227e-03,2.09542640e-03,2.15490489e-03,2.25863369e-03,2.39121551e-03,2.53826029e-03,2.68695089e-03,2.82640820e-03,2.94787867e-03,3.04477304e-03,3.11258690e-03,3.14873375e-03,3.15231887e-03,3.12387913e-03,3.06510979e-03,2.97859499e-03,2.86755461e-03,2.73561602e-03,2.58661607e-03,2.42443583e-03,2.25286818e-03,2.07551676e-03,1.89572365e-03,1.71652246e-03,1.54061286e-03,1.37035294e-03,1.20776551e-03,1.05455507e-03,9.12132293e-04,7.81643392e-04,6.64002274e-04,5.59923568e-04,4.69955189e-04,3.94509350e-04,3.33891246e-04,2.88324839e-04,2.57975411e-04,2.42968636e-04,2.43406075e-04,2.59377017e-04,2.90966663e-04,3.38260653e-04,4.01345924e-04,4.80307906e-04,5.75224014e-04,6.86153413e-04,8.13123008e-04,9.56109632e-04,1.11501841e-03,1.28965739e-03,1.47970851e-03,1.68469520e-03,1.90394705e-03,2.13656212e-03,2.38136788e-03,2.63688190e-03,2.90127397e-03,3.17233159e-03,3.44743140e-03,3.72351939e-03,3.99710330e-03,4.26426119e-03,4.52067024e-03,4.76166016e-03,4.98229570e-03,5.17749237e-03,5.34216882e-03,5.47143827e-03,5.56084012e-03,5.60661020e-03,5.60598587e-03,5.55753869e-03,5.46152333e-03,5.32022758e-03,5.13830308e-03,4.92305258e-03,4.68464501e-03,4.43622642e-03,4.19389339e-03,3.97649502e-03,3.80523303e-03,3.70303481e-03,3.69368420e-03,3.80070796e-03,4.04603352e-03,4.44845446e-03,5.02196424e-03,5.77404435e-03,6.70401867e-03,7.80160911e-03,9.04584632e-03,1.04044999e-02,1.18341926e-02,1.32813501e-02,1.46841086e-02,1.59752574e-02,1.70862303e-02,1.79520828e-02,1.85173017e-02,1.87421967e-02,1.86095285e-02,1.81309383e-02,1.73526763e-02,1.63600829e-02,1.52802715e-02,1.42825031e-02,1.35758254e-02,1.34036888e-02,1.40354331e-02,1.57547527e-02,1.88454948e-02,2.35753885e-02,3.01785342e-02,3.88376820e-02,4.96674596e-02,6.26997728e-02,7.78725706e-02,9.50230370e-02,1.13886047e-01,1.34098414e-01,1.55209084e-01,1.76695006e-01,1.97981994e-01,2.18469504e-01,2.37557923e-01,2.54676712e-01,2.69311669e-01,2.81029559e-01,2.89498544e-01,2.94503089e-01,2.95952449e-01,2.93882249e-01,2.88449194e-01
5080,frozen,6.79127919e-01,6.79518161e-01,6.70716058e-01,6.53015149e-01,6.27022061e-01,5.93625323e-01,5.53949817e-01,5.09299877e-01,4.61094780e-01,4.10800752e-01,3.59863700e-01,3.09646649e-01,2.61375347e-01,2.16094754e-01,1.74638239e-01,1.37610338e-01,1.05382978e-01,7.81041592e-02,5.57174155e-02,3.79897741e-02,2.45456548e-02,1.49040200e-02,8.51618977e-03,4.80200713e-03,3.18243850e-03,3.10718037e-03,4.07636571e-03,5.65597716e-03,7.48704087e-03,9.28906719e-03,1.08585026e-02,1.20631544e-02,1.28336471e-02,1.31529759e-02,1.30451537e-02,1.25638233e-02,1.17815419e-02,1.07802638e-02,9.64336582e-03,8.44938718e-03,7.26750996e-03,6.15468476e-03,5.15422058e-03,4.29560024e-03,3.59525543e-03,3.05803214e-03,2.67909284e-03,2.44603162e-03,2.34101637e-03,2.34281381e-03,2.42859494e-03,2.57545718e-03,2.76163273e-03,2.96738060e-03,3.17558022e-03,3.37205933e-03,3.54569745e-03,3.68835021e-03,3.79463955e-03,3.86165226e-03,3.88858403e-03,3.87636045e-03,3.82726005e-03,3.74455804e-03,3.63220376e-03,3.49453968e-03,3.33606574e-03,3.16124940e-03,2.97437936e-03,2.77945913e-03,2.58013571e-03,2.37965814e-03,2.18086041e-03,1.98616368e-03,1.79759305e-03,1.61680475e-03,1.44512011e-03,1.28356352e-03,1.13290186e-03,9.93683702e-04,8.66276982e-04,7.50904076e-04,6.47673778e-04,5.56609789e-04,4.77675548e-04,4.10795398e-04,3.55872148e-04,3.12801162e-04,2.81481109e-04,2.61821536e-04,2.53747382e-04,2.57200553e-04,2.72138613e-04,2.98530652e-04,3.36350357e-04,3.85566281e-04,4.46129343e-04,5.17957609e-04,6.00918442e-04,6.94808233e-04,7.99330024e-04,9.14069543e-04,1.03847037e-03,1.17180921e-03,1.31317272e-03,1.46143742e-03,1.61525507e-03,1.77304580e-03,1.93300237e-03,2.09310867e-03,2.25117646e-03,2.40490434e-03,2.55196291e-03,2.69010990e-03,2.81733866e-03,2.93206198e-03,3.03333208e-03,3.12109537e-03,3.19647776e-03,3.26209327e-03,3.32236454e-03,3.38383976e-03,3.45548566e-03,3.54893211e-03,3.67863936e-03,3.86195600e-03,4.11903393e-03,4.47256701e-03,4.94732321e-03,5.56944629e-03,6.36551341e-03,7.36134915e-03,8.58061451e-03,1.00432112e-02,1.17635663e-02,1.37488867e-02,1.59975001e-02,1.84974179e-02,2.12252744e-02,2.41458013e-02,2.72119932e-02,3.03660989e-02,3.35415399e-02,3.66658025e-02,3.96642849e-02,4.24649950e-02,4.50039080e-02,4.72306981e-02,4.91144739e-02,5.06490726e-02,5.18574277e-02,5.27945081e-02,5.35483610e-02,5.42388670e-02,5.50139429e-02,5.60430972e-02,5.75084488e-02,5.95935489e-02,6.24705742e-02,6.62866746e-02,7.11504296e-02,7.71194756e-02,8.41903950e-02,9.22918896e-02,1.01282097e-01,1.10950650e-01,1.21025730e-01,1.31186000e-01,1.41076849e-01,1.50330023e-01,1.58585334e-01,1.65512925e-01,1.70834409e-01,1.74341234e-01,1.75908761e-01,1.75504876e-01,1.73192337e-01,1.69124587e-01,1.63535279e-01,1.56722288e-01,1.49027456e-01
5081,frozen,6.69492631e-01,6.69674398e-01,6.61865734e-01,6.46301081e-01,6.23457632e-01,5.94033289e-01,5.58914478e-01,5.19135779e-01,4.75833747e-01,4.30197614e-01,3.83419660e-01,3.36647941e-01,2.90943797e-01,2.47246151e-01,2.06344068e-01,1.68858463e-01,1.35233228e-01,1.05735465e-01,8.04639785e-02,5.93648051e-02,4.22521991e-02,2.88333819e-02,1.87352897e-02,1.15316511e-02,6.76890121e-03,3.98969732e-03,2.75310362e-03,2.65083821e-03,3.31929516e-03,4.44734685e-03,5.78018201e-03,7.11962964e-03,8.32155464e-03,9.29098691e-03,9.97566625e-03,1.03586588e-02,1.04506365e-02,1.02823207e-02,9.89748533e-03,9.34680346e-03,8.68271392e-03,7.95538670e-03,7.20978259e-03,6.48373743e-03,5.80695346e-03,5.20075093e-03,4.67841900e-03,4.24600443e-03,3.90338674e-03,3.64550544e-03,3.46362724e-03,3.34656473e-03,3.28178244e-03,3.25634803e-03,3.25770639e-03,3.27427057e-03,3.29583615e-03,3.31383495e-03,3.32144970e-03,3.31361470e-03,3.28692778e-03,3.23949857e-03,3.17075511e-03,3.08122851e-03,2.97233140e-03,2.84614267e-03,2.70520780e-03,2.55236070e-03,2.39057066e-03,2.22281588e-03,2.05198318e-03,1.88079243e-03,1.71174340e-03,1.54708214e-03,1.38878385e-03,1.23854912e-03,1.09781064e-03,9.67747632e-04,8.49305688e-04,7.43219833e-04,6.50039234e-04,5.70152082e-04,5.03809586e-04,4.51148250e-04,4.12209843e-04,3.86958629e-04,3.75295615e-04,3.77069659e-04,3.92085377e-04,4.20107874e-04,4.60864326e-04,5.14042523e-04,5.79286480e-04,6.56189245e-04,7.44283084e-04,8.43027226e-04,9.51793415e-04,1.06984958e-03,1.19634195e-03,1.33027620e-03,1.47049804e-03,1.61567422e-03,1.76427460e-03,1.91455661e-03,2.06455324e-03,2.21206616e-03,2.35466562e-03,2.48969910e-03,2.61431076e-03,2.72547377e-03,2.82003777e-03,2.89479341e-03,2.94655571e-03,2.97226740e-03,2.96912279e-03,2.93471166e-03,2.86718112e-03,2.76541223e-03,2.62920575e-03,2.45946960e-03,2.25839805e-03,2.02963034e-03,1.77837404e-03,1.51147670e-03,1.23742778e-03,9.66272461e-04,7.09419782e-04,4.79329976e-04,2.89070136e-04,1.51733968e-04,7.97302858e-05,8.39561905e-05,1.72884374e-04,3.51609170e-04,6.20912142e-04,9.76424061e-04,1.40797463e-03,1.89923271e-03,2.42774588e-03,2.96548763e-03,3.48001032e-03,3.93628172e-03,4.29925098e-03,4.53714528e-03,4.62544289e-03,4.55140335e-03,4.31896346e-03,3.95373486e-03,3.50776935e-03,3.06369967e-03,2.73782321e-03,2.68168133e-03,3.08170426e-03,4.15654641e-03,6.15183145e-03,9.33216078e-03,1.39704093e-02,2.03345304e-02,2.86723063e-02,3.91946948e-02,5.20586245e-02,6.73502500e-02,8.50697923e-02,1.05119127e-01,1.27293238e-01,1.51276523e-01,1.76644722e-01,2.02872916e-01,2.29349707e-01,2.55397264e-01,2.80296490e-01,3.03316200e-01,3.23744818e-01,3.40922870e-01,3.54274387e-01,3.63335317e-01,3.67777175e-01,3.67424393e-01,3.62264220e-01,3.52448466e-01,3.38286928e-01
5082,frozen,7.18429416e-01,7.18410788e-01,7.09518004e-01,6.92022019e-01,6.66472800e-01,6.33673525e-01,5.94642722e-01,5.50566678e-01,5.02744994e-01,4.52532543e-01,4.01281199e-01,3.50284596e-01,3.00728833e-01,2.53651537e-01,2.09911010e-01,1.70166483e-01,1.34869700e-01,1.04267371e-01,7.84133800e-02,5.71891351e-02,4.03301017e-02,2.74563778e-02,1.81051515e-02,1.17630086e-02,7.89631323e-03,5.97822250e-03,5.51129376e-03,6.04505490e-03,7.18830825e-03,8.61629636e-03,1.00731551e-02,1.13703025e-02,1.23815569e-02,1.30358457e-02,1.33083669e-02,1.32110061e-02,1.27827110e-02,1.20803973e-02,1.11708147e-02,1.01236578e-02,9.00607167e-03,7.87858284e-03,6.79239142e-03,5.78788659e-03,4.89420157e-03,4.12959818e-03,3.50246571e-03,3.01272878e-03,2.65347994e-03,2.41268130e-03,2.27481185e-03,2.22236971e-03,2.23716954e-03,2.30140273e-03,2.39845096e-03,2.51346118e-03,2.63370351e-03,2.74874140e-03,2.85044775e-03,2.93290210e-03,2.99220192e-03,3.02621852e-03,3.03432339e-03,3.01710614e-03,2.97610051e-03,2.91353024e-03,2.83208252e-03,2.73471335e-03,2.62448626e-03,2.50444389e-03,2.37751008e-03,2.24641955e-03,2.11367118e-03,1.98150131e-03,1.85187288e-03,1.72647710e-03,1.60674427e-03,1.49386094e-03,1.38879121e-03,1.29230013e-03,1.20497773e-03,1.12726270e-03,1.05946474e-03,1.00178505e-03,9.54334780e-04,9.17151059e-04,8.90210692e-04,8.73441463e-04,8.66731177e-04,8.69934511e-04,8.82877829e-04,9.05362050e-04,9.37163693e-04,9.78034182e-04,1.02769746e-03,1.08584600e-03,1.15213518e-03,1.22617605e-03,1.30752657e-03,1.39568123e-03,1.49005908e-03,1.58999040e-03,1.69470197e-03,1.80330119e-03,1.91475958e-03,2.02789588e-03,2.14135967e-03,2.25361639e-03,2.36293485e-03,2.46737891e-03,2.56480500e-03,2.65286776e-03,2.72903619e-03,2.79062313e-03,2.83483086e-03,2.85881599e-03,2.85977624e-03,2.83506167e-03,2.78231187e-03,2.69961971e-03,2.58572064e-03,2.44020419e-03,2.26374202e-03,2.05832382e-03,1.82748852e-03,1.57653501e-03,1.31269266e-03,1.04522846e-03,7.85464943e-04,5.46681607e-04,3.43872624e-04,1.93336137e-04,1.12075856e-04,1.17004216e-04,2.23948752e-04,4.46479291e-04,7.94593119e-04,1.27331760e-03,1.88131381e-03,2.60958880e-03,3.44044647e-03,4.34682420e-03,5.29217269e-03,6.23103592e-03,7.11047431e-03,7.87244478e-03,8.45720485e-03,8.80774372e-03,8.87516329e-03,8.62483885e-03,8.04308830e-03,7.14397717e-03,5.97579322e-03,4.62664886e-03,3.22862309e-03,1.95984583e-03,1.04396651e-03,7.46539600e-04,1.36800519e-03,3.23314000e-03,6.67709421e-03,1.20283997e-02,1.95896169e-02,2.96165580e-02,4.22972589e-02,5.77320463e-02,7.59161397e-02,9.67262151e-02,1.19912238e-01,1.45095635e-01,1.71774543e-01,1.99336414e-01,2.27077821e-01,2.54230733e-01,2.79994084e-01,3.03568992e-01,3.24195662e-01,3.41189788e-01,3.53976225e-01,3.62117802e-01,3.65337426e-01
5083,frozen,7.60911291e-01,7.60504506e-01,7.50589556e-01,7.31454956e-01,7.03694773e-01,6.68180723e-01,6.26020612e-01,5.78505712e-01,5.27050360e-01,4.73127459e-01,4.18203755e-01,3.63678591e-01,3.10829503e-01,2.60767354e-01,2.14402991e-01,1.72426493e-01,1.35299233e-01,1.03258126e-01,7.63307043e-02,5.43591096e-02,3.70306993e-02,2.39127792e-02,1.44889944e-02,8.19508190e-03,4.45201547e-03,2.69498639e-03,2.39714123e-03,3.08748034e-03,4.36278055e-03,5.89380756e-03,7.42640639e-03,8.77829041e-03,9.83248704e-03,1.05284467e-02,1.08517918e-02,1.08235913e-02,1.04899076e-02,9.91220261e-03,9.15901516e-03,8.29915510e-03,7.39651023e-03,6.50643425e-03,5.67358722e-03,4.93103198e-03,4.30035067e-03,3.79253128e-03,3.40938061e-03,3.14524199e-03,2.98882826e-03,2.92501852e-03,2.93650624e-03,3.00522405e-03,3.11350418e-03,3.24496133e-03,3.38510691e-03,3.52171928e-03,3.64500466e-03,3.74758849e-03,3.82437804e-03,3.87233505e-03,3.89019316e-03,3.87814948e-03,3.83755381e-03,3.77061304e-03,3.68012311e-03,3.56923574e-03,3.44126365e-03,3.29952434e-03,3.14722088e-03,2.98735593e-03,2.82267497e-03,2.65563368e-03,2.48838504e-03,2.32278138e-03,2.16038763e-03,2.00250201e-03,1.85018160e-03,1.70427014e-03,1.56542650e-03,1.43415255e-03,1.31081926e-03,1.19569085e-03,1.08894630e-03,9.90698365e-04,9.01010080e-04,8.19908743e-04,7.47397731e-04,6.83466252e-04,6.28097275e-04,5.81273844e-04,5.42983934e-04,5.13224007e-04,4.92001375e-04,4.79335422e-04,4.75257733e-04,4.79811095e-04,4.93047332e-04,5.15023868e-04,5.45798901e-04,5.85425027e-04,6.33941123e-04,6.91362317e-04,7.57667820e-04,8.32786459e-04,9.16579751e-04,1.00882244e-03,1.10918053e-03,1.21718688e-03,1.33221483e-03,1.45345024e-03,1.57986292e-03,1.71017852e-03,1.84285243e-03,1.97604774e-03,2.10761943e-03,2.23510778e-03,2.35574419e-03,2.46647264e-03,2.56399068e-03,2.64481327e-03,2.70536281e-03,2.74208769e-03,2.75161075e-03,2.73090749e-03,2.67751158e-03,2.58974282e-03,2.46694972e-03,2.30975548e-03,2.12029302e-03,1.90241143e-03,1.66183370e-03,1.40624409e-03,1.14528357e-03,8.90433460e-04,6.54772384e-04,4.52598368e-04,2.98918836e-04,2.08824318e-04,1.96777771e-04,2.75869231e-04,4.57103882e-04,7.48808941e-04,1.15625881e-03,1.68162653e-03,2.32436971e-03,3.08214925e-03,3.95235588e-03,4.93428317e-03,6.03193475e-03,7.25738972e-03,8.63457669e-03,1.02032280e-02,1.20227080e-02,1.41753398e-02,1.67688052e-02,1.99371685e-02,2.38400845e-02,2.86598087e-02,3.45957234e-02,4.18562425e-02,5.06481430e-02,6.11635927e-02,7.35653766e-02,8.79710649e-02,1.04437071e-01,1.22943719e-01,1.43382529e-01,1.65546946e-01,1.89127636e-01,2.13713281e-01,2.38797511e-01,2.63792201e-01,2.88046955e-01,3.10874083e-01,3.31577936e-01,3.49487045e-01,3.63987198e-01,3.74553378e-01,3.80778459e-01,3.82396684e-01,3.79300217e-01
5084,frozen,7.05153004e-01,7.06961908e-01,7.00776061e-01,6.86760539e-01,6.65317790e-01,6.37070000e-01,6.02831526e-01,5.63573010e-01,5.20379243e-01,4.74403190e-01,4.26818721e-01,3.78774599e-01,3.31352068e-01,2.85528071e-01,2.42145683e-01,2.01892794e-01,1.65289579e-01,1.32684673e-01,1.04259515e-01,8.00398860e-02,5.99133160e-02,4.36508570e-02,3.09316017e-02,2.13683533e-02,1.45329706e-02,9.98010921e-03,7.26833375e-03,5.97786431e-03,5.72451571e-03,6.16967048e-03,7.02637923e-03,8.06189111e-03,9.09707572e-03,1.00033018e-02,1.06973909e-02,1.11352676e-02,1.13048956e-02,1.12190202e-02,1.09081547e-02,1.04141478e-02,9.78457277e-03,9.06807921e-03,8.31076587e-03,7.55355976e-03,6.83053029e-03,6.16802726e-03,5.58450684e-03,5.09089842e-03,4.69136592e-03,4.38432655e-03,4.16360582e-03,4.01962741e-03,3.94055786e-03,3.91334748e-03,3.92462888e-03,3.96145204e-03,4.01184979e-03,4.06523873e-03,4.11266946e-03,4.14694528e-03,4.16263168e-03,4.15597996e-03,4.12478750e-03,4.06821568e-03,3.98658347e-03,3.88115225e-03,3.75391377e-03,3.60739059e-03,3.44445526e-03,3.26817228e-03,3.08166465e-03,2.88800540e-03,2.69013305e-03,2.49078925e-03,2.29247610e-03,2.09743045e-03,1.90761249e-03,1.72470558e-03,1.55012507e-03,1.38503346e-03,1.23035998e-03,1.08682279e-03,9.54952281e-04,8.35114328e-04,7.27532539e-04,6.32308757e-04,5.49441325e-04,4.78840728e-04,4.20342401e-04,3.73716566e-04,3.38675075e-04,3.14875300e-04,3.01921162e-04,2.99361465e-04,3.06685755e-04,3.23317960e-04,3.48608180e-04,3.81823035e-04,4.22135104e-04,4.68612081e-04,5.20206423e-04,5.75746398e-04,6.33929599e-04,6.93320170e-04,7.52351137e-04,8.09333407e-04,8.62473105e-04,9.09899021e-04,9.49701918e-04,9.79987386e-04,9.98943715e-04,1.00492589e-03,9.96556271e-04,9.72841774e-04,9.33306380e-04,8.78136614e-04,8.08336186e-04,7.25884369e-04,6.33890921e-04,5.36738556e-04,4.40202177e-04,3.51532615e-04,2.79491424e-04,2.34322847e-04,2.27649405e-04,2.72279075e-04,3.81914807e-04,5.70761548e-04,8.53031864e-04,1.24235897e-03,1.75113512e-03,2.38980368e-03,3.16614433e-03,4.08460193e-03,5.14571967e-03,6.34574506e-03,7.67648234e-03,9.12546445e-03,1.06765121e-02,1.23107346e-02,1.40080061e-02,1.57489220e-02,1.75172057e-02,1.93024908e-02,2.11033581e-02,2.29304608e-02,2.48095220e-02,2.67839539e-02,2.89168193e-02,3.12918482e-02,3.40132326e-02,3.72039583e-02,4.10024961e-02,4.55577613e-02,5.10223620e-02,5.75442870e-02,6.52573230e-02,7.42706315e-02,8.46580436e-02,9.64477366e-02,1.09613025e-01,1.24065019e-01,1.39647868e-01,1.56137218e-01,1.73242359e-01,1.90612325e-01,2.07845969e-01,2.24505765e-01,2.40134797e-01,2.54276145e-01,2.66493642e-01,2.76392822e-01,2.83640786e-01,2.87983721e-01,2.89260906e-01,2.87414226e-01,2.82492482e-01,2.74650137e-01,2.64140463e-01,2.51303489e-01,2.36549443e-01
5085,frozen,6.09696306e-01,6.10000686e-01,6.03342003e-01,5.89909801e-01,5.70097140e-01,5.44483289e-01,5.13808186e-01,4.78940122e-01,4.40838503e-01,4.00513759e-01,3.58986592e-01,3.17248698e-01,2.76226929e-01,2.36752546e-01,1.99536851e-01,1.65154009e-01,1.34031422e-01,1.06447542e-01,8.25366043e-02,6.22993929e-02,4.56188979e-02,3.22795573e-02,2.19886972e-02,1.43988169e-02,9.12947033e-03,5.78766794e-03,3.98594305e-03,3.35747210e-03,3.56788874e-03,4.32367126e-03,5.37719559e-03,6.52872244e-03,7.62571958e-03,8.56000779e-03,9.26326199e-03,9.70140210e-03,9.86837790e-03,9.77979605e-03,9.46676363e-03,8.97023940e-03,8.33609858e-03,7.61103505e-03,6.83935148e-03,6.06062624e-03,5.30819713e-03,4.60836740e-03,3.98021749e-03,3.43589625e-03,2.98126523e-03,2.61677737e-03,2.33848441e-03,2.13908438e-03,2.00893836e-03,1.93700422e-03,1.91165223e-03,1.92134255e-03,1.95515747e-03,2.00319154e-03,2.05681001e-03,2.10879112e-03,2.15337090e-03,2.18620976e-03,2.20430030e-03,2.20583404e-03,2.19004293e-03,2.15702903e-03,2.10759308e-03,2.04307023e-03,1.96517892e-03,1.87588656e-03,1.77729434e-03,1.67154159e-03,1.56072939e-03,1.44686218e-03,1.33180558e-03,1.21725843e-03,1.10473673e-03,9.95567480e-04,8.90890109e-04,7.91663841e-04,6.98679113e-04,6.12571693e-04,5.33838233e-04,4.62852280e-04,3.99879913e-04,3.45094431e-04,2.98589580e-04,2.60391030e-04,2.30465842e-04,2.08729799e-04,1.95052530e-04,1.89260397e-04,1.91137188e-04,2.00422673e-04,2.16809135e-04,2.39936039e-04,2.69383013e-04,3.04661440e-04,3.45204969e-04,3.90359379e-04,4.39372358e-04,4.91383832e-04,5.45417697e-04,6.00375919e-04,6.55036187e-04,7.08054482e-04,7.57974086e-04,8.03242780e-04,8.42240053e-04,8.73316271e-04,8.94845722e-04,9.05295351e-04,9.03310719e-04,8.87820294e-04,8.58158470e-04,8.14206847e-04,7.56552048e-04,6.86656905e-04,6.07040029e-04,5.21456777e-04,4.35072358e-04,3.54615476e-04,2.88498575e-04,2.46888631e-04,2.41710710e-04,2.86565504e-04,3.96542042e-04,5.87907998e-04,8.77662956e-04,1.28294473e-03,1.82028572e-03,2.50472544e-03,3.34879647e-03,4.36141453e-03,5.54671779e-03,6.90291600e-03,8.42122523e-03,1.00849775e-02,1.18690051e-02,1.37394055e-02,1.56537920e-02,1.75621272e-02,1.94082187e-02,2.11319288e-02,2.26721115e-02,2.39702437e-02,2.49746599e-02,2.56452403e-02,2.59583395e-02,2.59116802e-02,2.55288895e-02,2.48633156e-02,2.40007439e-02,2.30606444e-02,2.21956147e-02,2.15887521e-02,2.14487910e-02,2.20029635e-02,2.34876965e-02,2.61374194e-02,3.01719237e-02,3.57828745e-02,4.31202022e-02,5.22792040e-02,6.32892249e-02,7.61047776e-02,9.05998828e-02,1.06566268e-01,1.23715866e-01,1.41687788e-01,1.60059694e-01,1.78363148e-01,1.96102279e-01,2.12774819e-01,2.27894368e-01,2.41012616e-01,2.51740216e-01,2.59765041e-01,2.64866705e-01,2.66926448e-01,2.65931794e-01
5086,frozen,7.12181779e-01,7.12339132e-01,7.02786698e-01,6.83833739e-01,6.56126999e-01,6.20617890e-01,5.78513529e-01,5.31214870e-01,4.80246033e-01,4.27179470e-01,3.73561746e-01,3.20844523e-01,2.70324748e-01,2.23097233e-01,1.80021751e-01,1.41705637e-01,1.08501736e-01,8.05204888e-02,5.76540627e-02,3.96098004e-02,2.59498768e-02,1.61339537e-02,9.56177648e-03,5.61302420e-03,3.68225736e-03,3.20743525e-03,3.69114038e-03,4.71428657e-03,5.94265296e-03,7.12704104e-03,8.09817575e-03,8.75765692e-03,9.06632099e-03,9.03131274e-03,8.69301589e-03,8.11277960e-03,7.36213229e-03,6.51392282e-03,5.63559268e-03,4.78457907e-03,4.00568716e-03,3.33015628e-03,2.77607712e-03,2.34979281e-03,2.04792671e-03,1.85971687e-03,1.76939096e-03,1.75837836e-03,1.80722024e-03,1.89709804e-03,2.01095239e-03,2.13420507e-03,2.25512582e-03,2.36490425e-03,2.45749559e-03,2.52930937e-03,2.57880504e-03,2.60604919e-03,2.61227779e-03,2.59949480e-03,2.57012763e-03,2.52674961e-03,2.47187196e-03,2.40780141e-03,2.33655583e-03,2.25982771e-03,2.17898440e-03,2.09509455e-03,2.00897075e-03,1.92122046e-03,1.83229841e-03,1.74255583e-03,1.65228345e-03,1.56174623e-03,1.47120947e-03,1.38095641e-03,1.29129809e-03,1.20257677e-03,1.11516420e-03,1.02945617e-03,9.45864522e-04,8.64807869e-04,7.86701920e-04,7.11950069e-04,6.40934844e-04,5.74010503e-04,5.11496960e-04,4.53675093e-04,4.00783378e-04,3.53015740e-04,3.10520465e-04,2.73400012e-04,2.41711560e-04,2.15468137e-04,1.94640248e-04,1.79157891e-04,1.68912969e-04,1.63762093e-04,1.63529844e-04,1.68012616e-04,1.76983158e-04,1.90196017e-04,2.07394060e-04,2.28316273e-04,2.52707032e-04,2.80326992e-04,3.10965690e-04,3.44455862e-04,3.80689371e-04,4.19634474e-04,4.61353986e-04,5.06023666e-04,5.53949937e-04,6.05585759e-04,6.61543267e-04,7.22601509e-04,7.89707442e-04,8.63968258e-04,9.46633057e-04,1.03906209e-03,1.14268205e-03,1.25892655e-03,1.38916157e-03,1.53459683e-03,1.69618520e-03,1.87451391e-03,2.06969262e-03,2.28124538e-03,2.50801477e-03,2.74808778e-03,2.99875363e-03,3.25650377e-03,3.51708345e-03,3.77560192e-03,4.02670579e-03,4.26481512e-03,4.48441731e-03,4.68040765e-03,4.84845966e-03,4.98540328e-03,5.08958494e-03,5.16118227e-03,5.20244815e-03,5.21786459e-03,5.21419722e-03,5.20045628e-03,5.18778830e-03,5.18934436e-03,5.22019199e-03,5.29735746e-03,5.44009809e-03,5.67050823e-03,6.01455261e-03,6.50359464e-03,7.17644261e-03,8.08187372e-03,9.28151629e-03,1.08528796e-02,1.28922263e-02,1.55168929e-02,1.88665962e-02,2.31032228e-02,2.84086070e-02,3.49798625e-02,4.30219547e-02,5.27373871e-02,6.43131143e-02,7.79050763e-02,9.36210586e-02,1.11502877e-01,1.31509151e-01,1.53500118e-01,1.77226032e-01,2.02320645e-01,2.28301087e-01,2.54575137e-01,2.80456408e-01,3.05187389e-01,3.27969680e-01,3.48000083e-01,3.64510626e-01
5087,frozen,6.90989723e-01,6.88912481e-01,6.78653421e-01,6.60514835e-01,6.35044244e-01,6.03009465e-01,5.65363605e-01,5.23202070e-01,4.77714115e-01,4.30131735e-01,3.81678768e-01,3.33522943e-01,2.86733322e-01,2.42245097e-01,2.00833183e-01,1.63095387e-01,1.29445326e-01,1.00114646e-01,7.51636000e-02,5.44985973e-02,3.78950805e-02,2.50239152e-02,1.54794762e-02,8.80771485e-03,4.53270110e-03,2.18041086e-03,1.29885777e-03,1.47400730e-03,2.34124299e-03,3.59245355e-03,4.97906022e-03,6.31149514e-03,7.45577026e-03,8.32784226e-03,8.88648866e-03,9.12537193e-03,9.06489333e-03,8.74433790e-03,8.21469802e-03,7.53244615e-03,6.75441524e-03,5.93384595e-03,5.11757665e-03,4.34428771e-03,3.64366642e-03,3.03633241e-03,2.53435234e-03,2.14217553e-03,1.85783503e-03,1.67427836e-03,1.58071605e-03,1.56390162e-03,1.60928137e-03,1.70197523e-03,1.82756953e-03,1.97271878e-03,2.12556563e-03,2.27599701e-03,2.41575983e-03,2.53846191e-03,2.63948452e-03,2.71583128e-03,2.76593577e-03,2.78944700e-03,2.78700837e-03,2.76004231e-03,2.71054926e-03,2.64092716e-03,2.55381458e-03,2.45195901e-03,2.33811004e-03,2.21493608e-03,2.08496257e-03,1.95052896e-03,1.81376179e-03,1.67656107e-03,1.54059724e-03,1.40731632e-03,1.27795114e-03,1.15353663e-03,1.03492785e-03,9.22819286e-04,8.17764539e-04,7.20195612e-04,6.30441204e-04,5.48743624e-04,4.75274058e-04,4.10146002e-04,3.53426769e-04,3.05147046e-04,2.65308465e-04,2.33889238e-04,2.10847862e-04,1.96124945e-04,1.89643184e-04,1.91305545e-04,2.00991682e-04,2.18552672e-04,2.43804139e-04,2.76517891e-04,3.16412242e-04,3.63141264e-04,4.16283291e-04,4.75329132e-04,5.39670582e-04,6.08589969e-04,6.81251687e-04,7.56696848e-04,8.33842417e-04,9.11486397e-04,9.88320850e-04,1.06295467e-03,1.13394821e-03,1.19986168e-03,1.25931952e-03,1.31109208e-03,1.35419606e-03,1.38801401e-03,1.41243232e-03,1.42799595e-03,1.43607615e-03,1.43904595e-03,1.44045569e-03,1.44519870e-03,1.45965477e-03,1.49179700e-03,1.55124557e-03,1.64925101e-03,1.79858923e-03,2.01335170e-03,2.30861695e-03,2.69999435e-03,3.20303765e-03,3.83253534e-03,4.60169556e-03,5.52125688e-03,6.59857013e-03,7.83671145e-03,9.23370046e-03,1.07819091e-02,1.24677541e-02,1.42717693e-02,1.61691459e-02,1.81308175e-02,2.01251412e-02,2.21201885e-02,2.40866205e-02,2.60010628e-02,2.78498386e-02,2.96328598e-02,3.13674115e-02,3.30915224e-02,3.48665756e-02,3.67788024e-02,3.89393159e-02,4.14823880e-02,4.45617489e-02,4.83448026e-02,5.30047916e-02,5.87111026e-02,6.56180829e-02,7.38529040e-02,8.35031660e-02,9.46050538e-02,1.07132932e-01,1.20991277e-01,1.36009777e-01,1.51942324e-01,1.68470378e-01,1.85210959e-01,2.01729199e-01,2.17555031e-01,2.32203297e-01,2.45196235e-01,2.56087064e-01,2.64483230e-01,2.70067825e-01,2.72617716e-01,2.72017135e-01,2.68265700e-01,2.61480226e-01
5088,frozen,6.31219517e-01,6.29598613e-01,6.20599807e-01,6.04484789e-01,5.81734097e-01,5.53025473e-01,5.19203299e-01,4.81240913e-01,4.40197992e-01,3.97175450e-01,3.53270352e-01,3.09533257e-01,2.66930134e-01,2.26310635e-01,1.88383987e-01,1.53703270e-01,1.22658265e-01,9.54765366e-02,7.22319745e-02,5.28596095e-02,3.71752937e-02,2.48986696e-02,1.56778331e-02,9.11417513e-03,4.78605551e-03,2.27019750e-03,1.15997286e-03,1.08004176e-03,1.69710365e-03,2.72678074e-03,3.93688154e-03,5.14746776e-03,6.22826880e-03,7.09405484e-03,7.69859597e-03,8.02780771e-03,8.09262304e-03,7.92204627e-03,7.55674627e-03,7.04344391e-03,6.43024948e-03,5.76301659e-03,5.08270306e-03,4.42366997e-03,3.81280752e-03,3.26934979e-03,2.80522908e-03,2.42582067e-03,2.13093922e-03,1.91596418e-03,1.77299295e-03,1.69194235e-03,1.66154145e-03,1.67017953e-03,1.70659049e-03,1.76037026e-03,1.82233460e-03,1.88473327e-03,1.94134115e-03,1.98744958e-03,2.01978158e-03,2.03635313e-03,2.03630088e-03,2.01969309e-03,1.98733798e-03,1.94059983e-03,1.88123067e-03,1.81122214e-03,1.73268026e-03,1.64772369e-03,1.55840485e-03,1.46665214e-03,1.37423087e-03,1.28272032e-03,1.19350402e-03,1.10777055e-03,1.02652231e-03,9.50590059e-04,8.80651152e-04,8.17249964e-04,7.60819131e-04,7.11700620e-04,6.70165861e-04,6.36434403e-04,6.10690743e-04,5.93099089e-04,5.83815957e-04,5.83000530e-04,5.90822789e-04,6.07469411e-04,6.33147457e-04,6.68085833e-04,7.12534511e-04,7.66761448e-04,8.31047133e-04,9.05676647e-04,9.90929119e-04,1.08706446e-03,1.19430726e-03,1.31282775e-03,1.44271986e-03,1.58397645e-03,1.73646181e-03,1.89988203e-03,2.07375367e-03,2.25737162e-03,2.44977752e-03,2.64972996e-03,2.85567875e-03,3.06574538e-03,3.27771252e-03,3.48902571e-03,3.69681082e-03,3.89791086e-03,4.08894603e-03,4.26640062e-03,4.42674007e-03,4.56656052e-03,4.68277230e-03,4.77281693e-03,4.83491539e-03,4.86834254e-03,4.87371986e-03,4.85331512e-03,4.81133403e-03,4.75418540e-03,4.69069792e-03,4.63226390e-03,4.59288362e-03,4.58908350e-03,4.63968287e-03,4.76538782e-03,4.98819709e-03,5.33061391e-03,5.81467025e-03,6.46078407e-03,7.28648753e-03,8.30508215e-03,9.52429526e-03,1.09450293e-02,1.25603095e-02,1.43545449e-02,1.63032184e-02,1.83731175e-02,2.05231973e-02,2.27061422e-02,2.48706521e-02,2.69644290e-02,2.89377844e-02,3.07477239e-02,3.23623020e-02,3.37649834e-02,3.49586979e-02,3.59692460e-02,3.68477030e-02,3.76714872e-02,3.85438072e-02,3.95912789e-02,4.09596130e-02,4.28073994e-02,4.52981659e-02,4.85910337e-02,5.28304424e-02,5.81355345e-02,6.45898865e-02,7.22323139e-02,8.10494761e-02,9.09709370e-02,1.01867220e-01,1.13551213e-01,1.25783081e-01,1.38278567e-01,1.50720357e-01,1.62771908e-01,1.74092949e-01,1.84355729e-01,1.93260975e-01,2.00552534e-01,2.06029749e-01,2.09556755e-01,2.11068100e-01
5089,frozen,6.97049993e-01,6.96596276e-01,6.87149498e-01,6.69023815e-01,6.42825271e-01,6.09421332e-01,5.69897653e-01,5.25504882e-01,4.77598874e-01,4.27578050e-01,3.76821630e-01,3.26632283e-01,2.78186238e-01,2.32493261e-01,1.90368082e-01,1.52414035e-01,1.19018808e-01,9.03614428e-02,6.64290873e-02,4.70415237e-02,3.18812101e-02,2.05264739e-02,1.24855724e-02,7.22955891e-03,4.22223740e-03,2.94590366e-03,2.92201968e-03,3.72641440e-03,4.99901097e-03,6.44842686e-03,7.85206036e-03,9.05245890e-03,9.95086139e-03,1.04988256e-02,1.06888052e-02,1.05444428e-02,1.01112169e-02,9.44792738e-03,8.61935525e-03,7.69028601e-03,6.72095803e-03,5.76389372e-03,4.86199133e-03,4.04770177e-03,3.34308518e-03,2.76053293e-03,2.30394854e-03,1.97020044e-03,1.75068736e-03,1.63288897e-03,1.60180663e-03,1.64123014e-03,1.73479372e-03,1.86680720e-03,2.02286654e-03,2.19026060e-03,2.35819970e-03,2.51789608e-03,2.66252765e-03,2.78711540e-03,2.88834234e-03,2.96433780e-03,3.01444677e-03,3.03899980e-03,3.03909459e-03,3.01639705e-03,2.97296634e-03,2.91110594e-03,2.83324085e-03,2.74181978e-03,2.63924001e-03,2.52779238e-03,2.40962330e-03,2.28671109e-03,2.16085356e-03,2.03366457e-03,1.90657731e-03,1.78085228e-03,1.65758858e-03,1.53773727e-03,1.42211572e-03,1.31142223e-03,1.20625057e-03,1.10710375e-03,1.01440704e-03,9.28519867e-04,8.49746640e-04,7.78346309e-04,7.14540730e-04,6.58521760e-04,6.10457065e-04,5.70494624e-04,5.38765882e-04,5.15387489e-04,5.00461560e-04,4.94074357e-04,4.96293298e-04,5.07162191e-04,5.26694592e-04,5.54865216e-04,5.91599372e-04,6.36760452e-04,6.90135597e-04,7.51419796e-04,8.20198840e-04,8.95931731e-04,9.77933424e-04,1.06535904e-03,1.15719096e-03,1.25223066e-03,1.34909728e-03,1.44623538e-03,1.54193445e-03,1.63436303e-03,1.72161991e-03,1.80180499e-03,1.87311166e-03,1.93394145e-03,1.98304088e-03,2.01965808e-03,2.04371518e-03,2.05598928e-03,2.05829242e-03,2.05363733e-03,2.04637312e-03,2.04227195e-03,2.04854596e-03,2.07377274e-03,2.12770829e-03,2.22096968e-03,2.36457465e-03,2.56933436e-03,2.84510669e-03,3.19993254e-03,3.63909446e-03,4.16415660e-03,4.77206421e-03,5.45439980e-03,6.19690810e-03,6.97941165e-03,7.77623982e-03,8.55728433e-03,9.28977150e-03,9.94080397e-03,1.04806726e-02,1.08868732e-02,1.11486846e-02,1.12720830e-02,1.12846797e-02,1.12402972e-02,1.12227340e-02,1.13482375e-02,1.17662034e-02,1.26576636e-02,1.42312113e-02,1.67161537e-02,2.03528593e-02,2.53804863e-02,3.20225160e-02,4.04707593e-02,5.08687273e-02,6.32954419e-02,7.77508837e-02,9.41443092e-02,1.12286611e-01,1.31887729e-01,1.52559848e-01,1.73826770e-01,1.95139414e-01,2.15896945e-01,2.35472566e-01,2.53242599e-01,2.68617142e-01,2.81070372e-01,2.90168493e-01,2.95593408e-01,2.97160433e-01,2.94828766e-01,2.88703909e-01,2.79031815e-01,2.66185130e-01
5090,frozen,6.69435777e-01,6.70227073e-01,6.62466264e-01,6.46410303e-01,6.22592128e-01,5.91794214e-01,5.55010053e-01,5.13396034e-01,4.68216715e-01,4.20786869e-01,3.72413707e-01,3.24342584e-01,2.77709057e-01,2.33499639e-01,1.92522858e-01,1.55391507e-01,1.22516157e-01,9.41093181e-02,7.01990124e-02,5.06500372e-02,3.51909031e-02,2.34442829e-02,1.49588335e-02,9.24042265e-03,5.78107198e-03,4.08429233e-03,3.68589186e-03,4.16975028e-03,5.17844109e-03,6.41892362e-03,7.66379919e-03,8.74882261e-03,9.56747763e-03,1.00634688e-02,1.02219609e-02,1.00603217e-02,9.61901663e-03,8.95316382e-03,8.12512158e-03,7.19833613e-03,6.23255254e-03,5.28038303e-03,4.38514183e-03,3.57979473e-03,2.88683373e-03,2.31887075e-03,1.87974498e-03,1.56595286e-03,1.36823359e-03,1.27317235e-03,1.26471510e-03,1.32551993e-03,1.43809845e-03,1.58572548e-03,1.75311521e-03,1.92687724e-03,2.09577632e-03,2.25082617e-03,2.38524999e-03,2.49434094e-03,2.57525298e-03,2.62674957e-03,2.64893308e-03,2.64297322e-03,2.61084839e-03,2.55510959e-03,2.47867290e-03,2.38464356e-03,2.27617227e-03,2.15634238e-03,2.02808571e-03,1.89412360e-03,1.75692966e-03,1.61871055e-03,1.48140104e-03,1.34667021e-03,1.21593582e-03,1.09038418e-03,9.70993665e-04,8.58559944e-04,7.53721758e-04,6.56986166e-04,5.68752565e-04,4.89334972e-04,4.18982254e-04,3.57896113e-04,3.06246731e-04,2.64186037e-04,2.31858599e-04,2.09410142e-04,1.96993699e-04,1.94773363e-04,2.02925608e-04,2.21638083e-04,2.51105774e-04,2.91524395e-04,3.43080849e-04,4.05940597e-04,4.80231803e-04,5.66026140e-04,6.63316264e-04,7.71990028e-04,8.91801726e-04,1.02234085e-03,1.16299915e-03,1.31293710e-03,1.47105136e-03,1.63594527e-03,1.80590495e-03,1.97888413e-03,2.15250172e-03,2.32405613e-03,2.49056160e-03,2.64881161e-03,2.79547502e-03,2.92723021e-03,3.04094230e-03,3.13388732e-03,3.20402592e-03,3.25032663e-03,3.27313613e-03,3.27458991e-03,3.25905247e-03,3.23357079e-03,3.20831948e-03,3.19700987e-03,3.21722990e-03,3.29067646e-03,3.44323830e-03,3.70488570e-03,4.10932403e-03,4.69337276e-03,5.49603934e-03,6.55727058e-03,7.91638109e-03,9.61018058e-03,1.16708472e-02,1.41236234e-02,1.69844389e-02,2.02575968e-02,2.39336800e-02,2.79878570e-02,3.23787708e-02,3.70481933e-02,4.19216051e-02,4.69098244e-02,5.19117556e-02,5.68182558e-02,6.15170349e-02,6.58984128e-02,6.98616621e-02,7.33215786e-02,7.62148453e-02,7.85057122e-02,8.01904927e-02,8.13004041e-02,8.19023459e-02,8.20973194e-02,8.20163440e-02,8.18139092e-02,8.16592011e-02,8.17255514e-02,8.21787441e-02,8.31649723e-02,8.47993397e-02,8.71558346e-02,9.02596608e-02,9.40826838e-02,9.85425481e-02,1.03505753e-01,1.08794667e-01,1.14198117e-01,1.19484900e-01,1.24419244e-01,1.28777090e-01,1.32361900e-01,1.35018755e-01,1.36645545e-01,1.37200330e-01,1.36704227e-01,1.35239540e-01
5091,frozen,7.85387169e-01,7.85968404e-01,7.76471503e-01,7.57213568e-01,7.28838272e-01,6.92283458e-01,6.48734460e-01,5.99566170e-01,5.46277527e-01,4.90422474e-01,4.33541502e-01,3.77097668e-01,3.22420487e-01,2.70660392e-01,2.22755595e-01,1.79412278e-01,1.41098111e-01,1.08048254e-01,8.02822951e-02,5.76300353e-02,3.97636915e-02,2.62339563e-02,1.65074083e-02,1.00029862e-02,6.12559243e-03,4.29532878e-03,3.97134675e-03,4.66977888e-03,5.97566570e-03,7.54918013e-03,9.12675775e-03,1.05179574e-02,1.15990011e-02,1.23039827e-02,1.26146995e-02,1.25499707e-02,1.21551738e-02,1.14925724e-02,1.06328467e-02,9.64807723e-03,8.60628865e-03,7.56754133e-03,6.58146104e-03,5.68603210e-03,4.90743721e-03,4.26071046e-03,3.75097135e-03,3.37502508e-03,3.12314094e-03,2.98085406e-03,2.93067128e-03,2.95359632e-03,3.03042158e-03,3.14276142e-03,3.27382384e-03,3.40893485e-03,3.53584126e-03,3.64482526e-03,3.72866705e-03,3.78249217e-03,3.80353793e-03,3.79086968e-03,3.74507294e-03,3.66794245e-03,3.56218412e-03,3.43114150e-03,3.27855383e-03,3.10834979e-03,2.92447796e-03,2.73077295e-03,2.53085482e-03,2.32805821e-03,2.12538717e-03,1.92549155e-03,1.73066072e-03,1.54283075e-03,1.36360159e-03,1.19426115e-03,1.03581360e-03,8.89009895e-04,7.54378649e-04,6.32256159e-04,5.22814501e-04,4.26087034e-04,3.41990838e-04,2.70345811e-04,2.10890290e-04,1.63293196e-04,1.27162772e-04,1.02052065e-04,8.74613521e-05,8.28377614e-05,8.75723968e-05,1.00995315e-04,1.22368787e-04,1.50879348e-04,1.85629248e-04,2.25628040e-04,2.69785191e-04,3.16904768e-04,3.65683468e-04,4.14713440e-04,4.62491609e-04,5.07437377e-04,5.47920835e-04,5.82303702e-04,6.08995332e-04,6.26526086e-04,6.33640139e-04,6.29409480e-04,6.13370151e-04,5.85680886e-04,5.47303005e-04,5.00198751e-04,4.47543168e-04,3.93942139e-04,3.45646340e-04,3.10747692e-04,2.99341617e-04,3.23635120e-04,3.97977760e-04,5.38790332e-04,7.64364801e-04,1.09450944e-03,1.55001546e-03,2.15192630e-03,2.92059895e-03,3.87455764e-03,5.02915527e-03,6.39507645e-03,7.97673683e-03,9.77065743e-03,1.17639167e-02,1.39328070e-02,1.62418417e-02,1.86432751e-02,2.10773015e-02,2.34730962e-02,2.57508381e-02,2.78248203e-02,2.96076976e-02,3.10158481e-02,3.19757393e-02,3.24310852e-02,3.23504754e-02,3.17350481e-02,3.06256847e-02,2.91091265e-02,2.73223698e-02,2.54546983e-02,2.37467590e-02,2.24861990e-02,2.19995460e-02,2.26402398e-02,2.47729912e-02,2.87549427e-02,3.49144174e-02,4.35283358e-02,5.47996308e-02,6.88361718e-02,8.56327909e-02,1.05057971e-01,1.26846596e-01,1.50599861e-01,1.75793052e-01,2.01791369e-01,2.27873423e-01,2.53261440e-01,2.77156640e-01,2.98777818e-01,3.17400751e-01,3.32395926e-01,3.43262066e-01,3.49653134e-01,3.51396904e-01,3.48503748e-01,3.41164962e-01,3.29740711e-01,3.14738409e-01,2.96783044e-01,2.76581533e-01
5092,frozen,5.88294216e-01,5.90229482e-01,5.84896888e-01,5.72453258e-01,5.53286951e-01,5.27999457e-01,4.97376776e-01,4.62352364e-01,4.23963921e-01,3.83306632e-01,3.41485607e-01,2.99570196e-01,2.58552636e-01,2.19313051e-01,1.82592349e-01,1.48973936e-01,1.18874586e-01,9.25441867e-02,7.00735723e-02,5.14092455e-02,3.63734533e-02,2.46879396e-02,1.59996451e-02,9.90670725e-03,5.98329223e-03,3.80205079e-03,2.95328944e-03,3.06027527e-03,3.79040892e-03,4.86228983e-03,6.04894302e-03,7.17766629e-03,8.12708603e-03,8.82207980e-03,9.22723898e-03,9.33951316e-03,9.18061060e-03,8.78963630e-03,8.21634265e-03,7.51525721e-03,6.74084594e-03,5.94377517e-03,5.16825533e-03,4.45038755e-03,3.81738981e-03,3.28755238e-03,2.87076135e-03,2.56942999e-03,2.37968935e-03,2.29270723e-03,2.29602750e-03,2.37484490e-03,2.51315487e-03,2.69473892e-03,2.90396580e-03,3.12640392e-03,3.34925276e-03,3.56160980e-03,3.75459480e-03,3.92135636e-03,4.05698625e-03,4.15836600e-03,4.22396811e-03,4.25363121e-03,4.24832549e-03,4.20992096e-03,4.14096828e-03,4.04449878e-03,3.92384780e-03,3.78250340e-03,3.62398086e-03,3.45172204e-03,3.26901787e-03,3.07895161e-03,2.88436028e-03,2.68781140e-03,2.49159244e-03,2.29771032e-03,2.10789872e-03,1.92363102e-03,1.74613720e-03,1.57642318e-03,1.41529127e-03,1.26336089e-03,1.12108871e-03,9.88787563e-04,8.66643911e-04,7.54733358e-04,6.53034173e-04,5.61438700e-04,4.79762635e-04,4.07752242e-04,3.45089625e-04,2.91396202e-04,2.46234621e-04,2.09109383e-04,1.79466531e-04,1.56692798e-04,1.40114742e-04,1.28998462e-04,1.22550613e-04,1.19921550e-04,1.20211601e-04,1.22481546e-04,1.25768564e-04,1.29108997e-04,1.31569368e-04,1.32287121e-04,1.30522539e-04,1.25723115e-04,1.17601444e-04,1.06227230e-04,9.21334412e-05,7.64357707e-05,6.09635356e-05,4.83987813e-05,4.24188061e-05,4.78355062e-05,7.07229636e-05,1.18522627e-04,2.00113404e-04,3.25832154e-04,5.07428656e-04,7.57938392e-04,1.09145671e-03,1.52279942e-03,2.06703788e-03,2.73890175e-03,3.55204913e-03,4.51821345e-03,5.64624719e-03,6.94109573e-03,8.40274899e-03,1.00252332e-02,1.17957194e-02,1.36938378e-02,1.56912957e-02,1.77519005e-02,1.98320856e-02,2.18820262e-02,2.38474080e-02,2.56718812e-02,2.73001891e-02,2.86819078e-02,2.97756724e-02,3.05537049e-02,3.10063929e-02,3.11466119e-02,3.10134417e-02,3.06748988e-02,3.02293100e-02,2.98049778e-02,2.95578560e-02,2.96670480e-02,3.03280721e-02,3.17439933e-02,3.41146960e-02,3.76247516e-02,4.24305044e-02,4.86471467e-02,5.63366549e-02,6.54975085e-02,7.60570936e-02,8.78675961e-02,1.00706025e-01,1.14278762e-01,1.28230747e-01,1.42159074e-01,1.55630428e-01,1.68201494e-01,1.79441148e-01,1.88953089e-01,1.96397426e-01,2.01509751e-01,2.04116359e-01,2.04144483e-01,2.01626775e-01,1.96699617e-01,1.89595341e-01,1.80628829e-01,1.70179397e-01
5093,frozen,5.92311677e-01,5.91487533e-01,5.83787458e-01,5.69409341e-01,5.48756597e-01,5.22421145e-01,4.91157758e-01,4.55851242e-01,4.17478305e-01,3.77066281e-01,3.35650977e-01,2.94235919e-01,2.53755101e-01,2.15041016e-01,1.78799376e-01,1.45591446e-01,1.15824379e-01,8.97495011e-02,6.74679633e-02,4.89428453e-02,3.40164643e-02,2.24314652e-02,1.38541816e-02,7.89878160e-03,4.15082784e-03,2.18907340e-03,1.60455857e-03,2.01634986e-03,3.08354453e-03,4.51343405e-03,6.06595998e-03,7.55479358e-03,8.84551903e-03,9.85149507e-03,1.05280149e-02,1.08653820e-02,1.08814778e-02,1.06143302e-02,1.01150964e-02,9.44177855e-03,8.65388492e-03,7.80815332e-03,6.95536832e-03,6.13823140e-03,5.39018900e-03,4.73508503e-03,4.18748277e-03,3.75349337e-03,3.43195199e-03,3.21579610e-03,3.09351953e-03,3.05059914e-03,3.07081497e-03,3.13740900e-03,3.23404905e-03,3.34558378e-03,3.45858983e-03,3.56172438e-03,3.64590448e-03,3.70433983e-03,3.73244788e-03,3.72768036e-03,3.68928850e-03,3.61805166e-03,3.51599024e-03,3.38608004e-03,3.23198131e-03,3.05779172e-03,2.86782964e-03,2.66645074e-03,2.45789901e-03,2.24619105e-03,2.03503155e-03,1.82775669e-03,1.62730177e-03,1.43618912e-03,1.25653243e-03,1.09005378e-03,9.38110003e-04,8.01725251e-04,6.81627401e-04,5.78285976e-04,4.91949940e-04,4.22683973e-04,3.70402225e-04,3.34898813e-04,3.15874557e-04,3.12959683e-04,3.25732321e-04,3.53732791e-04,3.96473711e-04,4.53446046e-04,5.24121254e-04,6.07949687e-04,7.04355467e-04,8.12728048e-04,9.32410706e-04,1.06268626e-03,1.20276037e-03,1.35174279e-03,1.50862718e-03,1.67227009e-03,1.84136992e-03,2.01444702e-03,2.18982595e-03,2.36562176e-03,2.53973182e-03,2.70983552e-03,2.87340415e-03,3.02772385e-03,3.16993436e-03,3.29708685e-03,3.40622396e-03,3.49448493e-03,3.55923865e-03,3.59824650e-03,3.60985606e-03,3.59322551e-03,3.54857646e-03,3.47747102e-03,3.38310610e-03,3.27061483e-03,3.14736153e-03,3.02321306e-03,2.91076550e-03,2.82550185e-03,2.78585330e-03,2.81313464e-03,2.93132362e-03,3.16665534e-03,3.54700594e-03,4.10104598e-03,4.85715302e-03,5.84208518e-03,7.07943303e-03,8.58788556e-03,1.03793670e-02,1.24571230e-02,1.48138582e-02,1.74300464e-02,2.02725533e-02,2.32937225e-02,2.64310794e-02,2.96078001e-02,3.27340755e-02,3.57094659e-02,3.84262984e-02,4.07740992e-02,4.26449816e-02,4.39398334e-02,4.45750650e-02,4.44895981e-02,4.36517061e-02,4.20652588e-02,3.97748949e-02,3.68696401e-02,3.34845244e-02,2.97998156e-02,2.60376009e-02,2.24555818e-02,1.93381244e-02,1.69847905e-02,1.56967735e-02,1.57618452e-02,1.74385839e-02,2.09407754e-02,2.64229450e-02,3.39679882e-02,4.35777967e-02,5.51676462e-02,6.85649104e-02,8.35124103e-02,9.96764196e-02,1.16659038e-01,1.34014344e-01,1.51267473e-01,1.67935548e-01,1.83549243e-01,1.97673720e-01,2.09927680e-01,2.19999431e-01
5094,frozen,6.49496627e-01,6.51368327e-01,6.44927952e-01,6.30404430e-01,6.08297170e-01,5.79350041e-01,5.44513502e-01,5.04897397e-01,4.61717443e-01,4.16238774e-01,3.69719903e-01,3.23360326e-01,2.78254524e-01,2.35354559e-01,1.95442761e-01,1.59115223e-01,1.26776097e-01,9.86419837e-02,7.47551437e-02,5.50038377e-02,3.91478273e-02,2.68469780e-02,1.76909570e-02,1.12282061e-02,6.99265615e-03,4.52700427e-03,3.40176009e-03,3.22964921e-03,3.67531698e-03,4.46057657e-03,5.36568257e-03,6.22727564e-03,6.93373654e-03,7.41871419e-03,7.65356269e-03,7.63934850e-03,7.39898497e-03,6.96993050e-03,6.39776120e-03,5.73080764e-03,5.01593786e-03,4.29547821e-03,3.60519369e-03,2.97320031e-03,2.41965247e-03,1.95703616e-03,1.59090053e-03,1.32087304e-03,1.14182315e-03,1.04506348e-03,1.01950255e-03,1.05268805e-03,1.13170201e-03,1.24388831e-03,1.37740883e-03,1.52163606e-03,1.66739825e-03,1.80709830e-03,1.93472951e-03,2.04581215e-03,2.13727270e-03,2.20728598e-03,2.25509693e-03,2.28083568e-03,2.28533679e-03,2.26996989e-03,2.23648716e-03,2.18689028e-03,2.12331808e-03,2.04795481e-03,1.96295771e-03,1.87040230e-03,1.77224314e-03,1.67028788e-03,1.56618221e-03,1.46140372e-03,1.35726249e-03,1.25490691e-03,1.15533299e-03,1.05939612e-03,9.67824117e-04,8.81230781e-04,8.00129333e-04,7.24945239e-04,6.56028040e-04,5.93661941e-04,5.38074965e-04,4.89446540e-04,4.47913426e-04,4.13573930e-04,3.86490360e-04,3.66689694e-04,3.54162454e-04,3.48859778e-04,3.50688713e-04,3.59505774e-04,3.75108842e-04,3.97227540e-04,4.25512299e-04,4.59522393e-04,4.98713364e-04,5.42424396e-04,5.89866356e-04,6.40111432e-04,6.92085511e-04,7.44564693e-04,7.96177589e-04,8.45415291e-04,8.90651168e-04,9.30172799e-04,9.62228496e-04,9.85090885e-04,9.97139869e-04,9.96967015e-04,9.83502821e-04,9.56167553e-04,9.15045209e-04,8.61078744e-04,7.96282956e-04,7.23969418e-04,6.48975568e-04,5.77887757e-04,5.19245712e-04,4.83713818e-04,4.84203050e-04,5.35926598e-04,6.56372490e-04,8.65178225e-04,1.18389572e-03,1.63564003e-03,2.24462244e-03,3.03557723e-03,4.03310210e-03,5.26094318e-03,6.74126726e-03,8.49397434e-03,1.05361115e-02,1.28814536e-02,1.55403167e-02,1.85196594e-02,2.18235173e-02,2.54537880e-02,2.94113554e-02,3.36975044e-02,3.83155319e-02,4.32724206e-02,4.85803959e-02,5.42581558e-02,6.03315440e-02,6.68334315e-02,7.38025967e-02,8.12814395e-02,8.93124394e-02,9.79333696e-02,1.07171397e-01,1.17036335e-01,1.27513448e-01,1.38556337e-01,1.50080527e-01,1.61958436e-01,1.74016415e-01,1.86034495e-01,1.97749324e-01,2.08860628e-01,2.19041245e-01,2.27950520e-01,2.35250519e-01,2.40624242e-01,2.43794738e-01,2.44543842e-01,2.42729142e-01,2.38297799e-01,2.31295972e-01,2.21872828e-01,2.10278497e-01,1.96855738e-01,1.82025557e-01,1.66267519e-01,1.50095896e-01,1.34033203e-01,1.18582865e-01
5095,frozen,6.41791661e-01,6.41685801e-01,6.33650573e-01,6.17938640e-01,5.95051106e-01,5.65713428e-01,5.30840740e-01,4.91494751e-01,4.48834860e-01,4.04066413e-01,3.58389091e-01,3.12948299e-01,2.68792073e-01,2.26835569e-01,1.87834568e-01,1.52368795e-01,1.20835184e-01,9.34505933e-02,7.02629465e-02,5.11693449e-02,3.59394319e-02,2.42421375e-02,1.56739415e-02,9.78691748e-03,6.11504766e-03,4.19759614e-03,3.59867049e-03,3.92245236e-03,4.82391567e-03,6.01515059e-03,7.26765900e-03,8.41117169e-03,9.32965693e-03,9.95524561e-03,1.02607973e-02,1.02517836e-02,9.95808161e-03,9.42616421e-03,8.71205580e-03,7.87530255e-03,6.97409522e-03,6.06158350e-03,5.18334061e-03,4.37587544e-03,3.66604785e-03,3.07121915e-03,2.59996241e-03,2.25316214e-03,2.02534829e-03,1.90613023e-03,1.88162202e-03,1.93577546e-03,2.05156322e-03,2.21197641e-03,2.40082105e-03,2.60331289e-03,2.80648279e-03,2.99941228e-03,3.17332457e-03,3.32155811e-03,3.43945020e-03,3.52415623e-03,3.57442773e-03,3.59036905e-03,3.57318866e-03,3.52495768e-03,3.44838485e-03,3.34661401e-03,3.22304762e-03,3.08119792e-03,2.92456539e-03,2.75654330e-03,2.58034595e-03,2.39895807e-03,2.21510232e-03,2.03122191e-03,1.84947550e-03,1.67174163e-03,1.49963035e-03,1.33449987e-03,1.17747659e-03,1.02947682e-03,8.91229153e-04,7.63296524e-04,6.46097147e-04,5.39923890e-04,4.44961662e-04,3.61302587e-04,2.88958824e-04,2.27872996e-04,1.77926237e-04,1.38943964e-04,1.10699516e-04,9.29158679e-05,8.52656932e-05,8.73701186e-05,9.87965982e-05,1.19056434e-04,1.47602586e-04,1.83828542e-04,2.27069197e-04,2.76604813e-04,3.31669358e-04,3.91464687e-04,4.55182182e-04,5.22033674e-04,5.91293529e-04,6.62353865e-04,7.34794802e-04,8.08471484e-04,8.83619251e-04,9.60977827e-04,1.04193457e-03,1.12868577e-03,1.22441366e-03,1.33347499e-03,1.46159518e-03,1.61605958e-03,1.80589107e-03,2.04200048e-03,2.33729369e-03,2.70671721e-03,3.16722194e-03,3.73762398e-03,4.43834142e-03,5.29098782e-03,6.31780631e-03,7.54093432e-03,8.98149647e-03,1.06585341e-02,1.25877923e-02,1.47804014e-02,1.72415039e-02,1.99688976e-02,2.29517804e-02,2.61696956e-02,2.95917894e-02,3.31764939e-02,3.68717476e-02,4.06158524e-02,4.43390444e-02,4.79658183e-02,5.14180067e-02,5.46185529e-02,5.74958614e-02,5.99885403e-02,6.20502872e-02,6.36546134e-02,6.47990569e-02,6.55085101e-02,6.58372914e-02,6.58696195e-02,6.57182147e-02,6.55208505e-02,6.54348034e-02,6.56293038e-02,6.62762540e-02,6.75396488e-02,6.95642875e-02,7.24644955e-02,7.63136547e-02,8.11353741e-02,8.68970916e-02,9.35067936e-02,1.00813368e-01,1.08610866e-01,1.16646683e-01,1.24633358e-01,1.32263388e-01,1.39226209e-01,1.45226225e-01,1.50000688e-01,1.53336120e-01,1.55082083e-01,1.55161200e-01,1.53574650e-01,1.50402618e-01,1.45799614e-01,1.39984942e-01,1.33228970e-01,1.25836196e-01
5096,frozen,6.47744502e-01,6.50695006e-01,6.45843054e-01,6.33332757e-01,6.13551149e-01,5.87110491e-01,5.54820033e-01,5.17648939e-01,4.76682578e-01,4.33074724e-01,3.87998426e-01,3.42598239e-01,2.97946356e-01,2.55004796e-01,2.14595321e-01,1.77378185e-01,1.43840228e-01,1.14292183e-01,8.88745798e-02,6.75711108e-02,5.02280193e-02,3.65778281e-02,2.62656534e-02,1.88763824e-02,1.39611416e-02,1.10617153e-02,9.73186902e-03,9.55485393e-03,1.01566977e-02,1.12151966e-02,1.24647930e-02,1.36977396e-02,1.47621123e-02,1.55573280e-02,1.60278635e-02,1.61558572e-02,1.59532214e-02,1.54538042e-02,1.47060394e-02,1.37664025e-02,1.26938838e-02,1.15455830e-02,1.03734375e-02,9.22202983e-03,8.12735860e-03,7.11642933e-03,6.20749865e-03,5.41080491e-03,4.72962536e-03,4.16151731e-03,3.69962272e-03,3.33394049e-03,3.05249568e-03,2.84235880e-03,2.69048895e-03,2.58439228e-03,2.51260070e-03,2.46498593e-03,2.43293029e-03,2.40937899e-03,2.38879988e-03,2.36707541e-03,2.34134948e-03,2.30984876e-03,2.27169439e-03,2.22671662e-03,2.17528139e-03,2.11813495e-03,2.05626987e-03,1.99081384e-03,1.92294105e-03,1.85380453e-03,1.78448747e-03,1.71597082e-03,1.64911441e-03,1.58464875e-03,1.52317523e-03,1.46517210e-03,1.41100459e-03,1.36093726e-03,1.31514752e-03,1.27373916e-03,1.23675522e-03,1.20418970e-03,1.17599776e-03,1.15210429e-03,1.13241071e-03,1.11680009e-03,1.10514063e-03,1.09728761e-03,1.09308392e-03,1.09235931e-03,1.09492849e-03,1.10058822e-03,1.10911340e-03,1.12025245e-03,1.13372188e-03,1.14920039e-03,1.16632245e-03,1.18467168e-03,1.20377413e-03,1.22309183e-03,1.24201692e-03,1.25986682e-03,1.27588103e-03,1.28922023e-03,1.29896851e-03,1.30413977e-03,1.30368945e-03,1.29653278e-03,1.28157117e-03,1.25772797e-03,1.22399542e-03,1.17949392e-03,1.12354505e-03,1.05575911e-03,9.76137363e-04,8.85188607e-04,7.84058266e-04,6.74667139e-04,5.59855103e-04,4.43523199e-04,3.30765376e-04,2.27978869e-04,1.42939888e-04,8.48291787e-05,6.41903017e-05,9.28024388e-05,1.83449561e-04,3.49569142e-04,6.04766709e-04,9.62187717e-04,1.43374571e-03,2.02921576e-03,2.75521452e-03,3.61410318e-03,4.60286548e-03,5.71203077e-03,6.92472848e-03,8.21597583e-03,9.55231202e-03,1.08918978e-02,1.21851981e-02,1.33763533e-02,1.44053230e-02,1.52108500e-02,1.57342458e-02,1.59239384e-02,1.57406551e-02,1.51630361e-02,1.41934001e-02,1.28633068e-02,1.12385051e-02,9.42280932e-03,7.56043430e-03,5.83633475e-03,4.47415290e-03,3.73147247e-03,3.89221469e-03,5.25618349e-03,8.12596674e-03,1.27916158e-02,1.95137415e-02,2.85058634e-02,3.99170128e-02,5.38157000e-02,7.01763972e-02,8.88696475e-02,1.09656785e-01,1.32190036e-01,1.56018488e-01,1.80600055e-01,2.05319173e-01,2.29509586e-01,2.52481168e-01,2.73549418e-01,2.92066026e-01,3.07448749e-01,3.19208817e-01,3.26974212e-01,3.30507372e-01
5097,frozen,7.19031537e-01,7.19214735e-01,7.10656533e-01,6.93631265e-01,6.68683970e-01,6.36603773e-01,5.98385893e-01,5.55184677e-01,5.08260544e-01,4.58924029e-01,4.08480138e-01,3.58176094e-01,3.09155135e-01,2.62418520e-01,2.18797236e-01,1.78934196e-01,1.43277009e-01,1.12080763e-01,8.54196891e-02,6.32061531e-02,4.52151460e-02,3.11123047e-02,2.04835156e-02,1.28642961e-02,7.76739281e-03,4.70735044e-03,3.22116159e-03,2.88446961e-03,3.32314251e-03,4.22034045e-03,5.31944853e-03,6.42343161e-03,7.39128597e-03,8.13231735e-03,8.59897202e-03,8.77889968e-03,8.68684324e-03,8.35684527e-03,7.83514432e-03,7.17401740e-03,6.42671493e-03,5.64353817e-03,4.86903003e-03,4.14018967e-03,3.48557967e-03,2.92517078e-03,2.47076023e-03,2.12680317e-03,1.89150948e-03,1.75807744e-03,1.71595794e-03,1.75206701e-03,1.85188711e-03,2.00041906e-03,2.18296442e-03,2.38573331e-03,2.59628374e-03,2.80380713e-03,2.99927970e-03,3.17550203e-03,3.32705016e-03,3.45016040e-03,3.54256822e-03,3.60331919e-03,3.63256687e-03,3.63136939e-03,3.60149411e-03,3.54523656e-03,3.46525807e-03,3.36444423e-03,3.24578520e-03,3.11227723e-03,2.96684447e-03,2.81227911e-03,2.65119783e-03,2.48601232e-03,2.31891163e-03,2.15185410e-03,1.98656700e-03,1.82455194e-03,1.66709462e-03,1.51527742e-03,1.36999378e-03,1.23196349e-03,1.10174800e-03,9.79765354e-04,8.66304197e-04,7.61536605e-04,6.65529555e-04,5.78254919e-04,4.99597980e-04,4.29364535e-04,3.67286719e-04,3.13027746e-04,2.66185844e-04,2.26297735e-04,1.92842073e-04,1.65243355e-04,1.42876904e-04,1.25075622e-04,1.11139293e-04,1.00347341e-04,9.19760157e-05,8.53210308e-05,7.97267556e-05,7.46230076e-05,6.95704418e-05,6.43153565e-05,5.88544643e-05,5.35097621e-05,4.90130679e-05,4.65990383e-05,4.81045383e-05,5.60710914e-05,7.38458082e-05,1.05674705e-04,1.56780738e-04,2.33417286e-04,3.42886320e-04,4.93509304e-04,6.94538114e-04,9.55993242e-04,1.28841748e-03,1.70253544e-03,2.20881294e-03,2.81691558e-03,3.53507314e-03,4.36936536e-03,5.32295561e-03,6.39531092e-03,7.58146006e-03,8.87135387e-03,1.02494042e-02,1.16942863e-02,1.31790952e-02,1.46719446e-02,1.61370896e-02,1.75366360e-02,1.88328722e-02,1.99912206e-02,2.09837599e-02,2.17932093e-02,2.24172075e-02,2.28726513e-02,2.31997998e-02,2.34657982e-02,2.37672381e-02,2.42313590e-02,2.50155134e-02,2.63045646e-02,2.83059765e-02,3.12424779e-02,3.53423392e-02,4.08274870e-02,4.78998754e-02,5.67267384e-02,6.74255258e-02,8.00494769e-02,9.45748791e-02,1.10891087e-01,1.28794323e-01,1.47986129e-01,1.68077132e-01,1.88596437e-01,2.09006657e-01,2.28724102e-01,2.47143323e-01,2.63664772e-01,2.77724030e-01,2.88820863e-01,2.96546227e-01,3.00605409e-01,3.00835658e-01,2.97216988e-01,2.89875261e-01,2.79077171e-01,2.65217328e-01,2.48798171e-01,2.30403986e-01,2.10670684e-01,1.90253309e-01
5098,frozen,6.88513999e-01,6.89648404e-01,6.81963642e-01,6.65705442e-01,6.41409504e-01,6.09874573e-01,5.72122467e-01,5.29347670e-01,4.82859744e-01,4.34022185e-01,3.84191431e-01,3.34659583e-01,2.86603938e-01,2.41045827e-01,1.98820484e-01,1.60558824e-01,1.26681173e-01,9.74022238e-02,7.27458383e-02,5.25678086e-02,3.65843977e-02,2.44043405e-02,1.55620432e-02,9.54992044e-03,5.84813390e-03,3.95039393e-03,3.38492702e-03,3.73014934e-03,4.62499293e-03,5.77417819e-03,6.94899821e-03,7.98436879e-03,8.77300284e-03,9.25759518e-03,9.42186591e-03,9.28122132e-03,8.87366746e-03,8.25146821e-03,7.47389153e-03,6.60124622e-03,5.69028565e-03,4.79095096e-03,3.94434615e-03,3.18178294e-03,2.52470163e-03,1.98526275e-03,1.56740990e-03,1.26822129e-03,1.07939323e-03,9.88728583e-04,9.81534426e-04,1.04186256e-03,1.15355357e-03,1.30106732e-03,1.47010080e-03,1.64800744e-03,1.82404070e-03,1.98944983e-03,2.13745778e-03,2.26315020e-03,2.36330293e-03,2.43617141e-03,2.48126190e-03,2.49910019e-03,2.49100965e-03,2.45890682e-03,2.40511970e-03,2.33223149e-03,2.24295035e-03,2.14000449e-03,2.02606069e-03,1.90366389e-03,1.77519502e-03,1.64284426e-03,1.50859681e-03,1.37422881e-03,1.24131090e-03,1.11121744e-03,9.85139782e-04,8.64102054e-04,7.48978418e-04,6.40510876e-04,5.39326951e-04,4.45956741e-04,3.60848988e-04,2.84385909e-04,2.16896609e-04,1.58668995e-04,1.09960097e-04,7.10047776e-05,4.20227793e-05,2.32241070e-05,1.48126971e-05,1.69883474e-05,2.99468580e-05,5.38783325e-05,8.89635863e-05,1.35368610e-04,1.93237058e-04,2.62680753e-04,3.43768255e-04,4.36511600e-04,5.40851417e-04,6.56640745e-04,7.83628015e-04,9.21439865e-04,1.06956462e-03,1.22733757e-03,1.39392930e-03,1.56833878e-03,1.74939289e-03,1.93575454e-03,2.12594144e-03,2.31835767e-03,2.51134027e-03,2.70322241e-03,2.89241456e-03,3.07750398e-03,3.25737201e-03,3.43132717e-03,3.59925039e-03,3.76174690e-03,3.92029722e-03,4.07739763e-03,4.23667884e-03,4.40298971e-03,4.58243267e-03,4.78233717e-03,5.01115960e-03,5.27830070e-03,5.59383693e-03,5.96816889e-03,6.41159854e-03,6.93385754e-03,7.54362015e-03,8.24804552e-03,9.05240513e-03,9.95985908e-03,1.09714494e-02,1.20863772e-02,1.33026231e-02,1.46179518e-02,1.60313184e-02,1.75446580e-02,1.91649973e-02,2.09067789e-02,2.27942384e-02,2.48636239e-02,2.71650090e-02,2.97634188e-02,3.27389849e-02,3.61858592e-02,4.02096661e-02,4.49233486e-02,5.04413745e-02,5.68724037e-02,6.43106684e-02,7.28264831e-02,8.24564466e-02,9.31940359e-02,1.04981371e-01,1.17702973e-01,1.31182289e-01,1.45181671e-01,1.59406278e-01,1.73512159e-01,1.87118436e-01,1.99823177e-01,2.11222239e-01,2.20930005e-01,2.28600729e-01,2.33949028e-01,2.36768010e-01,2.36943615e-01,2.34463953e-01,2.29422730e-01,2.22016287e-01,2.12534255e-01,2.01344300e-01,1.88871943e-01,1.75576802e-01
5099,frozen,8.55644147e-01,8.53331879e-01,8.39033401e-01,8.13262065e-01,7.76947602e-01,7.31386345e-01,6.78172215e-01,6.19113198e-01,5.56138969e-01,4.91205767e-01,4.26204593e-01,3.62878302e-01,3.02752235e-01,2.47081848e-01,1.96819338e-01,1.52599839e-01,1.14746321e-01,8.32911159e-02,5.80110468e-02,3.84724578e-02,2.40822009e-02,1.41406417e-02,7.89309530e-03,4.57666967e-03,3.46021815e-03,3.87590770e-03,5.24171303e-03,7.07488778e-03,8.99708700e-03,1.07322897e-02,1.20989789e-02,1.29981829e-02,1.33989775e-02,1.33229283e-02,1.28287336e-02,1.19980643e-02,1.09233001e-02,9.69757807e-03,8.40730794e-03,7.12709525e-03,5.91684792e-03,4.82073327e-03,3.86759365e-03,3.07241502e-03,2.43846380e-03,1.95975390e-03,1.62356763e-03,1.41282221e-03,1.30814117e-03,1.28955102e-03,1.33777491e-03,1.43513484e-03,1.56610237e-03,1.71755432e-03,1.87879823e-03,2.04143184e-03,2.19909605e-03,2.34717193e-03,2.48246175e-03,2.60288364e-03,2.70719901e-03,2.79478342e-03,2.86544458e-03,2.91928584e-03,2.95661022e-03,2.97785804e-03,2.98357036e-03,2.97437083e-03,2.95095911e-03,2.91411045e-03,2.86467693e-03,2.80358772e-03,2.73184627e-03,2.65052378e-03,2.56074887e-03,2.46369385e-03,2.36055859e-03,2.25255274e-03,2.14087750e-03,2.02670780e-03,1.91117573e-03,1.79535582e-03,1.68025261e-03,1.56679089e-03,1.45580858e-03,1.34805235e-03,1.24417582e-03,1.14474021e-03,1.05021717e-03,9.60993526e-04,8.77377898e-04,7.99608734e-04,7.27863777e-04,6.62270738e-04,6.02919089e-04,5.49872896e-04,5.03184630e-04,4.62909899e-04,4.29123014e-04,4.01933283e-04,3.81501836e-04,3.68058707e-04,3.61919751e-04,3.63502842e-04,3.73342584e-04,3.92102575e-04,4.20584034e-04,4.59729376e-04,5.10619115e-04,5.74460294e-04,6.52564568e-04,7.46314054e-04,8.57113230e-04,9.86325498e-04,1.13519362e-03,1.30474405e-03,1.49567634e-03,1.70824024e-03,1.94210482e-03,2.19622595e-03,2.46872056e-03,2.75675827e-03,3.05648295e-03,3.36297836e-03,3.67029272e-03,3.97153727e-03,4.25907177e-03,4.52478750e-03,4.76049249e-03,4.95839712e-03,5.11168903e-03,5.21517517e-03,5.26595732e-03,5.26409448e-03,5.21319445e-03,5.12086732e-03,4.99896851e-03,4.86355924e-03,4.73452033e-03,4.63477196e-03,4.58907834e-03,4.62245275e-03,4.75822308e-03,5.01586944e-03,5.40879935e-03,5.94227725e-03,6.61176788e-03,7.40197981e-03,8.28689929e-03,9.23107925e-03,1.01923887e-02,1.11263318e-02,1.19919152e-02,1.27588817e-02,1.34159497e-02,1.39795132e-02,1.45020869e-02,1.50796483e-02,1.58569452e-02,1.70298389e-02,1.88438359e-02,2.15881512e-02,2.55849268e-02,3.11736007e-02,3.86908506e-02,4.84469975e-02,6.07002026e-02,7.56301726e-02,9.33133749e-02,1.13701891e-01,1.36607995e-01,1.61696296e-01,1.88484860e-01,2.16356116e-01,2.44577623e-01,2.72331984e-01,2.98754413e-01,3.22975704e-01,3.44167866e-01,3.61589264e-01,3.74626075e-01
