0.0,0.0,0.0
1.0,0.0,0.0
0.0,1.0,0.0
-1.0,0.0,0.0
0.0,-1.0,0.0
0.0,0.0,1.0
0.0,0.0,-1.0
0.9972037971681065,0.07473009376087973,0.0
0.9888308261717347,0.1490422665304199,0.0
0.9749279120500197,0.222520934533785,0.0
0.9555728055475041,0.2947551751845451,0.0
0.9308737482590345,0.3653410253477916,0.0
0.9009688673451807,0.4338837402746757,0.0
0.8660254030505754,0.5000000012710883,0.0
0.8262387733331664,0.5633200595051666,0.0
0.7818314812087354,0.6234898034378388,0.0
0.7330518703000708,0.6801727394196038,0.0
0.6801727361471612,0.7330518733364538,0.0
0.6234898003249243,0.7818314836912018,0.0
0.5633200566378256,0.8262387752880864,0.0
0.4999999986331344,0.8660254045735989,0.0
0.4338837378695395,0.9009688685034332,0.0
0.3653410233102637,0.9308737490587052,0.0
0.2947551735264675,0.9555728060589533,0.0
0.222520933248747,0.9749279123433212,0.0
0.1490422656955358,0.9888308262975731,0.0
0.07473009335016992,0.997203797198885,0.0
-0.07473009376087973,0.9972037971681065,0.0
-0.1490422665304199,0.9888308261717347,0.0
-0.222520934533785,0.9749279120500197,0.0
-0.2947551751845451,0.9555728055475041,0.0
-0.3653410253477916,0.9308737482590345,0.0
-0.4338837402746756,0.9009688673451808,0.0
-0.5000000012710883,0.8660254030505754,0.0
-0.5633200595051666,0.8262387733331664,0.0
-0.6234898034378388,0.7818314812087354,0.0
-0.6801727394196038,0.7330518703000708,0.0
-0.7330518733364538,0.6801727361471612,0.0
-0.7818314836912018,0.6234898003249243,0.0
-0.8262387752880864,0.5633200566378256,0.0
-0.8660254045735989,0.4999999986331344,0.0
-0.9009688685034332,0.4338837378695395,0.0
-0.9308737490587052,0.3653410233102637,0.0
-0.9555728060589533,0.2947551735264675,0.0
-0.9749279123433212,0.222520933248747,0.0
-0.9888308262975731,0.1490422656955358,0.0
-0.997203797198885,0.07473009335016992,0.0
-0.9972037971681065,-0.07473009376087973,0.0
-0.9888308261717347,-0.1490422665304199,0.0
-0.9749279120500197,-0.222520934533785,0.0
-0.9555728055475041,-0.2947551751845451,0.0
-0.9308737482590345,-0.3653410253477916,0.0
-0.9009688673451807,-0.4338837402746757,0.0
-0.8660254030505754,-0.5000000012710883,0.0
-0.8262387733331664,-0.5633200595051666,0.0
-0.7818314812087354,-0.6234898034378388,0.0
-0.7330518703000708,-0.6801727394196038,0.0
-0.6801727361471612,-0.7330518733364538,0.0
-0.6234898003249243,-0.7818314836912018,0.0
-0.5633200566378256,-0.8262387752880864,0.0
-0.4999999986331344,-0.8660254045735989,0.0
-0.4338837378695395,-0.9009688685034332,0.0
-0.3653410233102637,-0.9308737490587052,0.0
-0.2947551735264675,-0.9555728060589533,0.0
-0.222520933248747,-0.9749279123433212,0.0
-0.1490422656955358,-0.9888308262975731,0.0
-0.07473009335016992,-0.997203797198885,0.0
0.07473009376087973,-0.9972037971681065,0.0
0.1490422665304199,-0.9888308261717347,0.0
0.222520934533785,-0.9749279120500197,0.0
0.2947551751845451,-0.9555728055475041,0.0
0.3653410253477916,-0.9308737482590345,0.0
0.4338837402746756,-0.9009688673451808,0.0
0.5000000012710883,-0.8660254030505754,0.0
0.5633200595051666,-0.8262387733331664,0.0
0.6234898034378388,-0.7818314812087354,0.0
0.6801727394196038,-0.7330518703000708,0.0
0.7330518733364538,-0.6801727361471612,0.0
0.7818314836912018,-0.6234898003249243,0.0
0.8262387752880864,-0.5633200566378256,0.0
0.8660254045735989,-0.4999999986331344,0.0
0.9009688685034332,-0.4338837378695395,0.0
0.9308737490587052,-0.3653410233102637,0.0
0.9555728060589533,-0.2947551735264675,0.0
0.9749279123433212,-0.222520933248747,0.0
0.9888308262975731,-0.1490422656955358,0.0
0.997203797198885,-0.07473009335016992,0.0
0.0,0.07473009376087973,0.9972037971681065
0.0,0.1490422665304199,0.9888308261717347
0.0,0.222520934533785,0.9749279120500197
0.0,0.2947551751845451,0.9555728055475041
0.0,0.3653410253477916,0.9308737482590345
0.0,0.4338837402746757,0.9009688673451807
0.0,0.5000000012710883,0.8660254030505754
0.0,0.5633200595051666,0.8262387733331664
0.0,0.6234898034378388,0.7818314812087354
0.0,0.6801727394196038,0.7330518703000708
0.0,0.7330518733364538,0.6801727361471612
0.0,0.7818314836912018,0.6234898003249243
0.0,0.8262387752880864,0.5633200566378256
0.0,0.8660254045735989,0.4999999986331344
0.0,0.9009688685034332,0.4338837378695395
0.0,0.9308737490587052,0.3653410233102637
0.0,0.9555728060589533,0.2947551735264675
0.0,0.9749279123433212,0.222520933248747
0.0,0.9888308262975731,0.1490422656955358
0.0,0.997203797198885,0.07473009335016992
0.0,0.9972037971681065,-0.07473009376087973
0.0,0.9888308261717347,-0.1490422665304199
0.0,0.9749279120500197,-0.222520934533785
0.0,0.9555728055475041,-0.2947551751845451
0.0,0.9308737482590345,-0.3653410253477916
0.0,0.9009688673451808,-0.4338837402746756
0.0,0.8660254030505754,-0.5000000012710883
0.0,0.8262387733331664,-0.5633200595051666
0.0,0.7818314812087354,-0.6234898034378388
0.0,0.7330518703000708,-0.6801727394196038
0.0,0.6801727361471612,-0.7330518733364538
0.0,0.6234898003249243,-0.7818314836912018
0.0,0.5633200566378256,-0.8262387752880864
0.0,0.4999999986331344,-0.8660254045735989
0.0,0.4338837378695395,-0.9009688685034332
0.0,0.3653410233102637,-0.9308737490587052
0.0,0.2947551735264675,-0.9555728060589533
0.0,0.222520933248747,-0.9749279123433212
0.0,0.1490422656955358,-0.9888308262975731
0.0,0.07473009335016992,-0.997203797198885
0.0,-0.07473009376087973,-0.9972037971681065
0.0,-0.1490422665304199,-0.9888308261717347
0.0,-0.222520934533785,-0.9749279120500197
0.0,-0.2947551751845451,-0.9555728055475041
0.0,-0.3653410253477916,-0.9308737482590345
0.0,-0.4338837402746757,-0.9009688673451807
0.0,-0.5000000012710883,-0.8660254030505754
0.0,-0.5633200595051666,-0.8262387733331664
0.0,-0.6234898034378388,-0.7818314812087354
0.0,-0.6801727394196038,-0.7330518703000708
0.0,-0.7330518733364538,-0.6801727361471612
0.0,-0.7818314836912018,-0.6234898003249243
0.0,-0.8262387752880864,-0.5633200566378256
0.0,-0.8660254045735989,-0.4999999986331344
0.0,-0.9009688685034332,-0.4338837378695395
0.0,-0.9308737490587052,-0.3653410233102637
0.0,-0.9555728060589533,-0.2947551735264675
0.0,-0.9749279123433212,-0.222520933248747
0.0,-0.9888308262975731,-0.1490422656955358
0.0,-0.997203797198885,-0.07473009335016992
0.0,-0.9972037971681065,0.07473009376087973
0.0,-0.9888308261717347,0.1490422665304199
0.0,-0.9749279120500197,0.222520934533785
0.0,-0.9555728055475041,0.2947551751845451
0.0,-0.9308737482590345,0.3653410253477916
0.0,-0.9009688673451808,0.4338837402746756
0.0,-0.8660254030505754,0.5000000012710883
0.0,-0.8262387733331664,0.5633200595051666
0.0,-0.7818314812087354,0.6234898034378388
0.0,-0.7330518703000708,0.6801727394196038
0.0,-0.6801727361471612,0.7330518733364538
0.0,-0.6234898003249243,0.7818314836912018
0.0,-0.5633200566378256,0.8262387752880864
0.0,-0.4999999986331344,0.8660254045735989
0.0,-0.4338837378695395,0.9009688685034332
0.0,-0.3653410233102637,0.9308737490587052
0.0,-0.2947551735264675,0.9555728060589533
0.0,-0.222520933248747,0.9749279123433212
0.0,-0.1490422656955358,0.9888308262975731
0.0,-0.07473009335016992,0.997203797198885
0.0647483341561803,0.3990528997501832,-0.9146389650703549
0.47832545115216,0.1469534314238833,-0.865799891298693
0.9638989514993938,0.2582759463636388,-0.06474833456032818
0.9419027094840932,-0.3295860116698803,-0.06474833417212647
0.9916270290981382,-0.1117295322907164,-0.06474833415693473
0.8029094307812051,0.5925741296499148,-0.06474833459052838
0.06474833459052816,-0.5925741296499022,-0.8029094307812145
0.8029094330115574,-0.5925741266748492,-0.06474833416080618
0.06474833416078794,0.5925741266748654,-0.8029094330115468
0.7056230075817763,-0.7056230044317756,-0.06474833424824725
0.07746479148346463,0.7033566539711112,-0.7066035829197201
0.06593742996964831,-0.7587960211927941,-0.6479821398395038
0.6406591459532732,0.7643878273907023,-0.07257484442521644
0.06474833455120245,-0.3990529019617193,-0.9146389640775076
0.4572922515735056,-0.886918359880551,-0.06526576099017779
0.06573429072167943,0.8812374798062537,-0.4680806631426258
0.0716246526963954,-0.8764953911280342,-0.4760522434118289
0.466288122168029,0.8822601885758299,-0.06474833418053584
0.07240266360686139,-0.1947070827281127,-0.9781855684061892
0.07589050209056986,-0.04314088958085013,-0.9961824608667903
0.06474833417960901,0.2582759448890518,-0.9638989519200823
0.2528895550045536,-0.9653044547094521,-0.06507059772036787
0.06246922384305711,0.9653359047284028,-0.2534249141553411
0.06174406483023873,-0.9640051702674626,-0.2586149689322719
0.2489810150904524,0.9655949669705159,-0.0750653973927824
0.5923731121629889,-0.8030109400925673,-0.06532630464052068
0.06441805228578452,0.8045970472583736,-0.590316784517273
0.8814595010913331,0.4683259584524701,-0.06082716971381771
0.06474833418680806,0.5309156723222398,-0.8449474552317779
0.1292697083034393,0.5585935032356495,-0.8193061946904028
0.9916270290043092,0.1117295329088187,-0.06474833452733683
0.8839534719556918,-0.4627204757419659,-0.06720134482736626
0.06753109982019216,0.1135971403530072,-0.991229156280572
0.08306660716217594,-0.993075967658686,-0.08306660720969294
0.06324649489533514,0.9914183565157862,-0.1144094543601689
0.1289474986393082,0.4952922822421699,-0.8591030774860537
0.1931328687476107,0.5215183329765396,-0.8310946536819314
0.1923565689160089,0.4567861055692837,-0.8685306005856719
0.2560038248328075,0.481643934506058,-0.8381414928426447
0.2561511209855998,0.5449722012069638,-0.7983682753776338
0.318087162460608,0.5058860139643905,-0.8018103877806642
0.317648139021101,0.5655205234225049,-0.7611085319219378
0.3786529404514435,0.5257463812687904,-0.7617169377598528
0.3805928699007216,0.578903557586042,-0.721123941077369
0.4374844937049937,0.538691453010994,-0.7200130805899219
0.4391660515355228,0.5912982046650153,-0.6763871763558414
0.4950733073309342,0.5498078010170796,-0.6727657856261521
0.4920063315392797,0.6053969550814032,-0.6256391104330242
0.5482356286217166,0.5595378541138778,-0.6215746820160776
0.5420604069905371,0.616044908790255,-0.5715410619779296
0.5981125678539093,0.5666328536049331,-0.5667350045574502
0.6017091430362757,0.5102948339971884,-0.6144471414062667
0.6501567638908358,0.5145502749865635,-0.5590475801559721
0.6527348532137127,0.4562296568106059,-0.6048071689774763
0.6998099138344874,0.4599795136531071,-0.5465207512239753
0.7000842705453783,0.400161069996303,-0.5913993001300895
0.7453244340257215,0.4008562088402459,-0.53273425634031
0.743333969166806,0.3408788132094472,-0.5755486469340717
0.7864391523395303,0.3426286928590511,-0.513925129271939
0.7835477310846068,0.2813220517515638,-0.5539953576614656
0.4826542795391722,0.6624716361470978,-0.5728666317242694
0.8233613959095243,0.2810402916902656,-0.4930439799577417
0.8179462903448012,0.2195292266125691,-0.5317619625114846
0.6446953441288336,0.5704863427816487,-0.5088351854561792
0.8557383583269608,0.2179661992553123,-0.4692574965518098
0.8467570190440243,0.1548596263791612,-0.5089411034858399
0.8007771749516722,0.1611596743207547,-0.5768738817534098
0.8327037929016022,0.09149933200786972,-0.5461064598861645
0.7909859822716606,0.08993925533086583,-0.6051876619696288
0.8157048627299247,0.02773313644768195,-0.5778031239631098
0.7713731304768809,0.02583122979672352,-0.6358586644416238
0.7927174560747938,-0.03978302065558775,-0.6082896892943562
0.7474829205732135,-0.03947677725358488,-0.6631069804405695
0.7662166907562151,-0.1050829375181649,-0.6339318252376578
0.7182581314563092,-0.1057166312921691,-0.6876985171316912
0.7370149637595887,-0.168912418673979,-0.6544291695914529
0.6853917697861528,-0.1689355147096575,-0.7083070759064805
0.7022648640896382,-0.2325088599291532,-0.6728771735759858
0.6485792864162676,-0.2319797677267973,-0.7249346843662443
0.66368086987199,-0.2948929302197194,-0.6874342606187054
0.6084561418266913,-0.2935160116890556,-0.7373123316176989
0.6214789849239936,-0.3557153863530724,-0.6980189361396487
0.6752426107156267,-0.3558873321866539,-0.6460585294406465
0.6311851893096048,-0.4158971543667961,-0.6547020801752501
0.7817950393883389,-0.16920262950392,-0.6001391393308261
0.8612907979288917,0.02695823043834658,-0.5073967039848067
0.6830796893637315,-0.4151722082523506,-0.6008611948475411
0.6372223259193482,-0.4738345752197343,-0.6078063035838553
0.5642346016431717,-0.3535395249732302,-0.74608921624044
0.5492722488009365,-0.2905442537860412,-0.7835075196123356
0.6872683254834445,-0.4718649673118018,-0.5522732126502372
0.6396114525179332,-0.5290381366403704,-0.5576879412251844
0.5877230320260886,-0.5297685951712485,-0.6114956035789161
0.588339039628211,-0.5836546963124174,-0.5596466473783385
0.5348589183378648,-0.582661134082734,-0.6119084411117985
0.5339023827291521,-0.6349143244576377,-0.5584192388471546
0.6877449638268323,-0.5258321369197233,-0.5005071712905486
0.7332707190646904,-0.4670001704461837,-0.4941911506346374
0.5037898245595736,-0.3495558383580054,-0.7899408386329108
0.4873531228588924,-0.2856643893772652,-0.8251562217431313
0.4789259327433344,-0.6322160849542433,-0.609042504978968
0.4765513779090769,-0.6826952182066423,-0.5539187875950276
0.5301131331838714,-0.6835487268389842,-0.5017381827833942
0.4715211648739321,-0.7292255588068487,-0.4958809085443494
0.7862463306142033,0.4012930448810893,-0.4698729612626853
0.4407515784892704,-0.3436458458198123,-0.8292439802072743
0.4227473132537443,-0.2790139108208914,-0.8622273173039533
0.4683432017974316,-0.2201010890804661,-0.8556927929553474
0.4024898130465089,-0.2127518201609694,-0.8903586992959528
0.5238393662883358,-0.7277886449293943,-0.4426240014261211
0.4633591188881383,-0.7721192661493276,-0.4348909814933301
0.7320053363026559,-0.5194744019975407,-0.440811221832808
0.7757531327894743,-0.4595572767403006,-0.4324513687830749
0.4098908231415456,-0.7711417535503746,-0.487165176337143
0.4008351362561243,-0.8115198349259556,-0.4251667332521254
0.6504160556149847,0.3979329812633489,-0.6469994567394228
0.6663799412304234,-0.1057228182497527,-0.738078897968955
0.2545995962708196,0.4155973816624937,-0.8731883313088965
0.433308667483537,0.4724077447009051,-0.7675119031195841
0.7473214346349856,0.08885305508826959,-0.6584951085137899
0.3160144374706674,0.6267071715907055,-0.7123011977996917
0.5142908411748582,-0.7685165074303981,-0.3806406553307721
0.7715184427730962,-0.5099366061653638,-0.3804260114050134
0.8134562292444942,-0.4486427392541538,-0.3701468027929706
0.3746686572747917,-0.3362641923353863,-0.8640311280323961
0.3912631238644503,-0.4000847986485818,-0.8287613177472485
0.8817115341665733,0.158818906227833,-0.4442536725140521
0.8894355166353206,0.2165362680484649,-0.4025127406273045
0.9133983415823617,0.1572879717147855,-0.3754516793789054
0.7251953296833102,-0.3542665090877515,-0.5904125458899845
0.533302805402055,0.6686286691893918,-0.5181928410238031
0.4742557797304551,0.7128709856137788,-0.5166201827864428
0.5220692681540634,0.7168446587215178,-0.4621443654438634
0.4602029326302503,0.7588361099943808,-0.4608481517453589
0.5080675753836712,0.760993271712503,-0.4034310092841876
0.4452051747204415,0.800456363740147,-0.4013252573039014
0.4096567508670249,0.7525527812262419,-0.5156022284064726
0.4204944256772984,-0.677969676993157,-0.6029440729056994
0.5684916587168053,0.7169327604002979,-0.403515366540389
0.7266279111464868,-0.5668246032647527,-0.3882289889699749
0.8150954563637999,-0.3968096298723576,-0.4220918320172179
0.8506183825888075,-0.3850660665614156,-0.3580118595590383
0.4468664841377255,-0.1532329788852969,-0.8813796001362444
0.3802026477561906,-0.1452874025088967,-0.9134207777970675
0.4213528770322514,-0.6258422942356725,-0.6563407466876291
0.3614858721539102,-0.6699565604345108,-0.6484490507078307
0.5529827196897714,0.7590121899943417,-0.3436722379891881
0.6118366729097872,0.712885268928453,-0.3427104886452841
0.8498250817357195,-0.331782318716025,-0.409533665820401
0.8831072054522959,-0.3193245156636254,-0.3437346612933113
0.8797475829099128,-0.2648393840440683,-0.3948471742628082
0.9105616062218327,-0.2515637171652094,-0.3280141117097534
0.3460714668991561,-0.8084900036271642,-0.4760025775489188
0.3358097572518068,-0.8467634765522981,-0.4125814122225433
0.3893817708391193,-0.8476351142943446,-0.3604116390370944
0.3235016153602005,-0.8803427683475687,-0.3469053402262349
0.3615055254020263,-0.6158286345209224,-0.7000491754211993
0.334351990225286,-0.2043887575404835,-0.9200184685230225
0.9181248553385856,0.2140721928927144,-0.3334963961418558
0.3106862354534311,-0.1365185624126684,-0.9406576131709952
0.3551914369701774,-0.07710645218071359,-0.9316080925663773
0.285121457901089,-0.06795461728909173,-0.956079454979266
0.9046954454942244,-0.1963555908179526,-0.3781145763608429
0.9329680021496358,-0.1824528105561582,-0.3102928920956387
0.3248194633216029,-0.3914541353202319,-0.8609622385378789
0.3006262900348767,-0.6581427258026389,-0.6902695025951378
0.299959077898994,-0.6029885620104668,-0.7392085941535953
0.3287301836905247,-0.008339413036146803,-0.9443870607547556
0.8074573062926439,-0.4964024110977763,-0.3187433838857552
0.9399628033097308,0.1494507948558183,-0.3068132792287129
0.9300881113934424,0.08198212403626767,-0.3580712727699356
0.9574937883035779,0.0824148962329645,-0.2764297926037875
0.3761993299188745,-0.8786667937579038,-0.2939706273010884
0.8816131068679506,-0.3719114654236721,-0.2905859454362103
0.3092159455936603,-0.9090398928974651,-0.279342034272652
0.7367036458645477,0.2759970699040027,-0.6173275917811291
0.8904257966572805,0.2781944292153877,-0.3602079402244932
0.9165830580585625,0.2750411518259522,-0.2902203688273227
0.8863540806578611,0.338388825812828,-0.3160212750214352
0.5174378069065355,-0.4112209556190281,-0.7504368338797932
0.2557561688617734,-0.9080822848506563,-0.3316253096938765
0.300153536298822,-0.7101118014670584,-0.636905867506746
0.5728375786563547,-0.7229705336811003,-0.3862262496361291
0.5619404520960365,-0.7614836390519565,-0.3230566448075194
0.9097376336944056,0.3343603976651834,-0.2461311892330672
0.8772431632167761,0.3967824730443663,-0.2702001141269587
0.5968063599815789,0.7513321654951588,-0.2816418750432779
0.5342361459876266,0.7969141049979329,-0.2819922863761182
0.655489897683204,0.7022507474876023,-0.2778072743618616
0.6672321561534743,0.6627214191228673,-0.34000230944886
0.7072000164343469,0.6512290064146915,-0.2752615446432596
0.7188590502543205,0.6088014716315302,-0.3355628614831199
0.7550862074676288,0.5965347494167399,-0.2720130732712319
0.2678883608787693,-0.01647175020131198,-0.9633091443306203
0.291499878167643,0.05114244194991298,-0.9552027385113848
0.619052189866269,-0.7134819737833866,-0.3282039903900314
0.2802519484091954,-0.8412524631350428,-0.4623344446199885
0.3983057079565731,-0.01749286151194647,-0.9170859080834994
0.9245290044880932,-0.1267143301553128,-0.3594295457993762
0.9491170173220694,-0.111209069526688,-0.2946344010543693
0.8936954259881348,-0.1401647935233238,-0.4262186249150199
0.9362531129740724,-0.2370532882412406,-0.2592987600826001
0.7646136351785318,0.5533650432753183,-0.3303832891960123
0.2648949126749281,-0.1950555560586999,-0.944343166062832
0.6065016041291328,-0.7499300405189385,-0.2641225823666953
0.6618974944791911,-0.699879512344765,-0.2684406358996774
0.5478754763096872,-0.7955726476897328,-0.2586438182257246
0.2379991658070434,-0.6427806587253712,-0.7281410727625034
0.2363389585939367,-0.5851260081430696,-0.7757392933487964
0.2406795049016636,-0.9342353314466771,-0.2632066135130485
0.3608304321133866,-0.904989185724467,-0.225379619714456
0.5114385254736064,-0.1600595581507794,-0.8442816902586249
0.4202764824630871,-0.5699759559682598,-0.7060418457191634
0.961298853413014,0.1451831316766455,-0.2341503207415836
0.8443131663160581,-0.2766384160700555,-0.4589187988518265
0.5770183655133178,0.7868567678603898,-0.2188749248603863
0.5120043890478757,0.8292923773892361,-0.2238876021574671
0.7925421047626604,0.5471562178732416,-0.2692528280650396
0.3427134526172015,-0.4511996103874396,-0.8239941753322167
0.2721520655624116,-0.4445062250001784,-0.8534327560775973
0.2557243614512615,-0.380623426047797,-0.8886680249136805
0.7395497176602768,0.6390559328053571,-0.2113616092266518
0.2226097884996322,0.08685351022359938,-0.9710310756232203
0.2709234042598833,0.1291606467012053,-0.9538962398332234
0.1998718867349136,0.1421996260558843,-0.9694485521380659
0.2413090568226857,0.19753674509199,-0.950131134861819
0.3121332076888187,0.1877645211823862,-0.9312987411368268
0.2812949736158995,0.2520151010148033,-0.9259381872884005
0.3506709628609435,0.24522615035843,-0.9038218911857377
0.2119456804261703,0.2590255259678836,-0.9423294569553415
0.9107301959026683,-0.06943811281237706,-0.4071226581266917
0.9762582765240223,0.0788985448184685,-0.2017295148060239
0.2166622238050592,-0.0632201004099414,-0.974197464418792
0.5436457636777574,0.8249710243893804,-0.1545059628401572
0.6475710753843413,-0.7342977604098908,-0.2036136080486423
0.6999604150961222,-0.6833132660206478,-0.2076978521281811
0.8983739790185147,0.3917466917178286,-0.1986421993197264
0.2027609775471387,-0.4324429902095114,-0.8785676104903851
0.1284971703143052,0.6174749802889089,-0.7760239209833856
0.4891011518745091,-0.09284957160696664,-0.8672710189366593
0.5326712299744351,-0.5272175658615945,-0.6620445596819732
0.4069127783430843,-0.4596729746337524,-0.7893812432611186
0.4709658549656575,0.8358202180097298,-0.2821271461994306
0.4475022898969434,0.8676045424546043,-0.2168041937996794
0.4047346214295336,0.8710935463146036,-0.2781832485706853
0.3801690571375838,0.8999625672616648,-0.2133983728216174
0.3361857734123309,0.9010967651756124,-0.2738681170658611
0.311058339067773,0.9272508405385859,-0.2084432498712403
0.2658451280640863,0.9258935533018755,-0.2684166459790012
0.2904538850614803,0.8971131791620542,-0.3329031156754834
0.2193343883257242,0.9193576506273388,-0.3266097615362415
0.2432294117597827,0.8880341104453296,-0.3901728744294793
0.2451626551443534,0.9481862281695692,-0.2020845101241963
0.9369542414291777,0.272129583102462,-0.2192310184904372
0.3136017204946079,0.8632903277490594,-0.3954538796342038
0.2655976508514464,0.8517593017852106,-0.451623714705687
0.1903264306196383,0.3895181592995353,-0.9011389756211247
0.6278827072423353,-0.6731352986444139,-0.3907072761863178
0.2896367684273539,-0.8006692537098862,-0.5244418828989664
0.223019372218406,-0.8311329262139009,-0.5093922050624907
0.2119533519031598,-0.8691812049325647,-0.4467659449969193
0.4266583250953651,-0.872247025213298,-0.2390560616955156
0.8511409799675511,0.3997653054160252,-0.3402157151066197
0.1865246890292298,-0.9306983703508438,-0.3146570892397512
0.7281647332085717,0.5616439288799688,-0.3928513948856004
0.1863333368208338,-0.3699247288863657,-0.9101843673385972
0.551792024809108,-0.09922544705109256,-0.8280578917047864
0.5275169855568193,-0.03164992803666118,-0.8489547172872771
0.3557477066005547,0.9237556096293594,-0.1418419646181489
0.2329883345102412,-0.788850320741795,-0.5687104777017136
0.1651735098564724,-0.8163985974660194,-0.5533633902755135
0.71355172801154,-0.6458860039986863,-0.2714317617567154
0.7508072234732536,-0.6263863378007444,-0.209591672060117
0.5891855522578012,-0.03753566452778477,-0.8071254294712362
0.5633393121854976,0.02973362616814904,-0.825690457024461
0.6237071126981728,0.02448040741110789,-0.7812746938322621
0.5965727114134498,0.08826553142852595,-0.7976905389676154
0.9700899873595814,0.01631449933924586,-0.242196724866372
0.9855166805480592,0.0122322094556426,-0.1691367654100317
0.1730177879796244,0.9075495572953403,-0.3826468947942341
0.7727215943821072,0.5074669508928851,-0.3812854984484097
0.8785007531060559,-0.08349343349308676,-0.4703884281693462
0.8586681529944177,-0.1533956650649927,-0.4890386211460441
0.5011900886256123,0.03281148292975622,-0.8647149250772772
0.3135304270894304,0.3137917848973866,-0.8962328865981384
0.3879258075744516,0.3011986693287643,-0.8710872111403606
0.3564204260746514,0.3692134242413959,-0.8582807974297846
0.4234919588712666,0.3553368004029619,-0.8333008574643153
0.4556827286057996,0.2885925796149493,-0.842061502410342
0.4896797169068394,0.3418694519970561,-0.8020841929880368
0.5210840543797602,0.274085189094285,-0.808299893226704
0.5511561960920178,0.3256592882577272,-0.7682270988977463
0.580701019705026,0.259628858696405,-0.7716081787057114
0.5208013863323238,0.3933478681041453,-0.7576564991156968
0.6533304739483758,0.08484897711255397,-0.7523030924390408
0.6093382523585601,0.3188542102017937,-0.725974439528835
0.6367153393996546,0.2478350525836745,-0.730185841607484
0.5730847405601422,-0.1659882741020497,-0.8025096715914003
0.2871387786957594,-0.2623696651286109,-0.921256468411163
0.216325913637895,-0.2523992008780365,-0.9431318796885505
0.1940189503648027,-0.1847221318434795,-0.963449210340919
0.173670704923012,-0.7721419044623596,-0.6112572008776538
0.1776101792674963,-0.623227900263752,-0.761604627450098
0.1811224004134718,-0.681286057015308,-0.7092559372927353
0.1731742910773487,-0.5643543567439041,-0.8071646826602561
0.408209335000128,-0.8964702158126396,-0.1723551304127401
0.4721393579200531,-0.8621943930262981,-0.1835899107708627
0.3442476595050891,-0.9261272078416677,-0.1542139546884937
0.3335112936228631,0.8257342408481423,-0.4548990882788694
0.2863138820285294,0.810736301019955,-0.5106182636434328
0.2200947417227234,0.8349013738183876,-0.5044779486381707
0.2407332444125726,0.7916972887194692,-0.5614827762886746
0.3047577560510769,0.7654242977326219,-0.5667877508973135
0.258066332158701,0.7424723039276542,-0.6181720198347027
0.3248617031746142,0.7148574278327325,-0.6192283356588734
0.1830882571513847,0.7759191252498489,-0.6036788891163727
0.2021358667315631,0.7195112398965311,-0.6644130244382904
0.1735333855779759,-0.9538663211477979,-0.245000419325787
0.2244285645378097,-0.9551333840161432,-0.1932667538853197
0.1594907072053132,-0.9716369558667911,-0.1745976526447722
0.8639510045764663,0.4517370765401986,-0.2225360091540911
0.7363419939108792,0.5119673978156318,-0.442368456806361
0.9766903061269598,-0.04968974836086863,-0.2088228311882086
0.1226520168536189,-0.6651352562749753,-0.7365810027564943
0.6771413617107633,0.02249957575147674,-0.7355089022924852
0.3545999615105796,-0.5094722537030537,-0.7840260773746156
0.37995432681129,0.1788670882126234,-0.9075468441307684
0.5471418016992262,0.2110163653230522,-0.8100049027007014
0.7602867939952554,-0.5895803478158657,-0.272688474904494
0.8032475562445284,-0.555340957724565,-0.2153828778263393
0.141472189076683,-0.2396702090004505,-0.9604914422500243
0.9750553522316588,0.1483227399491385,-0.1651285102530028
0.1455778541901886,0.9346998124940488,-0.324258151621467
0.6123900702627417,0.7757646583054948,-0.1522090561292368
0.1591071366594278,0.0802792682524208,-0.983991950248016
0.8459236596439023,-0.09689033670560085,-0.5244286650324735
0.09870215262538548,0.9223220132717426,-0.3736040536470056
0.731385034009327,-0.6669968049436041,-0.1420957220404589
0.6251935219563236,0.1491161796970602,-0.7660923084435725
0.6815257224368768,0.1451990476446708,-0.7172446766759399
0.3916555015898324,0.4203083049609375,-0.8185028386360552
0.6714176464124073,0.291225925429295,-0.681458586007891
0.2326628640081436,-0.5284962388483861,-0.8164310854166673
0.3982764262195284,-0.9113056157499777,-0.1043933092700603
0.6957148244772763,0.2156608361280298,-0.6851797477765318
0.7526635858248034,0.1986181865364828,-0.6277326999211589
0.5845761902489968,0.8055003971390569,-0.0971585714324295
0.6735038925030958,0.7257518752712575,-0.1402737406766906
0.1313053509404323,0.7423368335993206,-0.6570349536334765
0.1582557013102114,0.6883691273689788,-0.7078863450357576
0.2229570423593442,0.6642793364240995,-0.7134585625404826
0.9890877687315837,-0.06657609098822964,-0.1314268231918584
0.9757488398001807,-0.1193921171707487,-0.1834658659971592
0.9945296522656887,0.004562160747147791,-0.1043549589315509
0.9572318448397774,-0.1637080648144235,-0.2385515976457776
0.9553475758681231,-0.225452664764063,-0.1910028932599818
0.9341167821677683,-0.2906586491242271,-0.2072278624167455
0.9518489516042852,-0.2745564912503468,-0.1363902725348162
0.9267132928223717,-0.3427317350497612,-0.1540695644703957
0.9652736078842972,-0.2532542001955755,-0.06410282369234162
0.8815948446614782,0.4462320918313167,-0.1538422896545403
0.9171561990155459,0.3772485608713875,-0.1284835784364032
0.8441356709753061,0.5068718157568679,-0.1746880974148084
0.9090493653084231,-0.4032959221620814,-0.1047933709725453
0.878995400466295,-0.454482728210137,-0.1442655042543723
0.8511477921695019,-0.5119188197818,-0.1161316401252962
0.8465235358776977,-0.4989194819416777,-0.1856805152517847
0.8745577898394993,-0.4315938500884734,-0.221077861390187
0.8471495110783664,-0.4363469175353728,-0.3032145666637132
0.1726405046143467,-0.4959556896199824,-0.8510130493124481
0.8924069123626989,-0.01307614254878331,-0.4510420349183858
0.9232422948629844,0.0001963892383061861,-0.3842182015566119
0.9003980977186279,0.05127646278824017,-0.4320347092405913
0.706554446086255,0.7040339156834131,-0.07153363043510493
0.7268623578137049,0.6728602597684403,-0.1375870038115833
0.1088714808913738,-0.7956337203708164,-0.5959144096742525
0.09946785199753068,-0.8348188177160684,-0.5414643921867284
0.9492070531403554,0.01439676349952135,-0.314322610496511
0.6390139422002077,0.7398396431356636,-0.210472050682848
0.2070943250077602,-0.9706594495163415,-0.1221972733501571
0.9709200240348206,-0.2062239584978786,-0.1215976392438962
0.06701111192615465,-0.7028394477188207,-0.7081851605397584
0.1269005314602817,-0.7228231479787557,-0.6792812023464068
0.2507244365675543,0.3526479802971438,-0.9015412685508234
0.9386372281133072,-0.0563917894205397,-0.3402647793788194
0.0641170194339554,0.651059231409072,-0.7563140121774383
0.06411701950867085,0.4661742100497937,-0.8823664849107629
0.6496300793227797,-0.7575889601667853,-0.06355885046543767
0.6195096518272278,-0.7739888912116937,-0.1309541430188439
0.5583481754857336,-0.8195167529094627,-0.1289945992376546
0.5895657896866978,-0.7828712389815693,-0.1988084575830797
0.6779769549354749,-0.7225285197887504,-0.1352767040857303
0.7578105128198858,-0.6482469976567133,-0.07415562479487947
0.530823140143089,-0.8450361435784193,-0.06434834834510889
0.06935594489581912,0.8447677550112207,-0.5306196311868893
0.1292584234184785,0.8182479633203351,-0.5601450977179867
0.06769352998057394,-0.6442725660152236,-0.7617942285676155
0.7581277886280139,0.6488589449485626,-0.06499481264097721
0.0569179315832563,0.03733057778657638,-0.9976806989344857
0.2034494509398258,0.01810898790130525,-0.9789179666700748
0.1452552276670132,-0.04961684376615353,-0.9881493245709827
0.0645013826096487,0.9806314417983707,-0.1849366026450479
0.1268486898235853,0.9807622899214864,-0.1483736518321297
0.121331758888506,0.9902499601502133,-0.06843698347766795
0.1826242894704674,0.9767073873829201,-0.1126545530683844
0.06451218355546182,0.7581369954052107,-0.6488963510229241
0.9813555744580512,0.1817953867079444,-0.06238328182948738
0.9697439316625999,0.2087628958958696,-0.1265494381683819
0.9482619382498073,0.2871222165415158,-0.1354995543719809
0.9406352170540757,0.3323896856300528,-0.06872034141640004
0.9152086990880084,0.3998132337641871,-0.05042236825714138
0.06224897530573977,-0.1157749858180424,-0.99132296338389
0.1735421313410568,-0.1167149239008406,-0.9778858600002479
0.8450203029848284,0.5308456684388992,-0.06437051998459364
0.0613903168283176,-0.5310285779595865,-0.8451271374118441
0.06304772626266317,-0.4686986698822314,-0.8811052951059456
0.1251655297836868,-0.4321919848747814,-0.8930530098286248
0.06104985391880411,-0.3296629992671887,-0.9421227214384833
0.06358764537845867,-0.2600330937864305,-0.9635037111973576
0.329735910868149,-0.941856471605499,-0.06465768306080809
0.06350007738659882,0.3268077326343918,-0.9429551665176154
0.1931926786907994,0.3228155008599222,-0.9265348030726267
0.5329072843998596,0.8435737171731175,-0.06628129395460006
0.06465768270453465,0.1853685607200108,-0.9805395865358376
0.171654521978172,0.2082567701136518,-0.9628934742671562
0.0669487705610553,-0.9139722245447521,-0.4002157354241337
0.1348310088661183,-0.8933283263972276,-0.4287016448586045
0.1544851476431635,-0.8564910694468507,-0.492501154430586
0.1285880374393916,-0.9239526061666712,-0.3602453305530859
0.3999894947773923,0.9141923737520549,-0.06527409778242672
0.4343351704009086,0.8887692384111427,-0.146431556048861
0.3251195875236843,0.942975859161175,-0.07137074223849078
0.2837958911963415,0.9492370465115043,-0.1356794813897457
0.0565574774398942,-0.9802488835983162,-0.1895082529862238
0.9816384416709553,-0.179031368504291,-0.06583113948048719
0.1251138043308194,0.4297881075665478,-0.8942196142784137
0.1929991571075456,0.5806480383263289,-0.7909482795629326
0.2511497472767682,0.6041246444449003,-0.7562785322995346
0.2831092784103856,0.6899847066871515,-0.6661608221862018
0.3574778665749486,0.666985110986368,-0.6537128089853568
0.3832530795308372,0.6960146801637357,-0.607190778937479
0.3169251519863177,0.4397552766401435,-0.8403414453099409
0.4938478211279168,0.4931503234600895,-0.7161823008413559
0.5491001508538252,0.5029090156697831,-0.6675114577970601
0.6017178930499474,0.4510025687252913,-0.6591906099048447
0.6040506775687245,0.3879265411504451,-0.6961578683027414
0.6718817159397016,-0.6624628568285235,-0.331236959152377
0.4227383468221451,-0.08558184613433513,-0.9022017721875294
0.4635381008074067,-0.02650687407765013,-0.8856804247167791
0.7155437643665677,-0.2938576229011409,-0.6337545413951784
0.7633727468060739,-0.2917080676462038,-0.5763405700658834
0.770980063472712,-0.3509648873227367,-0.5314258081747175
0.7306143947128075,-0.4126376116071729,-0.5439970659163206
0.5322515270992109,-0.2258914247903576,-0.8158929930491743
0.5920335104027147,-0.230124701040653,-0.7723593364044931
0.7853188983393864,-0.6027700242350745,-0.1412180080395568
0.3702779139687299,0.04992494103466166,-0.9275784423377094
0.5806699413148699,0.6710704971172059,-0.4609629129900275
0.625598909486953,0.6690172216326662,-0.4013003384095798
0.5807839630137842,-0.6803161343846997,-0.4470569824998404
0.6341163875179449,-0.629392444977917,-0.4491787587207472
0.5862023153285553,-0.6332213833563769,-0.5053687022003611
0.6965134720095394,0.3384250343373929,-0.632722276708313
0.354023778231777,-0.7662769779822114,-0.5361779158646384
0.679355787704376,0.6168679909036339,-0.3974287301027453
0.530638421417854,0.1004040822017398,-0.8416304925514488
0.3415213548953301,0.1195238070228914,-0.9322431140562062
0.4786697096807502,-0.5785631760399479,-0.6604089341951052
0.4910731035302744,0.8009446042338058,-0.3425418922378646
0.2691277161318442,-0.8771626144321625,-0.3976883456328473
0.5757078660933062,-0.4144609963721148,-0.7048280183168983
0.8575783152894636,0.3406461914767654,-0.3853824144634262
0.8415248363449086,0.4534923763299634,-0.2935653494969694
0.9107741275180956,-0.3062104038823762,-0.2769940020972363
0.3595140320739736,0.8700088621459204,-0.3373933024371921
0.5902881227659231,0.6212262519564898,-0.5154006946071903
0.4171381404465752,0.236017824423759,-0.8776624398588838
0.4843624880327018,0.2143645995528309,-0.8481985608602064
0.4169452170872269,-0.7266426907537878,-0.5460284662196471
0.8720368286751382,-0.2096100236534263,-0.442284306095319
0.1964848294402521,0.8737887106571064,-0.4448449178399442
0.8124230988948493,-0.3428122833517508,-0.4716444071175326
0.4572986185226241,0.4062737528990233,-0.7910876128486927
0.452256759381843,-0.8105688043769421,-0.372077998495434
0.5020237298100857,-0.8048095141912969,-0.3166288372443966
0.2391260753069913,-0.6964604004859378,-0.676580838232389
0.9887064530339614,0.07744824223016233,-0.1283016738178466
0.9413541357638028,0.2107276067075502,-0.2635265960993158
0.3557385439710388,-0.2709761409502505,-0.8944395001167353
0.5837243491976533,-0.4734802141403102,-0.6596077402300722
0.8595268894292729,0.2799538711391824,-0.4275971893993512
0.8247242547141389,0.3417623478766058,-0.4505867300088609
0.3068366405255714,-0.3276831028617095,-0.8935743170715592
0.2425286155814084,-0.1274322781443805,-0.9617384702251952
0.4552804086048012,-0.4060191906902593,-0.7923813263397064
0.4408089675487555,-0.8436992541267553,-0.3063641994661857
0.1872299014785199,0.9478024020847989,-0.2580999236625786
0.2933693956510886,-0.9326122457395138,-0.2101637380520621
0.7986678403115997,0.5651298925517059,-0.2067797992950532
0.4167237163090617,0.1167255862523028,-0.9015078933540299
0.3596088602557985,-0.7201372712432338,-0.5933664788239006
0.9057106531086833,-0.3624414845229519,-0.2198280763283914
0.7516066492304296,-0.231362511452426,-0.6177044868924234
0.5486082035200713,0.4345077764386698,-0.7143052787462816
0.8220973229430988,0.3982907323182723,-0.4068420874973047
0.1997583914920507,-0.9026995492197941,-0.3810906832591018
0.4268499082483221,0.8373748756939481,-0.3414710432598111
0.2759910693496527,-0.9514133916348859,-0.1365338341109566
0.1442054527687189,0.8535416759821199,-0.5006709445867641
0.6849624433039959,-0.5756901775614435,-0.4465504122966342
0.6386651473088696,-0.581105025762756,-0.5044043800822974
0.7747009398447579,-0.4068061667210172,-0.4840942021150438
0.1236469703884626,0.02145762999667633,-0.9920942479566547
0.4932844602416497,0.8608174467130898,-0.1251549628199423
0.1239338512967881,0.9681496305535653,-0.2175469911576361
0.5272480377502218,-0.4705087821965477,-0.7075528196286566
0.4676725791111837,-0.466024439161197,-0.7510682930679378
0.6365388271655739,0.6207566102351054,-0.4576893622972867
0.06386513797070364,-0.9423715735261173,-0.3284159885905261
0.1371815692335757,0.2779696344299971,-0.9507439715283329
0.8231019417093681,0.5537241482213124,-0.126066495274716
0.7777485591236903,0.6135818034913959,-0.1364717890454639
0.1326558607204636,0.3557412341201704,-0.9251219362674149
0.6310120053926953,-0.1684402763081491,-0.7572659522040612
0.9578998613842785,0.2125842735520228,-0.1929657539521941
0.1249761621547154,0.1459986249912142,-0.9813589355550564
0.4360986487416965,0.04190075675938187,-0.8989228527235569
0.3805338838514176,0.8343729081871795,-0.3987678689716916
0.3977007144006722,0.7950147455953942,-0.4580236850328657
0.2973615097010578,-0.7578104856243479,-0.5807748276450156
0.4756437564753804,-0.5231608265793545,-0.7071532835664383
0.2387819205849587,-0.3175372971465107,-0.9176890864136104
0.4876590596511659,-0.8360639099539307,-0.2513678181722677
0.7956084043547543,-0.2291152031934801,-0.5608150235021279
0.6116908344580144,-0.1025457381933313,-0.7844225230183303
0.872327412313493,0.1000282441456764,-0.4785804384840422
0.83569117956902,-0.2202379481219891,-0.5031058522791761
0.8056524982742379,-0.2864044281541028,-0.5185523652999767
0.6876186004957797,0.5696420403901364,-0.4502095135294094
0.6776323333471739,-0.623021085675623,-0.3907161982897981
0.6938449683330264,0.6909884044053897,-0.202766330775687
0.1708774910752704,-0.3077026748839777,-0.9360127920670026
0.118367616995903,-0.3601957843122292,-0.9253367517884552
0.5304683796872587,-0.8253284399046278,-0.1934845328096478
0.238000427426912,-0.7448323803957827,-0.6233622716034066
0.6464194487233637,-0.04084641885025764,-0.7618880930814524
0.9600933991119774,-0.05017040014428447,-0.275142864583059
0.1244036327582148,0.893331109226423,-0.4318370820631872
0.9819333262031812,-0.1422112888653315,-0.124831455213893
0.7430186748771984,0.4580341696607488,-0.4879835532135488
0.2953851455782194,-0.5472729918914296,-0.7830963466380986
0.8300337295881737,-0.4972577598698718,-0.2525445069589585
0.695486727620278,0.5145974718432915,-0.5014854471233735
0.7205436110763088,-0.6082569749849515,-0.3329269543297284
0.4171534488791301,-0.5162971412745635,-0.747944023306531
0.1856113648033779,-0.9809796516499101,-0.05680972015991909
0.8149382905061614,0.4534444304335137,-0.36092067158272
0.1225690790402611,-0.9494706654455346,-0.288932996249366
0.3505329232688293,0.7822166625782235,-0.5150376321101153
0.1455283741039815,-0.9835312945503305,-0.1071806184475659
0.9235384760087263,0.3346929226248046,-0.1872360298562906
0.6989816240878924,-0.0393911872703343,-0.7140539360250637
0.06005936202696523,0.9447525370595419,-0.3222351885695803
0.725728735100218,0.02277491324162314,-0.6876038876974695
0.8344855640130058,-0.03693612061646732,-0.5497904750427215
0.4967139383162372,-0.8598830463814588,-0.1177981749778631
0.7658044681066396,-0.5523456627656382,-0.3293292963765821
0.1296121825143894,-0.1581842447153365,-0.9788658880907513
0.8217441925700639,-0.5491646032798511,-0.152166752222216
0.4285455202173223,0.6506358258206542,-0.6269144752359289
0.7808732967650852,0.4562684760777634,-0.4266801754674134
0.822518937655126,-0.1650298122608679,-0.5442680941078815
0.9970973390338304,-0.05036215537497678,-0.05710122413435174
0.3637006776637179,-0.5634215127098379,-0.7418072634335084
0.7246450956338008,0.1488401926242857,-0.6728566581623794
0.181735083621567,0.966198449351895,-0.1828467004106323
0.4744867302935303,0.08806193731614866,-0.8758466977567944
0.8458525274695264,-0.5314843668999761,-0.04536374669651416
0.3676308881922251,0.7385130674437522,-0.5651955230376615
0.1831116311319762,-0.7305050136572989,-0.6579001106290655
0.1117416252239902,-0.2975013681469856,-0.9481596622631512
0.703154547373288,0.0861061297456543,-0.7058040924566045
0.1199645560186601,0.7829484099987456,-0.6104099381396751
0.5668870881176119,0.1470436631372785,-0.8105659692194742
0.8039496776193796,0.5034375968736883,-0.3165683210773644
0.8639411504017305,0.4904329539887633,-0.1143731012274747
0.9659409391461656,-0.1031058666085001,-0.2373336940940619
0.7961058374739933,-0.5390825711697701,-0.2749645013466672
0.9008554896032979,-0.4000602351814958,-0.1685562074743277
0.6436032889634019,0.346723798529211,-0.6823176781888088
0.1182942883834714,-0.5451592108368313,-0.8299445139137985
0.1102810372564572,-0.4890024756976918,-0.8652830008633985
0.1139631806922382,-0.9691858801370399,-0.2183829736712542
0.2897882142326655,-0.4947192642229588,-0.8193141280965054
0.7643434722920004,0.1381547675234025,-0.6298351503172578
0.183049796307572,0.6335860492891053,-0.7517057204903923
0.1226144828703602,-0.6072278263988425,-0.7850095893919841
0.1852428717795362,0.9813802580842882,-0.05077270425421683
0.8087900043337007,-0.1016500614881615,-0.579246056429688
0.4264020699860048,0.7095067424994952,-0.5610538807096921
0.4911040330849484,0.4415175419602977,-0.7509188297206527
0.3704116170074263,0.4747915257160262,-0.7983534562424038
0.4465318138131279,-0.8857143177888344,-0.1269625398163474
0.05521784108758281,0.9085110517471932,-0.414196401334965
0.78121121734979,0.2268977470036471,-0.5815723912734582
0.8234594409503102,-0.5583771022880839,-0.100645718985783
0.9969641587988558,0.05648347419932435,-0.05359182039140068
0.2976974495540994,0.3763504011888244,-0.877346342132909
0.04689983508476495,-0.805770811902289,-0.5903675161756003
0.112984670210963,0.2115571222023784,-0.9708130862028836
0.5979096344108045,0.2018365539165081,-0.7757358278317734
0.8284654867464128,0.505124200112513,-0.2418563204274863
0.05470858459341005,0.9970024781972914,-0.05470858470336371
0.1203353447729975,-0.7606291245284825,-0.6379363132142565
0.184711110418038,0.8161234816216225,-0.547562113767869
0.2272236883461333,-0.4778883560801253,-0.848523490881316
0.4006147853636039,-0.9152392213061918,-0.042953015387855
0.9710875300113552,-0.1731140453973832,-0.1643792454739899
0.8662267721615922,-0.03517700459105912,-0.4984112333590706
0.05060926634937677,-0.9902032350517603,-0.1301393693415102
0.4331881332219841,0.1795783483385686,-0.8832325050877852
0.904204974324179,0.111397179902971,-0.4123154529205471
0.1185635876663877,-0.09947128512648351,-0.98795148621527
0.1277179653373041,-0.9905627032679041,-0.04973582435912185
0.117321142936551,0.954592078261018,-0.2738424976905008
0.2294981018167631,0.9625897070776952,-0.1440544240576436
0.9170958099898496,-0.3962596249188544,-0.04374454203932997
0.04198263813318848,-0.8453083379346901,-0.532626766050552
0.1177297672663165,0.6597112220513187,-0.7422403959627735
0.1036055476500317,-0.983129861627777,-0.1507367429390886
0.9832892664106886,0.1484066909954175,-0.105440374759011
0.2440683529397736,0.2984395271261002,-0.922694146368132
0.3856382406623146,0.6223027730333032,-0.6811919010190418
0.6504776494469169,0.1904942421860614,-0.7352487818854052
0.8974980277613605,0.4291358364247607,-0.1016844337177004
0.1072134140250522,0.08066535498723451,-0.9909583161555668
0.03927717983171405,-0.9984561056288407,-0.03927732522660312
0.5232042706382167,0.1626041512624069,-0.8365507642565178
0.4853436124999748,0.855989352876846,-0.1781117782937241
0.5917477273501257,0.8049436043383007,-0.04359381849329642
0.566087290814802,0.3719032444243139,-0.7356855007165948
0.06474833415711298,-0.3990528997500393,0.9146389650703516
0.9146389650704212,-0.3990528997501956,0.06474833415516777
0.8658380309099212,-0.1472304336784484,0.4781712074444533
0.06474833418693633,-0.530915672322173,0.8449474552318103
0.8029094307812054,0.5925741296499174,0.0647483345905031
0.06383076447519292,0.469821012762739,0.8804509353013982
0.8029094330115473,-0.5925741266748658,0.06474833416077933
0.0647483342482483,0.705623007581772,0.7056230044317799
0.06937071060540168,-0.7573911525159834,0.6492660060411387
0.07188260305407,0.1828543591137093,0.9805086306255982
0.06474833416127304,-0.1855214943046155,0.9805046804448833
0.6478887821686672,0.7588806830647975,0.06588045849193641
0.5925741296500942,-0.8029094307811011,0.06474833459017866
0.914638964077505,0.3990529019617258,0.0647483345511959
0.06525515225671834,-0.8450339305548008,0.5307159516304899
0.4754029141296204,0.8768985443293682,0.07100008584572391
0.06709845221143386,0.8461779553430882,0.5286593095768017
0.3981418137404957,-0.9152358906871769,0.06185758279692516
0.9797750851637969,0.18696848735929,0.07129913903304502
0.06819507879264756,0.9406973355972363,0.3323220637103788
0.9972037971796489,0.03731273361667146,0.06474833434568729
0.06372952312007835,-0.9422959941547482,0.3286591049747474
0.9638989519176789,-0.2582759448980774,0.06474833417938486
0.2587672492183782,0.9639603536628661,0.06180572221174894
0.06474833434569764,0.03731273361667191,0.9972037971796482
0.06474833459052462,0.5925741296499047,0.8029094307812129
0.844947455231778,-0.5309156723222401,0.06474833418680533
0.8193061946937774,-0.5585935032380112,0.129269708271846
0.2582759463636387,-0.9638989514993942,0.06474833456032228
0.06474833456587839,0.3295860135051865,0.9419027088148245
0.06474833415340862,-0.6509186661170839,0.7563812156080522
0.7056230075817743,-0.7056230044317781,0.06474833424824185
0.9916270290982043,-0.1117295322897684,0.06474833415755801
0.06058750301469074,0.9810355681396031,0.1841150958597665
0.06171223995261438,-0.9797432522768985,0.1905118344300865
0.8591030774760656,-0.4952922822628552,0.1289474986264003
0.8310946536719077,-0.5215183330029131,0.1931328687195283
0.8685306005733806,-0.4567861055974539,0.1923565689046114
0.838141492823263,-0.4816439345449597,0.2560038248230734
0.7983682753580346,-0.5449722012516467,0.256151120951621
0.8018889348674832,-0.5058924823955998,0.3178788014207785
0.7609678762679338,-0.5654848450405763,0.318048394615829
0.7617022238428213,-0.525751305566343,0.3786757014757965
0.7192149552002434,-0.583012652756934,0.3779233982457749
0.7200130804708819,-0.5386914531199533,0.4374844937667443
0.6738307011825269,-0.5972762510586933,0.4349865125094534
0.6723850476625759,-0.5515099585455062,0.4936953648809451
0.6243346033968158,-0.6086673997849593,0.4896226092005528
0.6212170306753787,-0.5607110303516466,0.5474418153930702
0.5715198574721299,-0.6162162681581396,0.5418879620108683
0.5663154666699491,-0.567394490934036,0.5977878251253562
0.6144471411305608,-0.5102948342159129,0.6017091431323233
0.5580527443317208,-0.5150849713194482,0.6505878932662966
0.6045428499757669,-0.4565497225487284,0.6527559217531897
0.5478070117196321,-0.4598779393508519,0.6988703447773564
0.591399299837648,-0.4001610702884607,0.7000842706254251
0.5317840457799853,-0.4023866142402446,0.7451783285456866
0.5752183715444354,-0.3413156053880986,0.7433891864671718
0.5728666314906813,-0.6624716363587082,0.4826542795259724
0.5151316492750655,-0.3405142253254227,0.7865681447059614
0.5541481969589687,-0.2810325956180252,0.7835435252794317
0.4932447669077947,-0.280809750203881,0.8233197945564708
0.5318141957881777,-0.2194240437452228,0.8179405541875695
0.5181928407363033,-0.6686286694050732,0.5333028054109987
0.5182692637959048,-0.7126214573515122,0.4728293864880415
0.4692574962296867,-0.2179661995940122,0.8557383584173313
0.5101447887482614,-0.1553713906877781,0.8459385470994554
0.5769945257588236,-0.1612059971814802,0.800680925036356
0.5472187458346494,-0.0923919424321508,0.831874613857622
0.6051876617809985,-0.08993925557089892,0.7909859823886896
0.5776508908362463,-0.02726659210535888,0.8158284018536317
0.6358399600938407,-0.02576642896168079,0.7713907157118406
0.6085037986153088,0.04025763122029737,0.7925291478546833
0.6631320294082912,0.03955723577472198,0.7474564446646402
0.6341439861322873,0.1053387626315434,0.7660059725220874
0.6877299583130829,0.1057672932039144,0.7182205678807885
0.6544291694827773,0.1689124188235982,0.7370149638217963
0.7083104866292035,0.1689413451058523,0.6853868079011488
0.6728771734880087,0.2325088601760848,0.7022648640921786
0.72493468435666,0.2319797679749533,0.6485792863382214
0.6874342605392665,0.2948929305537086,0.6636808698058709
0.7373123314202135,0.2935160117856838,0.6084561420193862
0.6980189360569229,0.355715386762582,0.621478984782517
0.6459991088382973,0.3560712418108071,0.6752025045387758
0.6547020800115426,0.4158971548492535,0.6311851891615137
0.6009920069209786,0.1701360656402847,0.7809368263730038
0.5105555681162167,-0.02870030628209585,0.8593656406238506
0.6008611946101694,0.4151722087261046,0.6830796892845871
0.6078063033304445,0.4738345757596443,0.6372223257595874
0.7460892162172053,0.3535395253773387,0.5642346014206876
0.7835075196532398,0.2905442541137734,0.5492722485692311
0.5522732123264532,0.4718649678356838,0.687268325383943
0.5575941414749728,0.5292032998673856,0.639556597028174
0.6114956032863067,0.5297685957510556,0.5877230318079005
0.5596466470224674,0.583654696891737,0.5883390393920197
0.6119788330197299,0.5824590392198106,0.534998481836112
0.5585357339757564,0.6347078927048823,0.5340259589292367
0.5005071708843293,0.5258321374741505,0.6877449636985581
0.4937122872568432,0.4670969707972429,0.7335315925600313
0.7899408386556278,0.3495558387515428,0.5037898242508961
0.8251562218225538,0.2856643896935291,0.4873531225390396
0.500472869092653,-0.5167808110603891,0.6945966459909915
0.6090425046136582,0.632216085513174,0.4789259324700648
0.553918787198176,0.6826952187372828,0.476551377610175
0.5017381823860296,0.6835487273650304,0.5301131328816621
0.4958809080862069,0.729225559245838,0.4715211646768293
0.4621443650955177,-0.7168446589616119,0.5220692681327558
0.4608481513925036,-0.758836110267582,0.4602029325331144
0.4504350633472092,-0.3407056162495217,0.8252441679669293
0.4421825886592853,0.7282920729479552,0.5235123826307679
0.4348909810730692,0.7721192665821796,0.4633591185612952
0.829243980275789,0.3436458461728603,0.4407515780850996
0.8622273174076237,0.2790139111200789,0.4227473128448357
0.8556927930783854,0.2201010893180664,0.4683432014609713
0.8903586994378657,0.2127518203785373,0.4024898126175753
0.4405542800713639,0.5196739812785797,0.7320183600790847
0.4324513682813472,0.4595572772017842,0.7757531327957838
0.4871651758843903,0.7711417539889448,0.4098908228545558
0.425005474856973,0.8116835651619241,0.4006746016253431
0.6469315154105804,-0.3980318202177681,0.6504231580000057
0.7380501201184496,0.10576098400597,0.6664057581198043
0.5156022281318736,-0.7525527814873302,0.4096567507330132
0.4566266345614413,-0.7961898575149179,0.3969556995427408
0.714885356416154,-0.6242490246142667,0.3150429850828062
0.8731883312958642,-0.4155973816869486,0.2545995962755967
0.767585080513664,-0.4723340539998727,0.4332593745147095
0.4034310088408347,-0.760993271982493,0.5080675753313193
0.4035153660969407,-0.7169327606093798,0.5684916587678887
0.6584657037235411,-0.08880964876300465,0.747352502709701
0.3800858658942557,0.7688938762034013,0.5141370845254429
0.3780711018118093,0.5107633063245024,0.7721289315180898
0.3688334108752456,0.4492880963260144,0.8136965782906292
0.8640311281054112,0.3362641926868862,0.37466865679094
0.828761317769061,0.4000847990670144,0.3912631233903804
0.6029440724796444,0.6779696775126156,0.4204944254506844
0.4436128611487586,-0.1413950535677546,0.8849943888240105
0.4042950620849501,-0.2132740311370609,0.8894153643918425
0.3747707400803145,-0.1518111549090002,0.9146038845450247
0.4843126918742247,0.4056828962418721,0.7751532778659642
0.3862262492653584,0.7229705341651894,0.5728375782953783
0.8813796002909177,0.1532329790366255,0.4468664837807633
0.913420777939827,0.1452874026083085,0.3802026473752286
0.6563407463314448,0.6258422947929757,0.4213528767593075
0.6484490503271644,0.6699565609651121,0.3614858718533803
0.3353943518925375,-0.2133191690363198,0.9176086098333204
0.4760025770859737,0.8084900040070365,0.3460714666484567
0.412581411790686,0.846763476864345,0.33580975699555
0.3604116386539342,0.8476351145967057,0.3893817705355704
0.3469053398437846,0.8803427685890275,0.323501615113239
0.348297636399525,-0.7575118754158059,0.5521453749534926
0.3447477812379305,-0.7119203740641112,0.6118156162798887
0.3378146811043812,-0.8055481328467411,0.4867991853911366
0.7000491750807766,0.6158286350707844,0.3615055251245529
0.9200184686711823,0.2043887577354377,0.3343519896984273
0.510254210847634,-0.7880333640305395,0.3444474669481106
0.4500645782346422,-0.8300788309107525,0.3292582723217622
0.305571456872984,-0.1486286639614387,0.9404975305621806
0.3450857373306949,-0.08615286115526115,0.9346087515135373
0.3230566444490279,0.7614836394843353,0.5619404517162163
0.3285389019952798,0.7133393868902063,0.6190388590281232
0.9406576133374449,0.1365185625216141,0.3106862349016027
0.9316080927474741,0.07710645222336104,0.3551914364859324
0.9560794551517806,0.06795461730996023,0.2851214573176336
0.8610941269410639,0.3915314311899837,0.3243763908454652
0.6902695022292283,0.6581427263291583,0.3006262897223664
0.7399230990489147,0.6022311655733528,0.2997189194996053
0.9443870609343686,0.008339412988850721,0.3287301831757259
0.3134074341279984,0.4991499970171512,0.8078521279981146
0.3032145658660669,0.4363469178678924,0.8471495111925895
0.3576996359233888,0.3852450760369784,0.8506686792456496
0.2911554721312862,0.3711536204474855,0.8817445667973983
0.344732106872408,0.3189927759291213,0.882838254379784
0.2772976630457688,0.303935074778112,0.9114436221670427
0.3300034195190203,0.2509020946122267,0.9100252095546314
0.2937452813319644,0.8787951356313177,0.3760755499709321
0.2793420339691112,0.9090398930658621,0.3092159453728188
0.2747746573185036,-0.08276327423511791,0.9579400441224815
0.3149403061773883,-0.02010324642316899,0.9488985525482386
0.3964931939078574,0.2651619094195339,0.8789097274337866
0.3807473685542927,0.196348708144083,0.9035920684408045
0.319121572570346,0.1780007457131174,0.9308475473705689
0.2641225820121936,0.7499300409594286,0.6065016037388539
0.269297966609727,0.700292190287013,0.6611122850188796
0.662044559395171,0.5272175664627474,0.5326712297358966
0.6167406785435795,-0.276773070061299,0.7369040664282214
0.3323690112947003,0.9081380097110993,0.2545902504986134
0.6368964364139822,0.710123689115873,0.3001454238192435
0.502169941612348,-0.8192072472738109,0.2769924832104953
0.2581531509613835,0.7958156381134647,0.5477539783358657
0.5608375583425319,-0.7752304266613284,0.2906527459544837
0.2802184409650988,-0.7571460503196465,0.5900910809599216
0.280070133484677,-0.704724843396786,0.6518616535962601
0.3417190906515979,-0.6618755167262231,0.6671947717440837
0.2772168541749562,-0.6524069522232078,0.705348129969993
0.9633091444958767,0.0164717500378559,0.2678883602945685
0.9551615851906823,-0.05132725959646564,0.2916022266690364
0.3365072311338823,-0.6083715767394756,0.7187815440105099
0.2717464816833364,-0.5967929670335379,0.7549781481553188
0.3303410449106955,-0.5510599839443378,0.7662947788824976
0.2647836376505888,-0.5377978953621814,0.8004142983333882
0.4406375881766514,-0.8589312638887736,0.2609130119413319
0.38535900259228,-0.8664955501074189,0.3173072655410286
0.4623344441530187,0.8412524634612358,0.2802519482004029
0.2639455619181781,-0.210384398785538,0.9413135211455028
0.2904938882535887,-0.2752305914420882,0.9164395356060049
0.3767656287624133,-0.8932242845686058,0.2453528855346226
0.3208173629387962,-0.8983596223032166,0.300043677907432
0.9170418702286915,0.01748429062741767,0.398407464574548
0.9448195506776941,0.1929153846660418,0.2647634246197032
0.7281410724163673,0.6427806592393804,0.2379991654778023
0.775739293052062,0.5851260086597581,0.2363389582886997
0.222357919963775,-0.2709352049278363,0.9365634362711875
0.2493936151359121,-0.3339003343017048,0.9090178169225565
0.3223030175414776,-0.494266787418522,0.8073543879478402
0.2634248259179781,0.9341341815404446,0.2408333281916081
0.8442816903847102,0.1600595583178633,0.5114385252131746
0.390909747516537,0.6733917529243211,0.6274815665739252
0.2474711393945268,0.4848401197647563,0.8388611884175304
0.2563336515188235,0.5463244204340032,0.7973849050091661
0.2418831872905553,-0.01647973724021105,0.9701654198984088
0.4913658827976959,-0.8458635660942396,0.2075437225665402
0.7456871316764153,0.5600980987046017,0.3608889323319443
0.3108260645301439,-0.9235328006118068,0.2246649144900374
0.2560642539799759,-0.9263826948954657,0.2761271454093078
0.2589302802215996,-0.9004590665220517,0.3494689964826627
0.4461489604100117,0.2099623809352572,0.8699809789398062
0.4292454315533384,0.1405803202485,0.8921802133254343
0.971025309768683,-0.08688913239835001,0.2226210377742751
0.9538962399735671,-0.1291606469173741,0.2709234036626891
0.9694467085813653,-0.1422119127451389,0.1998720868308688
0.9501307944486571,-0.1975380618943965,0.2413093192219668
0.9312984822434361,-0.1877858188957235,0.3121211674858578
0.225379619514351,0.9049891858947904,0.3608304318111915
0.2064362723120117,-0.07920500312117255,0.9752490107426389
0.1989515459547423,0.7820232324978743,0.5906419780169656
0.2131706571620506,-0.6927060754740909,0.6889967807808558
0.9259856535493575,-0.251828500229956,0.2813058404880716
0.9038218912833904,-0.2452261507136518,0.3506709623608441
0.9424272633462607,-0.2587486648049547,0.2118489597881728
0.2229251604582756,0.3551507554128521,0.907839365617251
0.2097971476609697,0.2904420510020403,0.9336105032844529
0.2555726531601433,-0.4760306953425992,0.8414733483886027
0.2053139973778619,-0.5794376051222003,0.7887320357706871
0.241516034493515,-0.9494508583403979,0.2005319742066312
0.974221021954801,0.06285240277101747,0.2166632775697187
0.7749201839731524,-0.6187659097621541,0.1289474985691052
0.8672710191562977,0.0928495718257284,0.4891011514435186
0.8939486604273479,0.3266918681115394,0.3068032200449384
0.8880485407872036,0.3802900513641522,0.2583587932298201
0.8532503515963237,0.4447115904136948,0.2723883970591848
0.8782720914946628,0.4329777311919757,0.2029000187122706
0.5904125456516103,0.3542665094825572,0.7251953296845136
0.3171467427421358,-0.3380044392826155,0.8860987205685935
0.4607383135269873,0.2771616892554557,0.8431498113961539
0.7504231920081237,0.4112422234078394,0.517440688951802
0.3836194708991327,-0.02308576946688317,0.9232026585724239
0.9011389756238838,-0.3895181593004259,0.1903264306047519
0.3981255223040754,-0.617096195811821,0.6787402696206302
0.5242835279550732,0.8006539356938629,0.2899656144664567
0.5093922045727767,0.8311329265587709,0.2230193720517104
0.4459242918469081,0.869374697984488,0.2129299425755186
0.2390560614734815,0.8722470254815801,0.4266583246713028
0.1700401623830989,0.895952840496469,0.4103106759311025
0.3146570888637119,0.9306983704853408,0.1865246889924908
0.9189134203005593,0.3151232434371256,0.2372666589244972
0.3850278899090258,0.5694373375862677,0.7262882640900002
0.828057891819794,0.09922544713792691,0.5517920246209046
0.8489547174259512,0.03164992802132866,0.5275169853345654
0.1873792725714671,-0.9492183578747153,0.2527321057646154
0.1926293896660133,0.8253315107189855,0.5307747315492857
0.5686518643433,0.7888884936301399,0.2330021497687475
0.5533596556136273,0.8164011322769633,0.1651734928978017
0.1891469072818409,0.5306297177140352,0.826229719959551
0.1979315777921402,0.5905472711426498,0.7823535077307979
0.2666400982852846,0.6018474881876167,0.752783274886385
0.1826002686293903,0.4680685297079754,0.8646207222785541
0.3858939671127,-0.5029095514459531,0.7734131038523027
0.2803828594029602,0.04580039090084683,0.958794960534498
0.208089227756166,0.04989701520224236,0.9768363021334484
0.8070904393086705,0.03756352104303964,0.5892317071096789
0.8256904571305707,-0.02973362627829478,0.5633393120241583
0.7812700740303672,-0.02447197668222049,0.6237132304046863
0.7977248949192141,-0.08826045501519172,0.5965275216673913
0.1879950147233589,-0.1965017463630108,0.962312287210057
0.1494635332086554,-0.2630217245874789,0.9531422898160661
0.1117295322898892,0.9916270290982345,0.06474833415688684
0.112308282874609,-0.991736115158878,0.06201876721874826
0.4926686653276265,0.1539890824411107,0.8564840621361497
0.8647915333803684,-0.03262773406011433,0.5010698900989098
0.8963103694161871,-0.3136238744945861,0.3134769322039854
0.8707449273042894,-0.3011854824820587,0.3887037132777318
0.8583436987185133,-0.3691007447057843,0.3563856550534231
0.833294186045826,-0.3553213125550784,0.4235180803063321
0.8420615024690814,-0.2885925800270605,0.4556827282362563
0.8020841929937644,-0.3418694524602243,0.4896797165740971
0.8083880703473967,-0.2742022108824143,0.5208856642941986
0.7682629335422702,-0.3256967494818503,0.5510841063957319
0.771607049446329,-0.2595811861415068,0.5807238319942613
0.7576564990666456,-0.3933478685960257,0.520801386032178
0.7523077577950692,-0.08484625784540993,0.6533254549541031
0.7260057585940245,-0.3188587202687514,0.6092985762308076
0.7301650077092882,-0.2478053689833072,0.6367507837607599
0.8024457381419678,0.1661691711250895,0.5731218403667697
0.2088708366336642,0.6429758766391768,0.7368547995799685
0.6112240208891851,0.7721549174383237,0.173729616829925
0.3699595497054693,-0.447749518550852,0.8140333532596847
0.7616046271492173,0.6232279007108412,0.177610178988873
0.7101838156089718,0.6807326545779323,0.1795605776287305
0.8072972481870616,0.5646089236949634,0.1717204599155646
0.1743058015063198,-0.967590432737542,0.1827190248332551
0.4729736369493417,0.08445172693799628,0.8770198655492943
0.245027487127358,0.953855879833391,0.1735525599330643
0.1919198164454617,0.9551844725585827,0.2253650537206739
0.36422842791427,-0.9151007731377844,0.1729977667535878
0.7365175191663696,0.66530401893483,0.1221167734186411
0.7355089191139372,-0.02249753083975069,0.6771414113831485
0.1754783553423876,0.9712886850055004,0.1606413308791258
0.9074642929724112,-0.1795374019869762,0.3798353304628848
0.8099937227173174,-0.2109820392414385,0.5471715894269964
0.430993774063648,-0.4530639594889287,0.7803700502521783
0.2460833113192741,0.1127316132423575,0.9626705497032287
0.177161592333516,0.1166954453272354,0.9772389386643019
0.2103826372011224,0.1784256155781878,0.9611989625825893
0.9842880136616103,-0.07855819157009511,0.1581319597656263
0.4097838014685344,0.07047194686304362,0.9094563984927091
0.5260853618716663,0.09792551923694907,0.8447749905782793
0.7660857405873113,-0.1491098257864518,0.6252030853432545
0.7172446766024546,-0.1451990479188333,0.6815257224558035
0.8189926234546233,-0.4202599088707777,0.3906823411965776
0.1526992675646469,0.9262136378614213,0.3446900502258983
0.13993734015691,0.6263488864310401,0.7668797906428396
0.681261939672716,-0.2913009000935225,0.6715846597102054
0.816231182330151,0.5283558697437144,0.2336808334016443
0.6850467534976039,-0.2157933233802924,0.6958047047174096
0.6280097216548789,-0.1980906234638216,0.7525715211211994
0.1550102615099978,0.3409796200630466,0.9272026302423124
0.1379582394087584,0.2751982948577772,0.9514375558525151
0.1144359605821461,0.3855971920540912,0.9155431264586295
0.1322802103393118,0.8110530127335627,0.5698201088838467
0.1311915965790902,0.7724610569452498,0.6213635654671561
0.2681484857746028,-0.4075728160775365,0.8729151099456431
0.1947648496836942,-0.3884597271289056,0.9006473747958321
0.8505233622348711,0.4967578987547889,0.1727472150786146
0.1473704346005149,0.6849216189067758,0.7135575176254376
0.2609610221899557,0.2279845849672181,0.9380417762098332
0.5953546596039346,0.7962191479341362,0.1076470982001895
0.5412260013531419,0.8350495972792426,0.09882603676695494
0.1293723222958405,0.5030665736716624,0.8545096984107524
0.4551959453059948,0.01273440471854728,0.8903002225729509
0.4448616191694766,-0.06337271477583263,0.8933543747090806
0.1007274894408933,0.9097631751580337,0.4027219114939086
0.1156590761659334,0.8798747831116612,0.4609157668648904
0.12620855370766,0.952700130612624,0.2764667468280946
0.7070165325159329,0.7042389669324676,0.06461501530633315
0.6773159253463608,0.7246318505065631,0.1270898048768552
0.9016368669138244,-0.3524459826800136,0.2506646953891631
0.8823664849034425,-0.4661742100624642,0.06411701951729058
0.7562813615194293,-0.650993285269274,0.06516321625454145
0.06456993739400384,-0.7056288329595592,0.7056335261883926
0.1410206253735269,-0.6737343901813713,0.7253931035695027
0.1361583205730638,-0.6167974384462734,0.7752559781548531
0.06703838833959813,-0.5920715951648376,0.8030921993692841
0.1361663483647336,-0.5563566297529301,0.8197109405778203
0.1281199925260625,-0.4947104618051866,0.8595619968888926
0.2000808942871584,-0.5179208394413491,0.8317004507715618
0.06519693140356372,-0.4655276615636335,0.8826286628331612
0.1263568205182447,-0.4286800264758185,0.8945766534004851
0.1273351293941938,-0.3608366330266209,0.9238953886064025
0.06202735567849011,-0.329752255340354,0.9420276308290984
0.0663253553554008,-0.2606074942770713,0.9631638911232118
0.6510030870258358,-0.7561950049352695,0.06606129875940918
0.6743857581875214,-0.7270991587555272,0.1285716239721907
0.05691793248119607,-0.03733057781369099,0.9976806988822435
0.1699443610129555,-0.01253574505743016,0.9853739235720383
0.128101711979722,-0.07540808809282047,0.9888900705528647
0.06580298339424707,-0.1099200172246265,0.9917598283807196
0.1220613442385815,-0.1492015992664674,0.981244062921656
0.7619406744773337,0.644164228454974,0.06707350710998854
0.9973828666645844,-0.03501983595786651,0.06325368268662408
0.9799649499246706,-0.01510730586272646,0.1985962392108865
0.9878225373114687,0.04878651023084444,0.1477379815721996
0.9785078130042533,0.1162818759445395,0.170296756329802
0.9884445847473345,0.1149825656560696,0.09877404759762033
0.06211816504691334,0.1074914883194882,0.9922635302731154
0.06315366465557422,0.6491089956183183,0.7580693414509977
0.5321820871213907,-0.8442112547160789,0.06394985189837589
0.5620399092486729,-0.8174037011832118,0.1263421137377804
0.4932958233697348,-0.8589236303905615,0.1375115551605522
0.8449175741268636,0.53099070066686,0.06452262190032995
0.8811015523482872,0.4686954052669208,0.06312425469750421
0.8927051599311152,0.4320024331698506,0.128262992198415
0.9216007083942233,0.3657726477851791,0.1298557061491144
0.941630903893696,0.3297362544127934,0.06786194337154403
0.9459672143134986,0.2952802447928058,0.1339985316302386
0.963420000245955,0.2583080140542552,0.07140639328120928
0.9661831469902921,0.2205797380532714,0.1335466421602797
0.9479234557686009,0.251459020398872,0.1954724611390386
0.06670425266967223,-0.8032538794672545,0.5918899794696528
0.1287202483523675,-0.8192644194931591,0.5587816287393869
0.1289978147136921,-0.8589583558081305,0.4955301270220458
0.1928856364733169,-0.8307360131709735,0.5221808189344757
0.192678889831821,-0.8681236725296776,0.4574233647363918
0.1283151534357236,-0.8939347547599751,0.4294366957200908
0.1968855553901058,-0.7893342437202421,0.5815389322902837
0.2637398303939051,-0.8322246607050031,0.4876919273252704
0.1915532520029263,-0.9006329446445693,0.390086721983658
0.06434072565302905,-0.8823434002076598,0.4661870816876278
0.06267517160598303,0.2615052169537657,0.9631650140916272
0.06446201570696276,0.7560329045199042,0.6513515915495967
0.3290908833765256,-0.9422231686106454,0.06256749165319997
0.2974796595971392,-0.9449340534609783,0.1364019308359503
0.3298225027341989,0.9419500306512749,0.0628271951165399
0.1865395599373657,-0.9803618990866756,0.06398077365537982
0.06873998332116964,0.5348421354889833,0.8421512362982017
0.134773394731088,0.5656094990360238,0.8135859061419861
0.185833083014776,0.98076273367867,0.05975387422055472
0.4003097197642301,0.9140065290453464,0.06591049328264649
0.4279782462507726,0.8943351668947422,0.1303810952226838
0.06269970242066371,-0.9640253071651835,0.2583098032623494
0.9428133337000429,-0.3272838215727936,0.06315313083386376
0.9264231299927381,-0.323013508293537,0.1933971501195382
0.980650289305617,-0.1855490449871713,0.06242244779851301
0.9629392304444536,-0.2080835702975753,0.1716078851430128
0.8944605302855126,-0.4282741995622389,0.1285362585058515
0.7893587332163823,-0.582704743451075,0.1933079725584155
0.7432353956210261,-0.640910580214553,0.1919238777877878
0.2534162525559732,-0.8727973021132541,0.4171391522793229
0.3211549800461596,-0.8658588574260551,0.3835986415622417
0.3930981210592827,-0.8354476927749171,0.3840586151315045
0.8408632805694051,-0.4394774225298679,0.3159248937272305
0.6713399992960757,-0.6399093645776933,0.3739232681592816
0.664853935745144,-0.6795137616529524,0.3102100769614788
0.6193821367314517,-0.693570803955806,0.367865883982299
0.7163051538637,-0.493477113121383,0.4933429490462867
0.6677814234894525,-0.502548319852306,0.5491021368161162
0.659007862294033,-0.4513525446857373,0.601655647227181
0.6962691687241009,-0.3880359323251992,0.6038521010220654
0.4022010391759209,-0.6687769031363561,0.6252773607905169
0.4579824580520669,-0.6211743584625739,0.6359201872131413
0.4615546764176027,-0.6707349893621528,0.5805875082383315
0.2080961171383002,0.9328621475367225,0.2940479888132837
0.3596791138559527,-0.2774517827087412,0.8908711710048418
0.4283668672439552,-0.278984133021846,0.8594589464131771
0.6338276604056857,0.2938528031964989,0.715480975958281
0.5776163045421806,0.2919374554385054,0.7623200947365387
0.4923624923336222,0.8566226097960009,0.1541975373646163
0.3834028902483719,0.9034935473659108,0.1915767042658313
0.4098591287172226,0.3325492955443569,0.8493682715054237
0.4214065975727933,0.3969967851673742,0.8153588363959097
0.5460284648704471,0.726642691695422,0.416945217213071
0.5933350190323771,0.7201491630723541,0.3596369532125927
0.3987105852185047,0.8769238963328164,0.2683921557631467
0.9022017723663727,0.08558184618936551,0.4227383464293199
0.8858380991291963,0.02687175082369859,0.4632156853333456
0.9275387304587513,-0.05028506387316624,0.3703286592342528
0.9322724536215841,-0.1196520149314913,0.3413963496307858
0.9813589356183542,-0.1459986252252978,0.1249761613842177
0.7048280182172495,0.4144609968448648,0.5757078658749641
0.3923867629654975,-0.5620436844089387,0.7281068088306027
0.3715273744292442,0.8104436606180678,0.4529331992840649
0.8160200020692038,0.2261074063601723,0.5319650336366599
0.7723621047473159,0.2301710067991564,0.5920118974981492
0.5044241060791225,0.5813503262606019,0.6384262834211715
0.7911508475172914,-0.4062414352836353,0.4572179269575544
0.8416555360438389,-0.1004778404473123,0.5305847361409888
0.2368261931400159,-0.1419660001852835,0.9611238260672763
0.5072867733496021,0.2219950928050406,0.832693405975471
0.6596077400564568,0.4734802146667195,0.5837243489668483
0.3669340161600806,0.1205032566087338,0.9224090160722213
0.3061350225599591,0.8440712241241091,0.4402557399601298
0.3225451012461243,0.557926720040989,0.764645298636192
0.2114766250359593,-0.6379208338039088,0.7404962166428172
0.1459455375835002,-0.7286417447828752,0.6691644848759014
0.2105555278547108,-0.7430172121961264,0.6352887470041639
0.5050961418027755,0.6342680855851288,0.5853049488464334
0.6608017252387758,0.5780197592778963,0.4787841244295598
0.7086668916006261,0.5215534630204252,0.4751559975003035
0.6763885108064295,0.6959519639574122,0.2411419629862902
0.5669581098722143,-0.7425338572771482,0.3566538552255478
0.7920789254109665,0.4058608282395897,0.4559473259275493
0.7889947694156054,0.4615001210471635,0.4055920266823167
0.823835679268645,0.4529419536486353,0.3407907865376174
0.962042695520685,0.1267635751170909,0.2416709498860548
0.8945132722128192,0.2706300496017243,0.3558165005837746
0.4466997261198176,0.6810260679431347,0.5802265501219267
0.6338373996486466,-0.3436583874723972,0.6929278920107875
0.8775899623642626,-0.2359546904672381,0.4173263015962477
0.8481739553713841,-0.2144726282158581,0.4843577532938269
0.5443104249014248,0.4113346570388277,0.7311155594448667
0.53303138626479,0.3495199950704665,0.7705279451795225
0.2377822949758855,0.4210443884675801,0.8753177726608563
0.551022322136645,-0.8037865468109648,0.2242801544337885
0.6054453468604823,-0.7592572581374895,0.2386720510041589
0.1954932677837382,0.7320933901499577,0.6525501132863111
0.4325867371257951,-0.8808201663844896,0.1924176430404924
0.3319156479718392,0.6629241627925583,0.6710913179420664
0.7057163613697659,0.5706351690893618,0.4199284714012297
0.7818346601598495,0.5473509934843988,0.2985656612947551
0.623979465384266,-0.6529263118240084,0.4293446844979723
0.4464822337754092,0.5762349144768357,0.68454871138641
0.7145050093592994,-0.4344779015477019,0.5483717212504424
0.618173421288012,-0.7755638942202455,0.1279150780596317
0.13311175936266,0.06223652478858512,0.9891450219768672
0.06425782820689697,-0.9149610152527204,0.3983933635012563
0.130180243820087,-0.9235090004273753,0.3608105184838336
0.3159318202022035,0.8052643629703657,0.501733386086329
0.4009247534624567,-0.800856872755956,0.4448456040252832
0.7263384847001565,-0.6753190152394234,0.1279712205909443
0.3854796461994339,-0.336233042295524,0.8592745682461779
0.7541695011528747,-0.605277601247017,0.2546907712491389
0.1353368523331977,-0.7755130144148122,0.61665509068992
0.7065163613903455,-0.6615136758575262,0.251464287208364
0.6189475447737379,0.2315021580753279,0.7505402638266834
0.5355723561739704,0.7663413029982094,0.3548003080907181
0.9214046816159623,0.2617179462756061,0.2872579490518342
0.1436005838251513,0.1759849239336863,0.9738625051171907
0.5096988260329617,-0.5698021798380798,0.6446181680595059
0.5713820866061522,-0.7043252609145763,0.4212462913109309
0.4728825262977766,0.3422192419800585,0.811953266352705
0.7070664100616821,0.4708223620724571,0.5276205029516926
0.1991587442416367,-0.4510129724424865,0.8700132718991632
0.4495359208897408,0.6301872412979509,0.6330730579760057
0.9517544364936119,-0.2744909632197345,0.1371794581029888
0.7572142608516235,0.1685118873042957,0.6310549159939045
0.5161150060632378,-0.6207426204063607,0.5901727710826624
0.9250545776854,-0.3562713003539956,0.1316996159727093
0.4655987778189052,-0.8825234386335961,0.06610717325582045
0.2504443226216032,-0.8011703200042867,0.5435105883152925
0.1949273234902485,-0.9267192045219507,0.321239559405642
0.1717772597855779,0.4039155670705288,0.8985236711955068
0.2185694397587007,-0.9672366889273304,0.1291533491492283
0.9016727687729452,-0.1163452788331163,0.4164732814318049
0.06545661728391913,0.8016571602977444,0.5941895561158097
0.7517965501710101,0.4647882093714884,0.467732688167305
0.2511293559260866,0.8364977358576471,0.4870375596370153
0.9644996746124165,0.1805943558354253,0.1926812297888159
0.694519334669344,-0.6946621883004799,0.1873161443016594
0.6556743941697284,-0.71349472723361,0.2470149044895792
0.6130179792094904,-0.7292301519192698,0.3040268782488015
0.8989800636180205,-0.04118330179490218,0.4360490578714849
0.5805791303778208,0.7580309434753094,0.2971816988033844
0.5199446185124167,0.2864017847895861,0.804755622129673
0.3470375956243075,0.04054806866438827,0.9369742586383512
0.1269772127644963,-0.9480419292031154,0.2917075383177389
0.7843753372341267,0.102587222107443,0.6117443846894944
0.4518875610230793,-0.567751376915439,0.6880813950422116
0.3907168313195953,0.6230211610665374,0.6776318990328587
0.05705323795709662,0.9919868733339797,0.1127252020254819
0.071377808188023,-0.9905085638775731,0.117464860207048
0.6235378113776068,0.7442209272416168,0.2394489700083349
0.1851691505541637,0.8613838047125941,0.473001402388941
0.339443142953719,-0.3952369623414393,0.8535608333919807
0.7618709057184427,0.04086964418555818,0.6464382377334325
0.3604122311389999,0.9241788043405249,0.1264775128357829
0.3304261114151634,0.612225962546922,0.7183299768759123
0.4232276971265844,-0.897498136409989,0.1239976270963474
0.7488731891831407,0.5151312200362418,0.4169277787179034
0.4405915738771985,-0.5149845777616117,0.7353026245676726
0.2892070557082622,0.9494552271497563,0.1220411838952842
0.1400173496133585,0.8464047907481929,0.513803534442649
0.05929613495871554,0.9646756658930895,0.2566804005230673
0.1256556406361116,0.969763166564804,0.209212955503555
0.1490299899412938,-0.9814904936287873,0.120276651992053
0.5633926280393093,0.2289767470094972,0.7938251671494858
0.7140555166897483,0.03942905418668435,0.6989778743071057
0.1218529452412212,-0.9665324474673429,0.225758472108641
0.5524289580205965,0.04008287762050339,0.8325957057671735
0.6876021498460866,-0.02272849581346531,0.7257318368413344
0.4721843189803921,-0.3973943715132863,0.786841586597063
0.4897732716419929,-0.4575945693345652,0.7421114151531509
0.9071794052713621,0.3741479010795897,0.1924548642389561
0.1803221419224158,-0.3258785665603471,0.9280555398191886
0.2732920760149577,0.6527416445662946,0.706569024679347
0.64156935526229,-0.7440272097487278,0.1865804747068998
0.7859851867628133,0.5062475398630902,0.3548812682743266
0.350202774392585,-0.832185541947486,0.4299130616546854
0.672233278615238,-0.1526756357543276,0.7244256824334845
0.8759705962942559,-0.08783231135402314,0.4743005371176546
0.3057834983205205,0.1071986207235742,0.9460469903074727
0.1225778484942465,0.4437573147781818,0.8877241219204192
0.5461883535926926,0.1659026486470198,0.8210691770926535
0.9928128166671656,-0.01476380007821332,0.1187633835349079
0.4935817107116854,-0.09576483557896487,0.8644108925259213
0.6576549677587467,0.7305994613122319,0.1836147339200171
0.05129415134891669,0.8851607491272316,0.4624493034289406
0.7056843550967286,-0.08684890281223233,0.7031833751248856
0.8106050893791588,-0.1470052322946135,0.5668411159669109
0.1235290984356209,0.7317691519496947,0.6702644777209271
0.1199791501993817,-0.2090849622609656,0.9705093930888896
0.4084879593620877,-0.3925911079468624,0.8240205149249941
0.2184009766258739,0.6859279310855867,0.6941209453441892
0.6817850474348122,-0.3471956296987365,0.6439133045778823
0.1136133504277067,0.9823951655940127,0.1482961402805326
0.2177722558744189,0.9692510619711853,0.1145758414287073
0.6298424114911473,-0.1386865830446361,0.7642411716012293
0.7859726140116708,0.6060067718100706,0.1224860912267097
0.8191521574342433,0.4945908447668094,0.2904645232101133
0.3625635560682319,-0.9252465629386321,0.111653327677262
0.1085904267075475,-0.005306277882020163,0.9940724131784925
0.5883026257212732,-0.7880018090734887,0.1815300786821965
0.7983534562123763,-0.4747915257155413,0.3704116170727663
0.8300311256986954,0.5448304505856663,0.119197778863435
0.8639100721643144,0.4913803878927669,0.1104748912984447
0.7510475562003542,-0.4415230397225252,0.4909022038244044
0.1868801295291244,0.232831553462389,0.9543926261761815
0.5812976946743338,-0.2268467331791168,0.7814304510398014
0.5816186283487437,0.1054717675927969,0.8065949896934501
0.8773899638033725,-0.3763165120404986,0.297611717146335
0.9710328039403867,-0.2108551492079985,0.1124072939098848
0.3979728316485893,-0.09600652320969404,0.9123597825259453
0.5902845142870642,0.8058462735873165,0.04664735296156183
0.3080129856813297,-0.444898309681476,0.8409479738332439
0.9778532131923919,0.1640830730280059,0.1299224329936918
0.1791911382909087,-0.1327688899791761,0.9748143196587264
0.7756299212214868,-0.2015665891015323,0.598138057194093
0.1188090862766275,0.125087240885649,0.9850063873832131
0.05470858502674281,0.9970024781557686,0.0547085850267388
0.05451858248061693,-0.9970123267507003,0.05471877622406323
0.6364832452880124,0.7619780002908526,0.1194931192177746
0.05440856937975799,0.4001331144227028,0.914840531634031
0.116203123845747,-0.9789579374771684,0.1677444206492083
0.04188429279553526,0.9157579436430014,0.3995411051090479
0.8480391688899552,0.4785122681392872,0.2277181970520337
0.8834043407168666,-0.1793521871571534,0.4329313614934169
0.2647475740638442,0.1643512386701768,0.9502091308627212
0.1612210777768992,0.980775056650084,0.1099456790123173
0.1132884328949703,-0.3100684853456875,0.9439402869713914
0.5329712585810011,0.8451475110898896,0.04083285472690406
0.1112187107681716,0.2258541448101778,0.9677914566925712
0.9308602394306976,0.31722762887203,0.1812893988275487
0.499820165594313,0.03690895729389043,0.8653424356500445
0.5328704186814411,-0.8275823046174385,0.1765124527571772
0.9222158036256835,-0.2985233485273672,0.2457678211789395
0.3029140746772757,-0.7912625838649263,0.5311747233611651
0.9915685865744743,-0.07622293134021407,0.1047940974320796
0.7351818853810379,-0.1905804580712356,0.6505280043233653
0.2996746257226842,-0.844861055815666,0.4431759414318507
0.836527934820148,-0.1626309810722882,0.52323243234819
0.7358424171428707,-0.3719015498651616,0.5658844178286129
-0.914638965070421,0.399052899750196,-0.06474833415516779
-0.8549464573782931,0.1557217553975408,-0.4947901473475546
-0.0647483341784153,0.2582759448985311,-0.9638989519176226
-0.06752254463723646,-0.3403043082712679,-0.9378878844178158
-0.06474833416090861,0.5925741266748077,-0.8029094330115798
-0.064748334527583,-0.111729532910266,-0.9916270290041301
-0.9916270290041742,-0.1117295329100325,-0.06474833452730981
-0.8822601872231821,-0.4662881246786998,-0.06474833453099145
-0.0662335206666776,-0.5914410695760409,-0.8036234080456128
-0.8029094330115473,0.5925741266748658,-0.06474833416077978
-0.8071437443135097,-0.5867617487612512,-0.06503557646554832
-0.7066959599463356,0.7032273804774694,-0.07779506116922702
-0.9788100222427358,0.1893437830581023,-0.07797353508993515
-0.07257484550515836,0.7643878256628428,-0.6406591478924919
-0.5867690796015811,-0.8072800846656183,-0.06325276377981959
-0.06971125048875745,-0.8048379361862043,-0.5893863232471765
-0.06474833453107999,0.8822601872231771,-0.4662881246786967
-0.5300517369319805,0.8456543959848587,-0.06256036066771356
-0.3990528997501791,-0.9146389650703941,-0.06474833415565155
-0.0670494418416385,-0.9127764303855619,-0.4029188013499943
-0.3260829366330312,0.9425206740366815,-0.07297052453023818
-0.0651679792779534,-0.9644730459622369,-0.2560173394306586
-0.06800064762414394,0.9642531213523489,-0.2561090195306472
-0.06474833416223809,0.03731273341176094,-0.9972037971992275
-0.7074554081125652,-0.703990249326285,-0.06248659364854961
-0.06993528739068723,-0.7030760257417645,-0.7076674060635741
-0.9972037971992279,0.03731273341176257,-0.06474833416223118
-0.05898482376397997,0.4690675209361116,-0.8811903604604301
-0.2580984670117121,-0.9641101131436909,-0.06226452489390596
-0.844947455231778,0.53091567232224,-0.06474833418680534
-0.8193061946939629,0.5585935032380966,-0.1292697082703002
-0.9638989514993954,-0.2582759463636344,-0.06474833456031998
-0.1902779694227561,0.9797564725330217,-0.0622217717684338
-0.06290077597038016,-0.4690657466114941,-0.8809204378024871
-0.08306660695424199,-0.9930759676974492,-0.08306660695420395
-0.8591030774763454,0.4952922822622873,-0.1289474986267171
-0.831094653670865,0.5215183330037837,-0.193132868721664
-0.8685306005737944,0.4567861055952892,-0.1923565689078832
-0.8381414928216556,0.481643934544729,-0.2560038248287693
-0.7983682753541517,0.5449722012550708,-0.2561511209564386
-0.8031239482728069,0.5036603714620262,-0.3183051270863094
-0.761108531871732,0.565520523504162,-0.3176481389960206
-0.7636741899149899,0.5227117707084052,-0.378911779205355
-0.7216146693382529,0.578206268842475,-0.3807227070547636
-0.7201670302897843,0.537172600267327,-0.4390957139458676
-0.676640003081142,0.5906755408249766,-0.4396142760437537
-0.6728428370445835,0.5494622617508153,-0.4953521369182481
-0.6257523555263387,0.6051410580938412,-0.4921770914643478
-0.6216064532362399,0.5594372365880678,-0.5483022848883351
-0.5716160971094264,0.6157935125012104,-0.5422668969122203
-0.5668182070263774,0.5662529553570576,-0.5983934414186046
-0.6144471411858495,0.5102948342035949,-0.6017091430863106
-0.5590579911575335,0.5144779919857956,-0.6502050125038772
-0.6048085901860888,0.4562218788625855,-0.6527389727021115
-0.5465207510091573,0.4599795139189916,-0.699809913827487
-0.5913992998934112,0.4001610702979154,-0.7000842705729146
-0.53273425609194,0.4008562093272955,-0.7453244339412995
-0.5755486466975237,0.3408788134904747,-0.7433339692210866
-0.5139251290539123,0.3426286932151165,-0.7864391523268797
-0.555706469837553,0.2807288928197151,-0.7825481506699137
-0.4932402685679675,0.2809122007420333,-0.8232875396465482
-0.5333570082027123,0.218353981771214,-0.8172220264075782
-0.5728666315475482,0.6624716363191595,-0.4826542795127592
-0.5083468883020646,0.5706690930976352,-0.6449187757669415
-0.469257496327137,0.2179661996732179,-0.8557383583437183
-0.5081668055064058,0.1546690154270241,-0.84725674588536
-0.5708081227834616,0.1545345433802152,-0.8064100457377059
-0.5441072917027934,0.09041667384589425,-0.8341295344288538
-0.6051876618251588,0.0899392556829544,-0.7909859823421609
-0.5768777501861111,0.02556887721487509,-0.8164302137097703
-0.6363031592078752,0.0249297408712544,-0.7710361843663173
-0.6062947229123632,-0.03951133865109549,-0.7942578693891671
-0.6640629426024071,-0.04008247649468728,-0.7466015023694266
-0.6321935255686868,-0.1044596367900873,-0.76773662835032
-0.6881773127886356,-0.1047135045856593,-0.7179464242688319
-0.6544291695274279,-0.1689124187543649,-0.7370149637980161
-0.7084426791196089,-0.1687543017572891,-0.6852962542143659
-0.672877173532025,-0.2325088601353299,-0.7022648640634975
-0.7249346844163397,-0.2319797679452957,-0.6485792862821235
-0.6874521242453038,-0.2947697220012316,-0.6637170992689099
-0.6334722336624093,-0.2946836291925114,-0.7154540431534987
-0.6461799738979325,-0.3562422577256851,-0.6749391788478233
-0.6982748624185751,-0.3555399314994804,-0.6212918586491093
-0.6551382598767297,-0.4158927217334104,-0.6307353680069531
-0.5904263586082524,-0.3551216218322705,-0.7247657199176968
-0.5450484623473884,-0.031536040879384,-0.8378112268395558
-0.7053358133321207,-0.41388079707695,-0.5755033242667363
-0.6602969406503024,-0.473301081508936,-0.5830900757261459
-0.7081754605695613,-0.4691297287599273,-0.5276408007733355
-0.7507008792021486,-0.4084902734534317,-0.5192146824378733
-0.6616742086068744,-0.5276579668698416,-0.5326953272399257
-0.6114883041989667,-0.5297686700210853,-0.5877305590931633
-0.611036063526569,-0.5831323950433759,-0.5353424501390965
-0.5591856251859666,-0.5831969888463634,-0.5892306074754724
-0.5570950053034224,-0.6349277841133192,-0.5352680300811269
-0.5038338272606367,-0.6330941245314443,-0.5876591733238433
-0.500105938727698,-0.683242151611038,-0.5320471899288703
-0.7070215075703521,-0.5213458605852751,-0.4778274599513359
-0.5520390920857515,-0.683037488696826,-0.4782390927599626
-0.4935769605849636,-0.7294389843062193,-0.4736037923771518
-0.4696503077536698,0.4016257868091964,-0.7862094605108598
-0.4426988420934962,0.1537595221032,-0.8833887844950676
-0.4452872800907743,-0.6797580808980946,-0.5827934365134012
-0.4475344373603174,-0.6279645205986238,-0.6366894755262762
-0.7584713077177321,-0.1678549751326625,-0.6297189712023664
-0.7123484257558805,0.6263901034186338,-0.3165361885508705
-0.6497972807280343,0.3940596683176376,-0.6499849781062987
-0.5440461899422255,-0.7272567712345156,-0.4184630591855095
-0.484131325002069,-0.7716188070778801,-0.4125788127321255
-0.4031093831074988,0.2163507429767799,-0.8892104257508946
-0.8731883312956921,0.4155973816831403,-0.2545995962824038
-0.7617128421359288,0.4761480482847272,-0.4394048045252246
-0.6628749106610572,0.08913929600190974,-0.7434050300639479
-0.3747707402182953,0.1518111550216434,-0.9146038844697881
-0.3878900061012364,-0.6726047813527384,-0.6301937410576351
-0.3889675199980344,-0.6189903475022838,-0.6823160690512722
-0.4322932465369795,-0.771699450936115,-0.4664788381303238
-0.4215645626439711,-0.8117185373464587,-0.4042231260713854
-0.3685310330262737,-0.8095823028703871,-0.4569041174860088
-0.3566961688223956,-0.8473314727162103,-0.3934427766423007
-0.7154310373949155,-0.04196377418579601,-0.6974220188581075
-0.5967568429321554,-0.1681133946265814,-0.7846140178207206
-0.5183011189780063,0.6684055293372823,-0.5334772707599583
-0.5166147705145879,0.7128441878454129,-0.4743019531281453
-0.4622518457301347,0.7165708495600234,-0.5223499293384752
-0.4608481515207468,0.7588361101770534,-0.4602029325539655
-0.4034310090124336,0.7609932718995025,-0.508067575319366
-0.401325257160889,0.8004563639001633,-0.4452051745616574
-0.5156022282184154,0.7525527814052234,-0.4096567507749226
-0.403515366269285,0.7169327605638836,-0.5684916587029347
-0.4721346135742729,-0.8094211280599215,-0.3491795299201775
-0.3436722376582264,0.7590121901734171,-0.552982719649665
-0.3427104883154858,0.7128852690722974,-0.6118366729269172
-0.3334963959155282,0.2140721933299641,-0.9181248553188459
-0.3047627800926695,0.1488348216647839,-0.9407272950915154
-0.3450857374848684,0.08615286129506791,-0.9346087514437242
-0.3026472784682844,-0.8428754614827106,-0.4449332323686874
-0.2901196708304761,-0.8781292653969143,-0.3804202542592757
-0.3430329273115971,-0.8802983263027037,-0.3277243773183419
-0.3282354424736015,-0.6618222991061461,-0.673982743629252
-0.3283088300281518,-0.6064146521730995,-0.724206173513679
-0.3880366784930597,-0.5618670614505459,-0.7305702850520285
-0.3263750626313332,-0.5476557029822315,-0.7704236169039933
-0.3851026926540343,-0.5015547150928693,-0.7746862486702106
-0.3225857081906874,-0.4859190268814415,-0.8122937647093603
-0.3801819877402936,-0.4383909535494383,-0.8144169865884757
-0.3166431719588243,-0.4212004337117353,-0.8498984035123849
-0.3738370808106444,-0.3725652971168484,-0.8493767929459871
-0.3086948452211993,-0.3546431931584303,-0.8825733386411873
-0.3645015785197373,-0.3049376008095505,-0.8798588857704029
-0.2989517979232088,-0.285927957105359,-0.9104246404090988
-0.3538296574577433,-0.2353951182183632,-0.9052036852677408
-0.287365944429154,-0.215655591540459,-0.9332274534215521
-0.3413460923849843,-0.16449125513345,-0.9254325865227158
-0.2743384221566533,-0.1466014030899415,-0.9503927918185503
-0.274167951186032,0.08284753135603151,-0.9581065812792775
-0.2753399248093471,-0.9087630131155082,-0.3135884433444667
-0.3605450157760242,0.2780546113039743,-0.8903330414691247
-0.2902203686649973,0.2750411522113563,-0.9165830579943112
-0.316021274838035,0.3383888260942793,-0.8863540806157992
-0.6009737375558707,-0.6788807807031422,-0.421842923799866
-0.5913777401566961,-0.7211313879427039,-0.3608904124121182
-0.6466359255623304,-0.6707952980066135,-0.363174404307857
-0.6353328656434183,-0.7109161809022524,-0.3015797300295198
-0.6887700266214928,-0.658826305359094,-0.302561976782797
-0.7729085579409529,-0.2303295647888644,-0.5912365454247639
-0.8043011593305549,-0.1656472901965702,-0.5706668207895553
-0.8165302231547104,-0.2275674889539278,-0.5305576619427174
-0.8456535652474954,-0.1623346905403054,-0.508446158242329
-0.8555554739747985,-0.2237090033054986,-0.4668823329189256
-0.88204208510518,-0.1579935122340507,-0.4438916649310451
-0.8897658363128165,-0.2187757087105182,-0.4005670303566741
-0.9140263934059008,-0.1524750082343577,-0.3759083984447993
-0.918969791147542,-0.2127952231042604,-0.3319830055624102
-0.892176897753057,-0.2784916988996192,-0.3556160243292411
-0.9188451406701085,-0.271823382695301,-0.286069320422538
-0.8893791840452417,-0.3366758104760338,-0.3092799146846197
-0.8319577362672389,-0.1012425699959832,-0.5455238464867506
-0.9406640457426811,-0.1459831227990787,-0.3063332840303846
-0.9331239722629093,-0.08524504897969529,-0.3493034984261376
-0.9571382111310635,-0.07842943049945136,-0.2788104539366478
-0.9469516593797539,-0.01746220279174502,-0.3209012718447692
-0.9203052040220241,-0.02413402507395373,-0.3904559902008296
-0.6130784217539713,0.2789514660138006,-0.7391352571677332
-0.557998853481436,-0.5282750464216378,-0.6399709015585157
-0.313786561848176,-0.8027721577352857,-0.5070452212264055
-0.913653139797503,-0.3292290311240313,-0.2384243804716628
-0.8816989174083032,-0.3930479670024046,-0.2609986871160521
-0.2451849295634904,0.3343767106571374,-0.9099871239116843
-0.2706297217576546,0.3957579220963665,-0.8775734845580402
-0.85518378732385,-0.3997209746113843,-0.3299755026576384
-0.8450353628318799,-0.4550840463990778,-0.2807378604261193
-0.2816418749891618,0.7513321654434222,-0.5968063600722495
-0.2819922859780289,0.7969141051921454,-0.5342361459080506
-0.2778072750560784,0.7022507474216697,-0.6554898974596195
-0.3400023090789648,0.6627214192929627,-0.6672321561730168
-0.2752615452855645,0.6512290064042116,-0.7072000161939949
-0.3355628611084215,0.608801471858933,-0.7188590502366418
-0.2720130729513774,0.5965347495967392,-0.75508620744065
-0.219236049228672,-0.1948799906032118,-0.9560111631048538
-0.4068365184439748,-0.1836709173605992,-0.8948458198909471
-0.3933054537056211,-0.1122796067659508,-0.9125262242751706
-0.4268666951052917,-0.3205633006643017,-0.8455909146136176
-0.2467959971159682,-0.8338018518581077,-0.4938281154870844
-0.2582205285126909,-0.7922174235435093,-0.5529138382141565
-0.3298444885631978,0.551292618699791,-0.7663413481808283
-0.2666575518670142,-0.6474709974501704,-0.7139153013440543
-0.2617876003588774,-0.5301106342065304,-0.8065047847344061
-0.3276177990846158,-0.908298306115988,-0.2601168291936898
-0.2590806203142086,-0.9342190001836038,-0.2451776740927937
-0.23303445671293,0.1452051228118612,-0.9615666457888926
-0.9315186216674602,0.04370705825466663,-0.3610578216096119
-0.9555351081057437,0.05034213619702955,-0.2905483204227215
-0.9374600841545897,0.1113797228162831,-0.3297925832432221
-0.9588262659446853,0.1177883806409506,-0.2584145683210488
-0.9380963295481374,0.178505118405398,-0.2968353065108449
-0.2502340745815985,-0.4036494568424151,-0.8800284222166431
-0.9620571562520333,-0.1378592804497717,-0.235458800850854
-0.4407862937673803,-0.4538013343788296,-0.7744493476934501
-0.2188749251661042,0.7868567677177359,-0.5770183655918839
-0.2238876018906081,0.8292923775161227,-0.5120043889590491
-0.2724622163857731,0.5476783977455838,-0.7910832530682105
-0.6753444880585713,-0.696393557287053,-0.2427876352246762
-0.7266334223415667,-0.6422158174376575,-0.2440547343713365
-0.620339597911481,-0.7470812520606303,-0.2388480397293291
-0.736901737209127,-0.6048368363695017,-0.3019076532132021
-0.7746592556394373,-0.5853044679763644,-0.2394195426840881
-0.2113616089793376,0.6390559329578537,-0.7395497175991839
-0.8169412305451362,-0.4572066800416336,-0.3515239359712306
-0.9758084790224207,-0.07099541261536411,-0.206778779509707
-0.9568067080961352,0.1844989479015825,-0.2246799091272876
-0.9334237959753486,0.2447074585942748,-0.2623704953216009
-0.9118197682633387,0.2380957870391916,-0.3345072591116361
-0.9494877406072887,0.2501003738686576,-0.1895331987468786
-0.3118494324042987,0.02063630232296409,-0.9499074031375648
-0.2418831874805496,0.01647973740255388,-0.9701654198482815
-0.3804521890215032,0.01968447514574139,-0.9245910735600811
-0.1941989337134443,-0.11284993330908,-0.9744494172078392
-0.2265113120244455,-0.9034040959256165,-0.3640792015342043
-0.9748546456235672,0.123358990113235,-0.1855828102610587
-0.154505962857066,0.8249710241681866,-0.5436457640086089
-0.1993446470493937,0.3916700933019251,-0.8982517741177102
-0.7760092480228633,0.6174907030158632,-0.1285102278885424
-0.3934918286930306,-0.8772596183820074,-0.2749177017001078
-0.2186344244766404,0.2701758159327222,-0.9376587955748381
-0.573977085957836,-0.2909878065718539,-0.7654256340245291
-0.9404159652012939,-0.2634615200501693,-0.2149554368872141
-0.2821271459106776,0.8358202183631596,-0.4709658545114024
-0.2168041932620177,0.8676045427331295,-0.447502289617431
-0.2781832482011725,0.8710935466261301,-0.4047346210130224
-0.2133983722576545,0.8999625675878687,-0.3801690566819376
-0.273868116654177,0.9010967655114828,-0.336185772847451
-0.2084432487525676,0.9272508409455953,-0.3110583386041301
-0.2684166455390833,0.925893553647229,-0.2658451273054518
-0.3329031153863305,0.8971131794880293,-0.2904538843860666
-0.1974119503475165,0.9495533990435255,-0.2436736838989321
-0.3266097612218808,0.9193576509373756,-0.2193343874942932
-0.3901728742342468,0.8880341107396919,-0.2432294109982413
-0.8993743118486497,-0.3959271802297079,-0.1853847759178736
-0.3954538794566246,0.8632903280622808,-0.3136017198562934
-0.4516237145914694,0.8517593020640534,-0.2655976501514267
-0.4451641446264842,0.8740672715869865,-0.1945129535004085
-0.5053594292030925,0.8353762041771761,-0.2162370107314137
-0.9028256510321482,0.3842809087396333,-0.1929612059887146
-0.3105370822768745,-0.9311746605668929,-0.1909986179245737
-0.3404912944647593,0.3980974203344089,-0.8518122576699643
-0.8242643618892429,-0.2866878221543512,-0.4882605394128366
-0.3928513944464182,0.5616439291874357,-0.728164733208361
-0.1418419638813511,0.9237556095120705,-0.3557477071988865
-0.8238471930608273,-0.4038183475820584,-0.3977518631532625
-0.2657512791292022,-0.7010455567501983,-0.661748732527685
-0.5104791664562881,0.8107061456925828,-0.2866471104866926
-0.5627926472427495,0.7920184356779374,-0.2365824037323383
-0.5330562823164737,-0.3508143889626271,-0.7699222456714173
-0.5459931831134088,-0.411538260431507,-0.7297449583208483
-0.9022826697146953,0.03572113761487991,-0.4296626400561502
-0.2034279848372438,-0.684806252580609,-0.6997552796596544
-0.2033688093377577,-0.6280275333939292,-0.7511474853100952
-0.2035696316968748,-0.7345077290736843,-0.6473467393768335
-0.4576756339147201,-0.1310449208447533,-0.8794090304525826
-0.4710873107411176,-0.1996889986097579,-0.8591862717088383
-0.1900741764540069,-0.8202355348906937,-0.5395233773877723
-0.1787335502818799,-0.8601998591307095,-0.4776091711380155
-0.5665921851261245,0.7655075485009518,-0.3049122643352781
-0.6186135449958395,0.7416397342614374,-0.2593988945857423
-0.611873199927319,0.7689998144184933,-0.1850688321544874
-0.6658996788714422,0.7163635602214335,-0.2083287480540856
-0.6189119838027207,0.7146734477586723,-0.3258677943186673
-0.3832504335516818,0.5042331639906801,-0.7738656353104174
-0.06275915652793292,0.9916888996162456,-0.1123139112034764
-0.8885143605489468,-0.03085127482149632,-0.457810473820974
-0.8698532459633368,0.02956968699839276,-0.492423561680251
-0.6544851960454174,-0.6266550648354373,-0.4230278452696529
-0.3849635910445164,-0.7220094667777031,-0.5748959588077543
-0.756343756675031,-0.6282298600511017,-0.1824043987377356
-0.8032846849975056,-0.5684795667231285,-0.1776645633398577
-0.904974012474519,0.301518658567811,-0.3001808376316465
-0.8807585075325102,0.296088189423145,-0.3695892794619844
-0.2413763782873337,-0.9539402896746647,-0.178144232969543
-0.1903423156993899,-0.954319857375365,-0.2303115556659213
-0.6577834161206458,-0.7310170243859401,-0.181480267617664
-0.6010387483128623,-0.779131146021925,-0.1780648205712449
-0.5617254923337903,-0.7928198300127489,-0.2364343215375395
-0.541053260619136,-0.8227953537948713,-0.1739803866732511
-0.4995153539180873,-0.8352218548095177,-0.2299757910055681
-0.4791963356691095,-0.8626241538828703,-0.1620198784691562
-0.2224226317733054,0.4521123489709904,-0.8637838831461085
-0.1717123379583272,-0.9712088245157882,-0.1651311362994461
-0.4424790997278001,0.5117243314455858,-0.7364444683142402
-0.4429531455914635,-0.05931294160790243,-0.8945806200496662
-0.1498833680633256,-0.1760492197112372,-0.9729037199112038
-0.1643128141679555,-0.2442870876955833,-0.9556804475793241
-0.1030268883530166,-0.2337093691507907,-0.9668326592784475
-0.783411315908772,-0.4621415299243389,-0.4155621691459386
-0.7817114037684176,-0.508318048174873,-0.3613032564454648
-0.8857465223761789,0.2316116933567516,-0.4022550454611143
-0.8521041355598449,0.287472620218956,-0.4373534437800363
-0.8449317578453392,0.3529298769768829,-0.401908977906027
-0.8149982446769004,0.3389844692809762,-0.4699653080386533
-0.8181225063370764,0.2762768609716897,-0.5043279297405311
-0.7791400541420227,0.326290758255067,-0.535233703263256
-0.7803022924870686,0.2630013380330916,-0.5674139833774179
-0.7384751587256582,0.3167291998923817,-0.5952621723918342
-0.7380562881281985,0.2495610977191667,-0.6268908789092645
-0.7786137249588987,0.1952721776915257,-0.596346748062935
-0.7374966392435542,0.3832406830206063,-0.5560802873527902
-0.7342874185860802,0.1811976477903457,-0.6542089875119697
-0.7741817036884647,0.1280565689704778,-0.6198743459908107
-0.6885753314195219,0.3135533195240159,-0.653871798425323
-0.5175806688447211,-0.2904125783625826,-0.8048420873482252
-0.5251365816914007,-0.8445754468724095,-0.1045173914223882
-0.1157360740015857,-0.8453467427543028,-0.5215304839502578
-0.1522090568717749,0.7757646577037279,-0.612390070840492
-0.9782333770448037,-0.1322139574937962,-0.1599341410685898
-0.522195062776423,-0.1496740717549279,-0.8395891785011455
-0.8153636948652313,0.1428915961554256,-0.5610383559471426
-0.8070178917286271,0.07340744121508709,-0.5859466443321741
-0.762153463961009,0.07470238908208579,-0.643072041405676
-0.7891055294369763,0.01840907432963223,-0.6139817337627524
-0.2806759095880285,-0.04370263101574826,-0.9588071306677033
-0.6581280086362845,0.7409556017980874,-0.1336125758021035
-0.6064451298738547,0.7860450702434182,-0.1198225855100081
-0.7083204036820461,0.6875282226198516,-0.1599598350489617
-0.713559228443683,0.662341204594512,-0.2283360597872068
-0.0971585718810653,0.8055003953736006,-0.5845761926070928
-0.1402737437744085,0.7257518742055592,-0.6735038930062912
-0.1392022653647993,-0.6669614570125836,-0.7319734586560908
-0.9890302546405113,-0.06298461300154809,-0.1336117282680328
-0.9840279967976845,-0.005124087732383893,-0.177940004617419
-0.9754587033264067,-0.1929730607490126,-0.1060269585054813
-0.1521685547498998,0.4466909668232915,-0.8816529425481434
-0.1256863080115286,0.3760608491683855,-0.9180311485462701
-0.1746880976057588,0.5068718155803681,-0.8441356710417716
-0.5008265142610584,0.854801107988514,-0.1359701011058181
-0.4277150628214995,0.8952085849231255,-0.1251455732958064
-0.8223911146240331,-0.5144379896918645,-0.2429535127328545
-0.8470837364695385,-0.5024886020802196,-0.1730732451543921
-0.07153363426781717,0.7040339125947234,-0.7065544487758911
-0.1375870077760793,0.672860258405796,-0.7268623583246765
-0.1129868116958483,-0.8836725711948056,-0.4542650848356807
-0.800317331784881,0.4092072192649087,-0.4382255357075961
-0.8338760230153601,0.4082480185222011,-0.371462425573278
-0.1351483562075898,-0.6099243367378943,-0.78085032193707
-0.2104720530611348,0.7398396428369206,-0.6390139417627511
-0.9620470476887979,-0.1990267225211358,-0.1866918363393605
-0.6288543934921511,-0.7681802110340243,-0.1201720232056554
-0.5700181494687065,-0.0947895738753744,-0.8161459709885214
-0.5415055268541986,-0.2259288306952969,-0.8097702932603866
-0.8284738056391123,-0.5479624615994625,-0.1156213390672492
-0.9974624862393131,-0.03469157362927758,-0.06216979382636376
-0.7563140121973947,0.6510592313840118,-0.06411701945301941
-0.8823664849038918,0.4661742100616916,-0.0641170195167238
-0.6465371359908451,0.7600390598162936,-0.0658054658696381
-0.06858576951915311,-0.6473386663371244,-0.7591104289129078
-0.1221342918025631,-0.5490096789285999,-0.8268443548870622
-0.1367477843076138,-0.7196576059643677,-0.6807297361395294
-0.1371331721891751,-0.7678128410698694,-0.6258258017799758
-0.06059946695380856,-0.5270274861995793,-0.8476849257802492
-0.1917451606163267,-0.5650211921935847,-0.8024866639093509
-0.1898656561283532,-0.509388318302777,-0.8393298361190425
-0.2536943012685107,-0.4670973633919208,-0.8470296657238152
-0.7583052516645601,-0.6488527374533424,-0.06295451053937332
-0.7336043974777311,-0.6680432300605432,-0.1246708898324352
-0.4663886044164944,0.8824503041649984,-0.06134435874256581
-0.06777146579481519,-0.1850730319033619,-0.9803851290621045
-0.06391841778145976,0.5314606481648487,-0.8446679911779027
-0.06197862155443472,-0.04184227714478555,-0.9972000172049492
-0.2129568580562074,-0.047943206900676,-0.9758846374028578
-0.1745275689319488,0.01136410281005397,-0.984586707634237
-0.1182569680507642,-0.07490141778408259,-0.9901540623162512
-0.942813333568998,-0.3272838220417532,-0.06315313035990812
-0.9308051702270809,-0.3223591405150446,-0.1722971839727418
-0.9165177555311126,-0.3947423474027121,-0.06460404757604941
-0.8952487199672757,-0.4284163265450693,-0.1224303089377092
-0.9231535585819342,-0.3645899932771108,-0.12190834294546
-0.06628129449355126,0.8435737155089167,-0.5329072869671988
-0.06334192403198909,0.3311801367388288,-0.9414390674332441
-0.1748027716310545,0.3272949860708486,-0.9286129350396669
-0.1458508652401831,0.2636256582328493,-0.9535350216064363
-0.127304984047402,0.2146669509035727,-0.9683550698098574
-0.186907154911462,-0.9807533515742397,-0.0564675023247757
-0.0648421111800125,0.9806743941805393,-0.1845893637682063
-0.1201114205252259,0.9818580222813811,-0.146724472195702
-0.8476304998597993,-0.5266610387133194,-0.06442581787477904
-0.05972031753479482,-0.9801832157428187,-0.1888765397014947
-0.06527409813360975,0.91419237281258,-0.3999894968672909
-0.1464315560287245,0.8887692380569273,-0.4343351711325199
-0.07016024658408276,0.9426482492791993,-0.3263308412181127
-0.1363026287468292,0.948713373743089,-0.2852446807176428
-0.2583098032576095,0.9640253071475282,-0.0626997027116471
-0.2224216923257229,0.9664815038090335,-0.128226727237307
-0.3288634936377778,-0.9421980369121703,-0.06412224100269606
-0.3564777929560531,-0.9251232946057247,-0.1306540198655632
-0.0641222411302195,-0.9421980368310167,-0.3288634938454194
-0.1225001241899286,-0.9233893745228188,-0.3637935988878993
-0.06499481293710303,0.6488589420885426,-0.7581277910504326
-0.06748509838978413,-0.7552844119659204,-0.651913505410507
-0.9642350102450987,0.2583659914556992,-0.05914270434083949
-0.9437269488670427,0.3213051180185546,-0.07837389308427083
-0.9916504088458564,0.1115744177818925,-0.06465768270265601
-0.9894070751876729,0.07109396494987076,-0.1265673248365517
-0.0633295670300862,0.1095877415057893,-0.9919576063781365
-0.2017295146042908,0.07889854537804114,-0.9762582765204844
-0.1599873249970686,0.1409423785029025,-0.9770052721363519
-0.8936657455655088,0.4292106800191077,-0.1309187815417574
-0.7909098138133533,0.580687656431015,-0.1930375924072359
-0.7569250343255649,0.6029694277727439,-0.2519769068439651
-0.6665000362935198,0.6887233557747371,-0.2853731606705883
-0.6537795725426383,0.6664310880307297,-0.3583878840476377
-0.6069478765793765,0.6957881303191334,-0.3840483730245325
-0.7163642642477918,0.4919283755678368,-0.4948016918118907
-0.7521630025927121,0.4320000439610514,-0.4976211204805976
-0.6671118374993568,0.5025485298312149,-0.5499152402259064
-0.6577122537829575,0.4556042059116802,-0.5998661507197499
-0.5792731758455776,-0.7587947126444573,-0.2977804087051297
-0.5330056346108607,-0.7672801353413367,-0.3566317251502645
-0.9683045524105367,-0.01087315867717198,-0.249535705263618
-0.5589412200645203,0.8118184737554553,-0.1689244747872511
-0.3373933017413007,0.8700088622736921,-0.3595140324178451
-0.9037694705367108,-0.09171506366975335,-0.418077853063095
-0.8697319270192596,-0.09679813932428513,-0.4839385243465553
-0.2372442443344942,-0.8708242461206603,-0.4305581272006586
-0.6085455950609711,-0.4731716460319734,-0.6370093030115664
-0.4008169441634772,0.6692599404485572,-0.6256491903473109
-0.461218661539383,0.6703798078267853,-0.5812643628384099
-0.5146863802001613,0.6212716086514866,-0.5908633668793903
-0.3972320555586979,0.6182987772494205,-0.6781690910742565
-0.4083214944545243,-0.847172760199496,-0.3399586321045417
-0.4179295977296754,-0.2540816514338249,-0.8722255245899263
-0.4406348351196903,-0.7276219756991221,-0.5257444270353699
-0.4274472618640245,0.2792620407115532,-0.8598264655978943
-0.4501623152111242,0.3418515498407809,-0.8249190310783334
-0.2071295263425407,0.5652353305020251,-0.798502586388661
-0.3252431909582587,-0.08971164648270352,-0.9413653314312419
-0.9701306482399544,0.1896385381285608,-0.1512737591322041
-0.4547158676318831,0.8257835148139057,-0.3336391259810155
-0.9739260092735944,0.05708019994907043,-0.2195677099078659
-0.3836934395521251,-0.04693507141139647,-0.9222670131346273
-0.9113661837207158,0.1058491660100795,-0.3977532315711707
-0.8603036577561909,-0.3431225227988253,-0.3770206238383892
-0.4341545471565365,-0.3893933411736357,-0.8123316164184029
-0.9237132690417651,0.308885632647826,-0.2265909586455911
-0.9359616794502479,0.3157231496045163,-0.1558673391204059
-0.3765205761633141,-0.9038225208176595,-0.2033152886244848
-0.2119450021989317,-0.9310303921244567,-0.2970887493384342
-0.1378151949856035,-0.946616724871329,-0.2914167946858225
-0.2628162207981338,0.2112188328702173,-0.9414426369813138
-0.4441253816056474,-0.5147838356094429,-0.7333145627961224
-0.4472578941328468,-0.5728394080030159,-0.6868881923389027
-0.504707370493654,-0.5793606797670111,-0.6400091193954102
-0.8702417614947277,0.3688952014367952,-0.3264898266523166
-0.7374128052040658,-0.2934152399585531,-0.6083829810909698
-0.7460457519949043,-0.35220248411606,-0.565127548534695
-0.7877631281302329,-0.103166771559125,-0.607277425238694
-0.7387514968663719,-0.1053248254727574,-0.6656973088550293
-0.3266354049880352,-0.7130008696234212,-0.6204345832757451
-0.3187235817220274,0.4966259644948363,-0.8073276471444886
-0.3855129435281226,0.3400039392400774,-0.8577744993140751
-0.6903472259682184,0.02262003361235304,-0.723124499431019
-0.6297418424507826,0.1533018376240753,-0.7615272539100457
-0.6902713278502406,0.1566067090713325,-0.7063992020251103
-0.5939206385972532,0.2179696593792032,-0.7744336657444233
-0.9146196082067253,0.1725757950242645,-0.3656344721925426
-0.6166580511041205,-0.2316556675785333,-0.7523752386191426
-0.6077126426399788,-0.6321145994626435,-0.4807457510178486
-0.6596346759993552,-0.5779194826876902,-0.4805113586058276
-0.3781962607833511,-0.7674122824125283,-0.5177315686066336
-0.8186045395358836,0.2099704265309115,-0.5346017469422178
-0.5156286861124076,0.03035149513046213,-0.856274398076538
-0.6927729541126273,0.2347662121116495,-0.6818727591719819
-0.2422943235732387,-0.33473671215595,-0.9106287906162485
-0.1862357776321645,-0.3828105239879083,-0.904860396886639
-0.2316672055657056,-0.2654861839400015,-0.9358671871597769
-0.9430038467011824,-0.2058010268894735,-0.2615142107764149
-0.4799927287661728,0.09020801150860114,-0.8726221948766072
-0.4132909332397734,0.08900055248835054,-0.9062392102301497
-0.6323295341512036,0.3373515994906468,-0.6973903200942954
-0.3425418919006816,0.8009446044459217,-0.491073103419509
-0.2563165311386192,0.9482189705967492,-0.1875703059268881
-0.3235349545200621,0.9345578849008608,-0.1480766456039938
-0.382543783300582,0.9078750346513201,-0.1715318492727851
-0.8602802134918036,-0.2831624358827754,-0.4239539941779411
-0.2661461073075462,-0.5892964033643747,-0.7628210789869747
-0.6962875733193631,-0.6191044057218589,-0.3631712406796777
-0.6019714031947087,-0.4142707438265336,-0.6826493833185554
-0.5192253756302699,-0.8032046378174376,-0.2920056833182602
-0.9593445152646088,0.2549959041225282,-0.1209759889913986
-0.7145985059095029,0.08036568209380958,-0.6949031101481005
-0.5027188358978723,-0.5230304757951029,-0.6882680389376193
-0.5534535458987321,-0.4707480081892315,-0.6870847730214892
-0.1778568191604848,-0.3155900214289727,-0.9320782640168019
-0.450004919171162,0.02827227101917361,-0.8925784287182693
-0.7830071006877927,-0.2911894893775713,-0.5496440316682483
-0.1907680991305324,0.206353376556904,-0.9597008994148583
-0.341471042836308,0.8373748761183665,-0.4268499077545113
-0.4573057278717328,0.6210848393440878,-0.6364943782883187
-0.1315949385953905,0.05597385601794722,-0.9897220314707345
-0.3975237584702296,0.9153854081769697,-0.06359572272083407
-0.1251549626933243,0.8608174460445015,-0.4932844614405102
-0.4683140996925397,-0.8808888554717439,-0.06867844155808331
-0.703598618133858,-0.5729996281125407,-0.4202623118280003
-0.1260914641729919,0.553789769951151,-0.8230539674651731
-0.1365040857727512,0.613611796948269,-0.777719227750775
-0.3222804975565443,-0.7602056390286765,-0.56411228251449
-0.8277551376989676,-0.3452403214509051,-0.4423014271483182
-0.7904435964216638,-0.3474534110900783,-0.5044551991979616
-0.7822143622709231,-0.5462636650151375,-0.2995608448067316
-0.4570465522638336,-0.8422990353463049,-0.2857285147100773
-0.1676412551376527,-0.8954513767003651,-0.4123872470643258
-0.3994886118011733,0.833852000852757,-0.3809195318108868
-0.4573818085977898,0.7956420721683234,-0.3971845593165869
-0.8539074107910112,-0.03750942915193486,-0.5190714560837336
-0.863211209467663,-0.4554548379110505,-0.2177780945659899
-0.4080957132914653,0.3978654199315438,-0.8216818097145795
-0.8548027435006235,0.2224551708571361,-0.4688560191175215
-0.4500864802777573,0.5701477728854006,-0.6872799119318107
-0.8465624450928388,0.08460187289269737,-0.5255231200066103
-0.2027663341399519,0.6909884043683907,-0.6938449673867143
-0.4982774568621773,-0.4637783369791095,-0.732549814095842
-0.2001442617963184,-0.7779444344465112,-0.5956045092036365
-0.4244027970887309,-0.895919442456498,-0.1311892467075677
-0.1171536318638039,0.9907626776578846,-0.06829599623183662
-0.4397184953400168,-0.8715196154554253,-0.2170281196811584
-0.2866757474292564,-0.9498656351873829,-0.1247889855954717
-0.2650183790441011,-0.7484581598218957,-0.6079273326351258
-0.1440369547920703,-0.8048716321896274,-0.5757039268153659
-0.7894388384543898,-0.4058588825721323,-0.4605050355610499
-0.1249181743066786,0.9681630191944073,-0.2169235302871872
-0.06243259405069485,-0.4046384580871588,-0.9123430766093135
-0.1230580787059259,-0.4302852135052479,-0.8942658130019001
-0.1904458921646836,-0.4482072647134823,-0.8734074707807667
-0.487947574031029,0.4580377402737457,-0.7430401022032084
-0.04791125807534562,0.3994327856759016,-0.9155096728472217
-0.6479944558474623,0.217872437682063,-0.7298183240296361
-0.5015703819812464,0.5160723585032301,-0.6943316734155948
-0.7077530779280109,0.4481121529836143,-0.5461511503529191
-0.1233863069562211,-0.9686506076814059,-0.215619617600413
-0.5146984562070398,0.7822877251044926,-0.3508723618766914
-0.4905272682278494,-0.4022533299423794,-0.7730299202975204
-0.5014067463990409,-0.08122903653538269,-0.8613902241661798
-0.7034329495432046,0.3639395476208859,-0.6105162497218666
-0.1137252316883477,-0.2952788676008534,-0.9486184491278826
-0.7498172643707598,-0.4626838679913704,-0.4729669209914097
-0.76265878106223,-0.04478738098690496,-0.6452485367461188
-0.0483246248015285,-0.8473176628971498,-0.5288832657404688
-0.8330939707354532,0.01989858758361021,-0.5527734455782161
-0.881837014745002,0.09590376702187615,-0.4616989786610284
-0.919691991636015,0.3720932768148776,-0.1253524386270435
-0.4279375866611237,0.4552598600586263,-0.7807738992448794
-0.627010156205415,0.6503054950102979,-0.4289067814510192
-0.7971139403486452,0.4664323111906062,-0.3834713355379327
-0.284286674400036,0.4505375500038512,-0.8462842328645236
-0.9815647172936895,-0.1857209029359584,-0.04514921900555299
-0.4784380000138302,-0.3430900950927213,-0.8083231202879414
-0.89694338145854,0.3564361957215477,-0.2616214991877973
-0.8415521100377518,0.4410288351380879,-0.3119032104159065
-0.5649624986151699,0.7384691668284663,-0.3680769821683705
-0.7085063970026154,-0.6808267850677182,-0.1857244575728445
-0.5897218428611926,0.8053138241076212,-0.06080947914230353
-0.2178049434374422,-0.96908648198326,-0.1158982185002046
-0.7456741201353717,-0.517497309872059,-0.4197220995319659
-0.7811322084218687,-0.6131869862706176,-0.1176188455747269
-0.9938798030040831,0.001178537909323609,-0.1104606184527366
-0.8875397604705848,0.165840999760567,-0.429848736629797
-0.07431741712396726,0.1776662971660702,-0.9812805961412464
-0.113854811971725,0.4909983448381994,-0.8636884317605693
-0.3640871992805298,0.4509237506487321,-0.8149283909773545
-0.7414070760771109,-0.5665529028076266,-0.3596294702371335
-0.1273287860413112,-0.4868964175547815,-0.8641291910458562
-0.983643512478386,0.1310306157363085,-0.1235978078241969
-0.1814582377071655,0.967349059471117,-0.1769426605105596
-0.9543472759475354,-0.2577304470388796,-0.1509844149594845
-0.1506852846448055,-0.9829640917566626,-0.1052403882001269
-0.4733725623579313,-0.2658721173722056,-0.839779991670858
-0.6543183341301304,-0.7539569348975016,-0.05845047425928591
-0.7496149936560761,0.6362126658753784,-0.1825124792055187
-0.6845979268169193,-0.7183676621102558,-0.1235863286622811
-0.8126157689442629,-0.04102202554155892,-0.5813542856843767
-0.1141805283034742,-0.01112171770080914,-0.9933977624052326
-0.04680732150266564,-0.8831463477157253,-0.4667564709461685
-0.1237160766748005,-0.3681659647348164,-0.9214923519938062
-0.5579821932814272,0.7119042898173484,-0.4264365769027147
-0.1647601998919538,-0.04636146695953752,-0.9852434678357037
-0.5778980674573077,-0.8057745293174989,-0.1294651749787256
-0.05290148058790745,-0.2634317801595967,-0.9632264170762517
-0.7399988299414988,0.01826843666337304,-0.6723600195632463
-0.3703186312821009,0.9216723612463897,-0.1156899729443129
-0.09655174514344171,0.4355010781216332,-0.8949952913086476
-0.8654288260316089,-0.4875849507469563,-0.1152990150809594
-0.4821650214139079,-0.02161061757319091,-0.8758138348604861
-0.6588723876079254,0.2828123496704009,-0.6970683981660182
-0.531017800117621,-0.8461579050086556,-0.04513198145002416
-0.2416664072730648,0.5038432543143898,-0.8293005020362729
-0.05374486311878795,0.997112982289684,-0.05363944665742633
-0.1075473169920322,-0.9830394275948083,-0.1485498515714063
-0.1215181776821301,0.3167809553149016,-0.9406822836870016
-0.8129073147240252,-0.4961788905265074,-0.304939676434633
-0.9421392415211106,-0.3129931765310745,-0.1200371652073386
-0.779629396160332,0.3775554347937037,-0.4996297612236619
-0.55843296874627,0.8221943234576576,-0.1102230188809579
-0.05041289960745193,-0.9903646241486208,-0.1289823661906148
-0.276387332149347,0.9539931921939666,-0.1162197568184173
-0.1163181378229282,-0.1277636337815671,-0.9849601741676339
-0.2607905517714316,-0.08807812647498137,-0.9613690923591259
-0.1189570856241607,-0.9916722928025021,-0.04934851028789591
-0.7420763684863965,0.6598797403306496,-0.1178193177505137
-0.6958074959649646,0.4142234849511883,-0.5867459697977128
-0.737177071243126,0.1263858057616347,-0.6637745051863543
-0.1181153207905105,-0.9047789729380821,-0.4091745118206461
-0.04500985822006805,-0.9979691196622463,-0.04507492499794615
-0.6817220610415243,0.6215172253236206,-0.3859680946857186
-0.8759426057216487,-0.4537167020931122,-0.1639076133781417
-0.1781117780184472,0.8559893529936322,-0.485343612395023
-0.1713957558084392,0.9783389360850464,-0.1160879883141806
-0.04359381849401979,0.8049436023728912,-0.5917477300235832
-0.4189078104034176,-0.01287372422527589,-0.9079375053425129
-0.3359434851054217,-0.02930670896824459,-0.9414260946163931
-0.1759163336048542,-0.9223916660616044,-0.3438706994658363
-0.9165112101445768,0.3945396562610161,0.06592163011305709
-0.8650556829311161,0.1591931912805981,0.4757480354961847
-0.06474833456032819,0.2582759463636385,0.9638989514993939
-0.06474833417212482,-0.3295860116698829,0.9419027094840924
-0.07015602858754962,-0.1199253774324558,0.9903009822778659
-0.06474833459052841,0.5925741296499148,0.8029094307812052
-0.7994667436577557,-0.5974456584885849,0.06254287280262527
-0.756381215608046,0.6509186661170923,0.06474833415339633
-0.06668539289090301,-0.5893485492657985,0.8051219447097965
-0.06474833424824727,-0.7056230044317756,0.7056230075817763
-0.06474833424824258,0.7056230075817743,0.705623004431778
-0.6488558941171718,-0.7579241849707856,0.0673569484595008
-0.9146389640775076,-0.3990529019617193,0.06474833455120237
-0.5310713383977061,0.8449805186703877,0.06301711354855853
-0.06474833418680977,0.8449474552317764,0.5309156723222421
-0.0647483345310612,-0.8822601872231745,0.4662881246787045
-0.4646514026754913,-0.8828630599288483,0.068204775527592
-0.9805046802198375,-0.1855214953598609,0.06474833454564861
-0.3324908395401241,0.9401251077391954,0.07493079086910603
-0.9972037971796409,-0.03731273361685259,0.06474833434570572
-0.06532625715216141,0.9427216596878344,0.3271213115679019
-0.9638989519200825,0.2582759448890515,0.06474833417960905
-0.06245223341016267,-0.9641376631389668,0.2579501600290546
-0.25615831069461,-0.9644318679228289,0.06522340068538926
-0.06474833459051406,-0.8029094307812032,0.5925741296499192
-0.6508028007192395,0.7564339811950758,0.06529430809313849
-0.06474833453103644,0.4662881246787013,0.882260187223178
-0.8453129183748713,0.5296261902779155,0.07030055903233949
-0.0647483345273368,0.1117295329088186,0.9916270290043093
-0.06908333965197024,-0.4698881138359188,0.8800185524511703
-0.9916270290992126,0.1117295322812697,0.06474833415678079
-0.1881001275095416,0.9803666437554218,0.05915729745875709
-0.06474833416102967,0.9805046804449418,0.1855214943043909
-0.06324831281039368,-0.9914218836917829,0.1143778801328094
-0.08306660716215027,0.9930759676586901,0.08306660720966712
-0.06486137703361397,-0.7572794972742127,0.6498621121264256
-0.1286732807133424,-0.7282410994339603,0.6731330388011586
-0.1307601247291804,-0.6752473975858704,0.7259082186022683
-0.193390186744344,-0.6956982399369503,0.691812253880789
-0.1943799909466973,-0.6408516887755203,0.7426476500421486
-0.2576093523484538,-0.6592765778549367,0.7063935273447046
-0.2574854234855793,-0.6027524944401688,0.7552421380846054
-0.3195097693504293,-0.6195483932099378,0.7169890485639371
-0.3190616543329849,-0.5611743829752694,0.7637296462928649
-0.3800358429001735,-0.576036147831567,0.7237092748490402
-0.3787647962429506,-0.5163506041687744,0.7680620305037724
-0.4388658287794699,-0.5282802375556294,0.7268540258799402
-0.4395287697607732,-0.470019765928606,0.7654383581902593
-0.4974223353141837,-0.4774280667210035,0.7243158575080549
-0.4943839481025722,-0.4190789462741501,0.7615493080873105
-0.5496953259910071,-0.4281535489618508,0.7173002070925479
-0.5439455524595657,-0.3648223519470023,0.7556638720220225
-0.5994477150074659,-0.3746500533582345,0.7073187219994959
-0.3796151587556787,-0.6415963501403075,0.6665181578393322
-0.5523255134478231,-0.4875717396870412,0.6761732957261407
-0.5923584067077219,-0.3098602342738383,0.7437056899193735
-0.6466226546940678,-0.318746782189641,0.6930221001383333
-0.6379565396993412,-0.25288462864971,0.7273656701051688
-0.5819697784158582,-0.2432102048225205,0.7759896734369501
-0.6259289870098772,-0.1854586319404353,0.7575077551151349
-0.5681821488396359,-0.1752653378552122,0.8040218324687908
-0.6104005840501369,-0.117090021520172,0.7833907414896206
-0.551072704928246,-0.1064060074256475,0.8276452352710063
-0.5916846393928372,-0.04983740693132042,0.8046275662546803
-0.5312796124020054,-0.03710398372655643,0.8463836410503184
-0.5777650947289241,0.02812433727840669,0.8157184054350668
-0.6904223012408451,-0.2609708589614327,0.6746934538901557
-0.6972164746426122,-0.3260213736986479,0.6384350016866042
-0.7390733452757031,-0.2674236268088185,0.6182678983477946
-0.7438566284361487,-0.3316432836443809,0.5802499881475036
-0.7836373098759553,-0.2722068078256671,0.5584048892548635
-0.7862820116626928,-0.3355810390247049,0.5187927952302042
-0.821453266696822,-0.2760338925688427,0.4990188581470769
-0.5094205417185528,0.03355726266987782,0.8598631413180129
-0.5448025128245694,0.09104250330797733,0.8336075123290648
-0.4817970152857968,0.1019957769582018,0.8703266614004137
-0.5169379404186409,0.1600526141567257,0.840927063696568
-0.5083189940067899,-0.1638591982081394,0.8454359606111577
-0.5779470191043046,0.1499326677082375,0.8021829206997242
-0.5499934693587261,0.2175298572484567,0.8063423248647056
-0.486044673497071,0.2281014621738359,0.8436410956794861
-0.517649688086694,0.2849547952062778,0.8067462829866009
-0.5801037207141958,0.2736796821997405,0.7671890932257807
-0.5462230200954464,0.340322499010723,0.7653894492249719
-0.6071001290096607,0.3281877468297579,0.7236865593523623
-0.5716047081412106,0.3938946099511623,0.7198021213376793
-0.6311091482504018,0.3802571354629589,0.6760959650257923
-0.593652658547695,0.4453712166335666,0.6702395097228979
-0.6511651613999273,0.4310688899162917,0.624630726690052
-0.6122434408290586,0.4944641388521436,0.616979079508376
-0.6679870973204353,0.4788660114431439,0.5696319696944283
-0.6272729786735752,0.5408985409130146,0.5603189972365313
-0.5697939262575518,0.5550470996694082,0.6060178204876335
-0.5831475000190491,0.599947113368388,0.5477247980349911
-0.5241965703868963,0.6122760254955643,0.5918919024602136
-0.5358576879239608,0.6556811586431693,0.531919877888708
-0.5105111772303894,0.4041797346180043,0.7589578908259416
-0.6812031948606765,0.5238726831372255,0.5113898895893537
-0.4754690040705775,0.6662260456656446,0.5745190007692101
-0.4856682837693941,0.7077886622063694,0.512992717095096
-0.5448152646694067,0.6951237236168238,0.4690195478317359
-0.4931831229105494,0.7452670673102141,0.4487175120931102
-0.4424717274835098,0.04317497448654445,0.8957425366453493
-0.8234610213349983,-0.337708435691486,0.4559220972981358
-0.7844175665722938,-0.397157219087728,0.4763981786061987
-0.6501071607312349,-0.0723781278320893,0.7563875238113689
-0.8590695420617065,-0.2739693296287587,0.4323659657334957
-0.8198840031325126,-0.3981285366628535,0.4114412348101499
-0.7780544122881716,-0.4565906275978713,0.4314583761021331
-0.3768006055703801,-0.4500329461881538,0.8096243888291688
-0.4237457215696726,0.716620665833119,0.5539804913102037
-0.4120992587614269,0.6733328005774045,0.6138380410131583
-0.8171797067980101,-0.213339641296734,0.5354470321599506
-0.7200283677140824,0.4604362605109262,0.5191893678550328
-0.731274437100705,0.5038574296537989,0.4597449164762065
-0.5510537409114721,0.7302301364844171,0.4038610186653595
-0.4977829578558704,0.7786625601554354,0.3819643233083995
-0.7680759106577943,0.4392780608652729,0.4659336655680133
-0.777231011368552,0.4815859065453728,0.4049530461471914
-0.8113954347222045,0.4154742614705514,0.4111187013107829
-0.6631669364765873,0.3139006841899684,0.6794674199910747
-0.3612150971235401,0.7206713647129087,0.5917401775212373
-0.347798599658858,0.675715647097455,0.649957305015495
-0.8115377155943894,-0.4565962019268471,0.3645907905499229
-0.7672281715029083,-0.5135485399639851,0.384224973099307
-0.4536338311387028,0.2920964380694599,0.8419596297409734
-0.4142439774200885,0.112149044808385,0.9032300476178547
-0.3754767148636523,0.0529042790893391,0.9253206870319268
-0.3719304167975436,0.7613861185179293,0.5309980636396024
-0.8566456384282083,-0.3912419962251407,0.3362855193904348
-0.4797730913462006,-0.360968838810515,0.7996994924519452
-0.2493975209020304,-0.7146400300475001,0.6535216171035428
-0.3458211800782999,0.1220315952571711,0.9303311244757116
-0.7383257514647726,0.5449927183996846,0.397313505452937
-0.7315813816838861,-0.5121847137121778,0.4499505539646223
-0.7186567193520544,-0.5677065391509853,0.4015492561758188
-0.6809795108822071,-0.564830801620155,0.4660826871916218
-0.6660952754883492,-0.6187670081476481,0.4164666536472139
-0.6265320830747044,-0.6142341640522228,0.4797644636580942
-0.6098380933356546,-0.6664440963951768,0.4288936538312844
-0.7011375331713308,-0.6190957651159382,0.3537323751000636
-0.7981885489124947,-0.5116220925891615,0.3180218149115774
-0.8186586827393694,0.4563162132540507,0.3486738801472293
-0.8511377445715921,0.3892647246426988,0.3521895993842338
-0.554008494543736,0.7618679536402999,0.3356066286433046
-0.499442037462861,0.807788183582021,0.3131068534545436
-0.4418203270839782,0.8223616657279016,0.3584914075910854
-0.5685439099444793,-0.6601182273942384,0.490919289014938
-0.5502697242149079,-0.7102813515497498,0.4389802185214157
-0.589315300764838,-0.7143161229633427,0.3774386741698142
-0.528669833084071,-0.7564957921403208,0.3849965247386644
-0.4874555392636342,-0.7504477268641047,0.4463354192596617
-0.464468870201158,-0.7947666963824073,0.390659144185125
-0.4219556242933963,-0.7861507923655403,0.451575445291485
-0.3977279087892447,-0.8282563843975276,0.3947199922411698
-0.3540670577007986,-0.8173802153594346,0.4544514299571117
-0.3287867850045111,-0.8571818193543014,0.3964070869382222
-0.3714304727979846,-0.8656982757548521,0.3355680247463118
-0.5042589606434387,-0.7990467843084134,0.327486086875737
-0.3048084015086007,0.06286080218959329,0.9503369707203085
-0.3320966009380705,-0.006132362621275295,0.943225445889826
-0.4421615840118981,0.8492049834600609,0.2886936606347409
-0.3833022469475045,0.8614381739500463,0.3331721176008037
-0.3983103413794331,0.6262023823192627,0.6702383518778072
-0.3322598657202325,0.627173001635639,0.7044553979145279
-0.3017020556191454,-0.8920978611692508,0.3363588496419118
-0.8557300248281853,0.4291323766721544,0.2890874052933848
-0.8210388738459745,0.4951893489363182,0.2840469614936222
-0.8856870325470836,0.3606895764860355,0.2923380060687724
-0.2944599178472386,0.7219623851020504,0.6261498792455016
-0.3433461451489257,-0.898150152336836,0.2746629361029462
-0.2744881776637204,0.1314627634630128,0.9525616946662918
-0.7997193364096689,0.3708488881719768,0.4721441359522402
-0.2516834178164254,-0.5483770106053456,0.7974572787527789
-0.6919511222711298,-0.5078118484446555,0.5131576472848731
-0.7289050172438265,-0.2062975489634248,0.6527930737442458
-0.3152636000335737,0.190059462681883,0.9297775342193125
-0.2844882552433123,-0.8438590081166498,0.4549378056932618
-0.6055554772146444,0.7117013677149149,0.3560670262858716
-0.2612788667806389,0.003451817193565018,0.9652571878685428
-0.2883227367502827,-0.06555271730961808,0.9552867845449095
-0.3582718473163618,-0.07503653378984636,0.9305970137590851
-0.3135927126866619,-0.1342600552347049,0.9400180041457689
-0.6070636689684712,0.7409207407338058,0.2872458141888352
-0.3824561635588855,0.5754932601186726,0.7228656794410707
-0.3176361503335541,0.5739513559928178,0.7547762032253572
-0.2723864221306576,-0.9222733827431442,0.2742579889855115
-0.6568740808122518,0.688588263517194,0.307185034309021
-0.365838063012673,0.5209175154953368,0.7712376117003767
-0.2997274354639063,0.5183015005323993,0.8009538182542694
-0.377208295805851,-0.7730295855698326,0.5100383920931624
-0.383052776191899,0.8852309079890515,0.2638878742810257
-0.323492046214456,0.894899087311821,0.3074223797391045
-0.3232821738837348,0.868124447427107,0.3766279063324792
-0.2607909374191469,0.6202253369976453,0.7398030942799576
-0.2334356153015394,-0.9131153565172091,0.3342576239986786
-0.3470451813557841,0.4636905601545698,0.8151997954619912
-0.2766335635137562,0.4607229275745587,0.8433316403081343
-0.8775874354691289,0.3204308624086951,0.3566011154255374
-0.9107421894309947,0.2902441100099264,0.2937805660607657
-0.2610596954858572,0.9005846684841468,0.3475558808078652
-0.2600783710709507,0.8710002743974258,0.4167946291648797
-0.2624527552048014,0.9246689675182598,0.2758728906473487
-0.3237836119655546,0.4063116685836123,0.8544442641830654
-0.2545105263112605,0.4000653843072397,0.8804385726874225
-0.2430616806692898,0.1992441853405335,0.9493275377856724
-0.2428008851005458,-0.1244964891180967,0.9620542367203935
-0.2672918772564776,-0.1928415526519739,0.9441224432897907
-0.3372704322360421,-0.2021471572725787,0.9194483032481645
-0.2913672671383958,-0.2597652586031595,0.920666674786883
-0.1975359489330284,-0.1822750720031746,0.9632005746496239
-0.9152510199585505,0.330250396714183,0.2307601480649501
-0.937749678931321,0.2589362014236068,0.2314683202006647
-0.9306528510455934,0.2181610299713646,0.2937533588617193
-0.9550444670920833,0.1861851571938022,0.2307057717473014
-0.9453075520292709,0.1448438772873285,0.2922565367768537
-0.9670385634588189,0.1124045443808005,0.2284767716553449
-0.9546242513313251,0.07070310153552498,0.289298479434933
-0.9726918441809761,0.03709373699546475,0.2291170681977299
-0.9577544195351984,-0.003993045473698673,0.2875596067750829
-0.9363218957147796,0.02867764055425817,0.3499698566124259
-0.9381045566718872,-0.04582835925402814,0.3433068630824698
-0.9135800534950063,-0.01318719025144812,0.4064450563967211
-0.9551184891071671,-0.09545085669952215,0.2804243315423424
-0.9121636845890903,-0.08754631818338378,0.4003661507787445
-0.8855396430529067,-0.05493666454845734,0.4613041333762587
-0.6557719480638218,0.7155909667927718,0.2406090612948031
-0.7022402754630234,0.6639072150596997,0.2570715956874479
-0.6050329436185314,0.7660988438206637,0.2168587066108652
-0.2323969474009862,0.5177370874276385,0.8233710992867366
-0.5835647229853149,-0.6061241267381257,0.5404310844807293
-0.5239635299944037,-0.6502353762904695,0.5501419586399453
-0.4402419624981888,0.8710651441183941,0.2177901034430735
-0.8561367228269015,0.4658919933639776,0.2235499101913326
-0.8185917155554308,0.5311764983996863,0.2185386253545693
-0.359633762081679,-0.2687287499919784,0.893559408264905
-0.3141158700244868,-0.3267132555273528,0.8913975930310102
-0.241224950917519,-0.3166426416865566,0.9173592319918079
-0.2658116091732028,-0.3831400324027741,0.884617377174535
-0.3132260831153539,-0.925779798492023,0.2117101451520043
-0.241599114646821,-0.9463873987585282,0.2144312460275761
-0.3831311476604517,-0.8992194995407777,0.2112221942363497
-0.1908495086637045,-0.3712320228163636,0.9087151645474468
-0.2998486368990316,0.3415832672023058,0.8907365864929939
-0.2339815826244418,0.3302826693185034,0.9144211159746944
-0.1973658544168237,0.9004286716896984,0.3876531009929399
-0.1967846914964146,0.8677336726295405,0.4564143496621358
-0.1718802998643261,-0.3049830224615407,0.9367190179177386
-0.5091692361895361,0.5659439938888293,0.648424309152059
-0.7823414117233755,0.5573249118286833,0.278084264491586
-0.7000288757574616,-0.389026838854761,0.5988469685624335
-0.6531705564295021,0.6577153015412601,0.3752050190656622
-0.4310542070127855,0.5204645073473945,0.7370949512838985
-0.2574755574722674,0.8368427956728286,0.4831153823206518
-0.1931274840192785,0.8314441218965231,0.5209629997227282
-0.3523733738243795,-0.923982379490101,0.1486255960843729
-0.2125796192623501,-0.4354350662408439,0.8747606578728299
-0.2021023933294756,0.1399539872265574,0.9693129030761359
-0.3772686556387371,0.9066990274984332,0.1885874730885785
-0.3876485280980406,0.4094494338365408,0.8258812140945929
-0.1827232753407781,0.3930380229928253,0.9011843968526252
-0.8841916543108613,0.01827601734120547,0.4667666500909918
-0.853538645912151,-0.02208806707839783,0.5205611368774969
-0.6933665854813154,0.6950608175381922,0.1900874484576028
-0.4389211605282691,0.888176589783611,0.1359799992678064
-0.4989424054818052,0.8492985100773667,0.1724775834489661
-0.9181871925827289,0.1764444281112801,0.3546824539859985
-0.5374337383245705,-0.5944822984220837,0.5981268876862783
-0.5956525871353184,-0.5490437281173018,0.5863011001644604
-0.8817025383001884,-0.1292385261127029,0.4537598895045936
-0.9044979789094405,-0.1613724587187907,0.3947687116727838
-0.1339830562988652,0.8935765317333356,0.4284501401099529
-0.8493637464388107,0.04923271605481447,0.5255067705608498
-0.816468557793502,0.01015961797564657,0.5773005077922484
-0.8090195271419397,0.08271846278405322,0.5819321787095774
-0.7749680118900021,0.04289631786970913,0.6305430092075232
-0.7660343304773117,0.1170917286517733,0.6320450392270445
-0.7295205154186312,0.0754209742928583,0.6797878302971088
-0.7789868395417647,-0.03144135260753765,0.6262515031254946
-0.7177703134439276,0.1520655090631761,0.6794717492964392
-0.755042225962838,0.1915135257547559,0.6270835721545137
-0.6806171401973004,0.1077701889418255,0.7246695073239191
-0.6650995650619028,0.1842332291648182,0.7236716699069898
-0.3801928178395402,-0.3339217158606719,0.8625251932204037
-0.4230847843191559,-0.2771019734499632,0.8626782491681062
-0.4193769147903803,0.2372226540078473,0.8762696022151945
-0.7800730543260822,0.5882116683785816,0.2132910291073269
-0.1594673103200059,0.3319989276311044,0.929702580931719
-0.4780853567244225,-0.6378129994459533,0.603845153514904
-0.4614758254591287,-0.6908019514103818,0.5566261999263281
-0.1728205803743114,0.2070779380111133,0.9629391333766385
-0.2537936880780001,0.7983436309464731,0.5461100720724426
-0.1886749050403404,0.790566588266318,0.5825858303503207
-0.9391438128725595,0.2973218808061892,0.1720714907736345
-0.9734173165458677,0.1533585384492944,0.170117272883557
-0.9145685500735278,0.3685520353697557,0.1665345743118093
-0.1753582054178607,-0.112238193951203,0.9780859305864692
-0.2833728271223818,-0.4445426819116265,0.8497538730758967
-0.6876721970624641,0.03552283742159252,0.7251517616394534
-0.110261240642363,0.3871902519295173,0.9153830715185658
-0.4899168327356968,-0.5887391274214211,0.6429368062611498
-0.8117896876818331,0.5641149908819281,0.1509032141331464
-0.6366055342221677,0.06453887617183994,0.7684843051488979
-0.421471341563318,-0.8948846414646655,0.1467766558805382
-0.4508808476494014,-0.8675942350681208,0.2097300753337954
-0.3858700172497733,0.3017714486941792,0.8718017679155485
-0.4875762995260734,-0.8609710835067224,0.1449073687074648
-0.5160959016375757,-0.8310810520020675,0.207242141747364
-0.5513861533787476,-0.8220889279121469,0.1419264051064666
-0.5784112178074257,-0.7898843611915476,0.2037723216228137
-0.2860659488236053,0.2695741677711483,0.9195085866886417
-0.1257905252322719,-0.1644628933760374,0.9783295459425578
-0.3938754309850834,-0.9158914445189054,0.07749197844543378
-0.1421101238352292,-0.4194931410584269,0.8965657908421838
-0.1551937022417911,-0.4841510947920722,0.8611112774758697
-0.6127648924297646,-0.7778358695089896,0.1396085481291635
-0.6374565506834723,-0.7439543980669676,0.2004519882354516
-0.6024482282188947,-0.7534396383151578,0.2634100296713069
-0.6596758000447713,-0.7057214442099673,0.258428098351338
-0.6929671229701099,-0.6943269688513979,0.194181942538843
-0.7135322577088427,-0.6542293275961151,0.2507103989108889
-0.744647168795525,-0.6408347371248373,0.1866318132016881
-0.7253916652076192,-0.6761240332958592,0.1290861094272238
-0.762806838383016,-0.5985962107825129,0.2445573629088373
-0.7921497168255112,-0.5836631112558827,0.1784270122273126
-0.8085677764952297,-0.5400033745807893,0.2336974673695033
-0.8352352304335721,-0.5232638831614974,0.169047385136028
-0.8492893684114845,-0.4756463047799972,0.229059296804028
-0.873466952664877,-0.4588313186783122,0.1628781863917163
-0.884759927578188,-0.4131014195864185,0.2157477408630862
-0.8594503690946338,-0.4992697026610928,0.1098855180076145
-0.414582587583801,-0.6750687511295184,0.6102486864555732
-0.0978098388703087,-0.5358833681023487,0.838607328379288
-0.1897223207916475,-0.5903989748899979,0.7844963297825369
-0.7720155393170639,0.619466876055571,0.1423123203483621
-0.908741880243907,-0.3911679439751329,0.1455191901332463
-0.915804964379948,-0.3461473563235378,0.2036744336613414
-0.9360106229732749,-0.3219598432462317,0.1422180474413974
-0.941189148277962,-0.2763109713365607,0.1944613953535524
-0.9189324504716297,-0.2962077932507058,0.2604305947613549
-0.9424957550710615,-0.2265945819247728,0.2456758985235766
-0.9143996757302566,-0.2465069962016485,0.3211036185533293
-0.9624156735715029,-0.205934258663471,0.1770512704632112
-0.9384926715147267,-0.1725949387794039,0.299069377604738
-0.8915180771485144,-0.3139532045084861,0.3265408144417299
-0.3103686293981344,-0.5056686536423399,0.8049661648846284
-0.2065975960734781,0.2681159891818609,0.9409735647942997
-0.5880849216071159,-0.8052670164089003,0.07550600812028359
-0.934174303600281,0.3373787534328406,0.1161634504697272
-0.3423436933055684,-0.3859776825528617,0.8566341250645022
-0.8740622889799659,-0.1975841704593663,0.4438193445164223
-0.1316689892167931,0.9245838371209053,0.3575024551152218
-0.6705082938221985,-0.7297280351606816,0.1338492533269254
-0.06571748758895424,0.9147808242840879,0.3985690095166962
-0.1329022591923506,0.9498803729331541,0.2829562980708176
-0.4105620102609444,-0.3860062927922459,0.8260980436094006
-0.1991515903430827,0.9274995254643617,0.3163594068890715
-0.2024409725961155,0.948923727381583,0.2419946533016423
-0.2646687658890113,0.9417963182128823,0.2072924006408508
-0.2080221106721351,0.9632788295156007,0.1697665988307599
-0.2777424239493625,0.9510307541953351,0.1356453114316322
-0.138827369496512,0.9690692153065976,0.2040387645123692
-0.06794348458872501,0.882319459828175,0.4657210041542675
-0.07188160649894111,-0.3976683523792964,0.9147091975940042
-0.7992444384576088,0.596117999689236,0.07649613088964485
-0.8539373618587306,0.4984532859558088,0.1494500041539255
-0.8878494988474425,0.4523687170779138,0.08417726062083382
-0.06627993834361899,-0.6507237529465391,0.756416265771921
-0.06465768302214811,0.0371563057428785,0.9972155198199381
-0.232861635495615,0.07179256591766135,0.9698563224484674
-0.2201214206657098,-0.05583686084136566,0.973873094984912
-0.1442635455574283,-0.04475608631141544,0.9885266421100065
-0.1648598535772642,0.07898552923203159,0.9831492841122446
-0.06587076981077573,-0.8449299516178544,0.5308054432120926
-0.1287024964248598,-0.8194688129728287,0.5584859281834343
-0.06872900032330066,0.6497407626795799,0.7570424465161235
-0.1294914320452423,0.6741128875737457,0.727188960198007
-0.1289893294977376,0.7271246186522554,0.674278534305769
-0.1891583454581162,0.6951347980782339,0.693546489317249
-0.2860216641157284,0.6723442094210996,0.6827480294474572
-0.594127403085447,0.80186080250822,0.06349710468845352
-0.6142036943845623,0.776472590945536,0.1408692206079147
-0.7545239972718302,-0.65314403642157,0.06400316576449917
-0.9973828667008948,0.03501983544740174,0.06325368239669536
-0.9922562185454153,0.009504351276955073,0.1238437082162726
-0.9862378762897296,-0.07236063667444015,0.1486566165079563
-0.9733573068755784,-0.04000294072454753,0.2257771420788859
-0.9704146349856191,-0.103146424385493,0.2183031180313635
-0.983105302123543,0.07280196566716358,0.1679399855054607
-0.9911860576842737,-0.1109722148141739,0.0723558331549331
-0.9805025796883579,-0.1486796684929727,0.1284875379221475
-0.06151960714179349,-0.9806748760207126,0.1857205575020697
-0.1340302273994254,-0.9788445815132325,0.154593607194616
-0.1223835852141683,-0.9900603177357951,0.06930241925808042
-0.1987072905090453,-0.9739474337731354,0.1092785841108766
-0.06238328150362472,0.1817953861517524,0.9813555745817999
-0.06296335073629558,0.5285988650721696,0.8465334348438178
-0.1283695191527081,0.5562680446617785,0.8210280927231808
-0.1305308031735284,0.6158649587348709,0.7769633595127695
-0.1955721066783686,0.5776551507254415,0.7925062005623378
-0.7043087047408737,0.7070517992008349,0.06345866113537865
-0.4022781066226718,0.9131386958106439,0.0659548871981055
-0.4652491179020225,0.8828721268567951,0.06387539362500318
-0.9642350096749749,-0.2583659928806313,0.05914270741103023
-0.8825469332609392,-0.4664396743947635,0.05953940495351201
-0.06443688829464818,-0.9419217367725473,0.3295926716756474
-0.1307294573110975,-0.9500460072476231,0.2834120553258017
-0.1258204162173104,-0.924060966141778,0.3609439758688687
-0.06476397309521612,-0.9148456917461627,0.3985762010988703
-0.06167579457543512,0.7565124848162823,0.6510644796643286
-0.125393772413511,0.7752511470425038,0.6190816269678746
-0.06244745131465931,0.8028841570371414,0.5928552489462011
-0.2595766174795053,0.9636122854148881,0.06380707684414799
-0.06142908950867949,-0.258330251643083,0.964101627448142
-0.1533964680533074,-0.2350852839122034,0.959793953344513
-0.05934884151864497,0.3296968812375105,0.9422195505892742
-0.9440025135891392,0.3233844003681176,0.06543534164302987
-0.9806502888198221,0.1855490448952463,0.06242245570354892
-0.9589689310335994,0.2257676966698308,0.1714862573289042
-0.06331098653411446,-0.1833786880741572,0.981001516688062
-0.06872297043177004,-0.04015675477476957,0.9968272610542878
-0.674752083380004,0.7269643389638955,0.1274067339238025
-0.4120692364638536,-0.8692270854881152,0.2732091107813457
-0.4383420066675195,-0.8349350689662645,0.3327757740596384
-0.3823751979827147,0.8319250963354052,0.4021067545503387
-0.3206208598033282,0.8369987682803073,0.4434358196585191
-0.438669996042156,0.7915755868875436,0.4254135926554485
-0.4337199325566052,0.7550794958696085,0.4916726299280768
-0.2711598613909798,-0.9516526021315705,0.1443248226281094
-0.7401658093277932,-0.4535428196220955,0.4964408176926756
-0.2208941378796689,-0.248890644008555,0.9430054226648988
-0.7016416680679411,0.6346712449158625,0.3238693880375025
-0.6008742368018575,0.6781195154986577,0.4232068929585757
-0.6470479447449415,0.6230037055323054,0.4395399186585489
-0.5931604118092546,0.6410565075952108,0.4870393001926095
-0.7049768085044673,0.4140379547671583,0.5758300717078644
-0.6839137582365853,0.3670272343737035,0.6305180255335292
-0.7366931057130465,0.3391961371880912,0.5850036311951778
-0.4109794568246846,0.4660965149707035,0.783485752774262
-0.5269072218151185,-0.8465707496700697,0.0754105125438734
-0.7514626230847116,-0.5660136888608942,0.3390168581777726
-0.4007224023802333,-0.01589313127544555,0.9160616598291165
-0.426087799285518,-0.08499292069570295,0.9006805153502756
-0.3823472687159267,-0.1434283295996171,0.9128191936926691
-0.9100436615077953,0.06138555805686808,0.409941882968223
-0.9297821389802545,0.1029379050539632,0.3534246195957545
-0.9003436830985915,0.1325955872046263,0.4144872284622576
-0.8851732563693925,0.2051373767427879,0.4175966509342394
-0.8467117304318144,0.2307058872247617,0.4794309534740094
-0.8234582734222934,0.1934321506087022,0.5333858594331762
-0.8059555213785905,0.2629468310859011,0.5303721915610269
-0.8650262722880533,0.2759331043184898,0.4190351658185695
-0.9001135078363167,0.2477806338187251,0.3583300580679658
-0.8406960372619403,0.3447410692450338,0.4175928257380163
-0.8915901024984602,-0.3630920777763358,0.2706126977487358
-0.46210427920811,0.6214574267266313,0.6326533821168324
-0.6102160155101776,0.2061644956492106,0.7649396153609705
-0.6392753429063673,0.2573159827331604,0.7246485499757896
-0.6999796117235326,0.2405426539137961,0.6724342159791395
-0.7423785743180212,0.2677923750870241,0.6141345913061672
-0.6396782551338701,-0.5588264786614033,0.5277543904656631
-0.6467967489384457,-0.6678709850962519,0.3682421931680553
-0.7549492192688763,0.3948033426220749,0.5236239079527887
-0.4845456280951916,0.347813111543714,0.8026466057563043
-0.8526646520240994,-0.09470483732925775,0.513803449750058
-0.8183585997120643,-0.06390993210487768,0.5711433470291495
-0.7738364346497912,-0.1001418944067904,0.6254188783472391
-0.7362841381680787,-0.06970401268853925,0.6730728181238681
-0.8099118988619024,-0.1435837120548745,0.5687059290305054
-0.5354757774311443,-0.30077611438727,0.7891764193123155
-0.5247773166247726,-0.2330146514440069,0.8187264135036387
-0.775528823234287,-0.2114842007448351,0.5948356724072291
-0.66579964253523,-0.1291192552523631,0.7348734951833785
-0.4042715908028775,-0.2106660438324731,0.8900473576421006
-0.8883484064740519,0.39817750057878,0.2286739747934788
-0.7821871800540532,0.5205762499751557,0.3423208777169343
-0.6795295510787983,-0.1960233725542072,0.7069755488156018
-0.6033962177491827,-0.4364058050459143,0.667430129472897
-0.6518028869985538,-0.3824764065229949,0.6548776946526789
-0.2324594958186458,-0.4922865890966275,0.838818512551642
-0.5073396252359936,-0.7022261200379863,0.4994847154836642
-0.7358807182572242,0.002134797594850191,0.6771078282935892
-0.5534705538381818,0.5072586906407501,0.6605747246175016
-0.5338447344259977,0.4564648000010872,0.7117932887331853
-0.4434239883191524,-0.7401565174152693,0.5055131020169867
-0.1286008554915415,0.1478408225715056,0.9806145578912361
-0.8188454264209206,-0.5616538288459174,0.1184784544643525
-0.4518710926978389,0.1702385767558919,0.8756890672882639
-0.4980416263326986,0.8326022630212971,0.2423386268255547
-0.5541402684751018,0.7888964577527815,0.2656519184938363
-0.7443025428215105,-0.3938992971306987,0.5393116617220278
-0.308637486295131,-0.8020536242310424,0.5113246384746901
-0.3311326042044233,-0.7561773030115665,0.5643997562392725
-0.260714034003616,-0.7825950258069136,0.5653080735809791
-0.2078188392665448,0.4550668561290536,0.865866898835338
-0.1335401187782814,0.4490262350887366,0.883483150308322
-0.2583432979021846,-0.8813358696533077,0.3956081714164545
-0.2025974545813078,-0.8653236163396599,0.4584422650694718
-0.3096335294440295,-0.6831651169878137,0.6613716809593985
-0.1892855234901674,-0.7462267848052795,0.6382135819897821
-0.1256611978274065,0.8191148926035479,0.5596963963397118
-0.2022934482890079,-0.9403171443744458,0.2736439817990344
-0.1719235215451614,-0.9603572172574909,0.2194454784245029
-0.8573577328398027,-0.3351513612630433,0.3906549410711739
-0.1300162387793239,-0.6202425363924782,0.773559935430412
-0.8373809730541101,-0.4577993548429559,0.298685213347305
-0.8934727802158172,-0.2267209774277515,0.3876905846259655
-0.2387100083245279,-0.8221124587200376,0.5168642347299708
-0.1908998530728951,0.6403749698649865,0.7439604452302317
-0.1887744557045276,0.7457042257219844,0.6389752832573691
-0.4686583925847143,-0.02636200827442513,0.8829860449518163
-0.1364185644280226,0.9827687741008079,0.1247217380082265
-0.5535179157304865,0.8095390479008423,0.1956130028632445
-0.447301998976846,0.5724339690836681,0.6871974044991989
-0.3843034873075305,0.1797205643925674,0.9055447798853945
-0.6909100408244664,0.5650041698456851,0.4510139726714932
-0.638922386407031,0.5835038700595225,0.5012997284793844
-0.190967110363331,0.0118432183225603,0.9815249874247948
-0.3777220204972086,0.7995032407941469,0.4670338779908396
-0.4896003443144933,-0.09520095262041153,0.8667342623130204
-0.1677720923631545,0.5120555465422321,0.8424082396792099
-0.8893893104636271,0.4274869758072796,0.1619924070695296
-0.653224560960865,-0.4429898921427304,0.6140501839563743
-0.698576285120188,-0.449343058468953,0.5568500603155618
-0.129942644843232,-0.7761711814537475,0.6169872009465347
-0.191727740525767,-0.7931059472418228,0.5781206015724876
-0.3522537802774276,0.2455177225563237,0.9031269690309429
-0.4788034778020704,-0.8350390830812694,0.2710294437352427
-0.4477060799801814,-0.153104010598844,0.8809758384242603
-0.6492134098796611,-0.5008218868358775,0.5724503350497533
-0.3980196927753236,-0.7257532376014064,0.5611261554001146
-0.7424496870670805,0.5803342280756317,0.3346350936435909
-0.9427799983294949,-0.329892990417563,0.04833724881698489
-0.4932192305377952,0.5153606463554858,0.700812524728091
-0.1302249703837677,0.858236804671303,0.4964585019879693
-0.1277625041603686,-0.8939139613771925,0.4296447045939321
-0.1285499856053087,-0.8597928502321173,0.4941974867303628
-0.542453133313096,-0.7966469978932912,0.2666423801769163
-0.5668346423786512,-0.7572701493522112,0.3244077821192741
-0.1883756215518503,-0.9033783530286823,0.3852559882521484
-0.7847439537493545,0.3286419787057495,0.5255201013150692
-0.3395120028174693,0.9305477292432868,0.1371587530675067
-0.5526731636074398,0.8238972835218534,0.1254816338491601
-0.7053791080999618,-0.7060631271755423,0.06257135366280912
-0.06799056077319661,0.9650305014818583,0.2531667728107687
-0.6961416483325064,0.6035836623170181,0.3886818339476094
-0.3171275968371495,0.8010285872425436,0.5077236352037484
-0.322548482353645,-0.9433471453095007,0.077837265932046
-0.7736281119741785,-0.6215738887368865,0.1230668322651259
-0.3222548960554047,0.9159321163519867,0.2392073163665588
-0.1173417926929773,0.2130903344647329,0.9699605213849204
-0.4735369372778608,0.4628707955289217,0.7493419751221244
-0.9297445422330859,-0.127009234869555,0.3456063373921835
-0.7208627400572186,-0.13745017319565,0.6793116809577799
-0.1250516273356396,0.02226975013522102,0.9919002715644467
-0.8253450823177988,0.3030308762895939,0.4764218541471273
-0.466550116954111,-0.2223798737462492,0.8560830451087719
-0.602686485053988,-0.4940091091631729,0.6266769509061886
-0.1274022149876975,-0.3516022555140609,0.9274397713779874
-0.7267831315556769,0.6744835386914146,0.1298392687919597
-0.3093108395291511,0.7635586718778922,0.5668376832478952
-0.956979856060896,-0.2589235504711959,0.130950945414904
-0.8769439716101639,0.08969759924213667,0.4721478702131243
-0.3544015082510515,-0.7060928072789813,0.6130518073199582
-0.6258717119228551,-0.7119634138253799,0.3184222002135931
-0.7379882927968806,0.6436594484917033,0.2026716409912885
-0.6940116193023989,-0.03459033947779317,0.7191323805031125
-0.6292677079808473,0.1338384269375611,0.7655778387384331
-0.4495751185364722,0.4083384697671968,0.7944444013907461
-0.7429337765419326,0.6123095569286349,0.2704189530469353
-0.4326712107764442,-0.5884120374494872,0.6830570236442851
-0.8489487915744505,-0.1645585779179714,0.5022015767775876
-0.2457622121073424,0.7597879923845748,0.6019328382206133
-0.6815187513992619,-0.6632142778660935,0.309320243640385
-0.479454534919202,-0.2888310294735338,0.8286736301817925
-0.8382629547152912,0.1224091103563498,0.5313485000014179
-0.1685802296723576,-0.5382636397903848,0.8257438829584038
-0.6345054474512688,-0.002345558358440777,0.7729148306965343
-0.794786093468301,0.1584689919618776,0.5858349974318567
-0.5498848357426173,-0.5417188462810322,0.6357415819373956
-0.2636689096102502,0.5621855887618653,0.783853347185184
-0.420309632727265,0.3530308873270532,0.8358881535407384
-0.1268088500342386,0.2706824606717956,0.9542801061730544
-0.7814451038589871,0.2287465868673264,0.5805329867039131
-0.2873016217306933,-0.7393377887026417,0.6089642126982517
-0.9570397397193824,-0.1644983670792723,0.2387786083930251
-0.9296666813554164,-0.3544480356227473,0.1004313278851881
-0.4353735465427491,-0.3309621613371387,0.8372060216779611
-0.177675498193642,-0.8337626274133864,0.5227535733692958
-0.4988226037053232,-0.5328907873207456,0.6835228005131344
-0.7335740963556037,-0.6106227279186708,0.2983436429777255
-0.040500168059276,0.3995639266241599,0.9158102450441649
-0.1856952859803045,-0.9814231915441026,0.04822633994075084
-0.6503671189064406,0.7368422845206295,0.1846241002354661
-0.8418058887925494,-0.5364390765195322,0.05996634703779815
-0.1132364539380774,-0.2805982377937946,0.9531223082304531
-0.7686071749367351,0.291022789190052,0.5696917998425232
-0.4969700744741469,0.8606496701468596,0.1109183950175197
-0.3602136934716654,0.3515687310499777,0.8640865248245742
-0.8933980302628148,-0.4373598532607172,0.1027439452147253
-0.241828124137051,0.7106422891752235,0.6606865332456481
-0.2156778015402399,0.9702396564738776,0.1100822189466625
-0.9725810485878025,0.1998255444192094,0.1189783834375697
-0.1114497246884805,-0.9689424216496368,0.2207476894433991
-0.5932718054969467,0.09151888174628992,0.799783007500348
-0.1117900302618396,0.4995762780901907,0.8590265022125972
-0.1770904519850522,-0.9278258310049448,0.3282959017954896
-0.95454476444201,0.2728027474280655,0.1200956022177615
-0.7810273158913605,-0.555825102275468,0.2847012249921002
-0.2042055861287325,-0.9642195076383246,0.1690586279476073
-0.05471877615743365,-0.9970123267480051,0.05451858259677987
-0.7628097837114801,-0.1606289389716761,0.6263541951954008
-0.7064544616786522,0.3056411612782974,0.6383616327026396
-0.9914940815230983,0.06970869067520233,0.1099098937722018
-0.4345208243099069,-0.630929605191163,0.6427437176156311
-0.3868489009379412,0.9142343432460475,0.1205134576409421
-0.1309806727849234,0.9899563211247482,0.05320287230933434
-0.05485818456698197,0.9902076769927719,0.1283718661179041
-0.1167145879263941,-0.09279585073228515,0.9888208306119181
-0.8826286993605719,-0.2833639142446602,0.3750619564405461
-0.9844231129971007,0.1305754511750251,0.1177335387539851
-0.338258179397982,0.3019897922335435,0.8912819808888227
-0.9714478706128783,-0.2062122867925608,0.1173265846152831
-0.9174622634262088,-0.1942887415810914,0.3471525314378301
-0.8444273262028071,-0.2249417080157001,0.4861519502757934
-0.1080913207561954,0.07871582593995058,0.9910197198460649
-0.8678693582572145,-0.4176471219358047,0.2690235278501673
-0.1323040792195668,-0.5751008792972303,0.8073132039384809
-0.9837861426506961,0.003808972986732404,0.17930509544698
-0.3161689217424863,0.9305814324504685,0.1845410807994459
-0.4429101310112031,-0.4184642127407952,0.7929175988101572
-0.08799416117340653,0.4289124288705216,0.8990501409597679
-0.7000642196987005,-0.09370634316897773,0.7079048026024032
-0.8214010041614063,-0.5019366522251555,0.2708504892290886
-0.2336902259351245,-0.7602562472439023,0.6061347348807928
-0.04171443897236349,-0.5313079101957137,0.8461511745218372
-0.03927732529560937,0.9984561056330298,0.03927717965621921
-0.2346424431100562,0.6636966016860387,0.7102462564503581
-0.9727853494045965,-0.1425384082829068,0.1826785869990036
-0.9114768320361687,0.3942470872027615,0.1173849176574575
-0.1017146992683767,-0.2243378104977793,0.9691886641587417
-0.9461697313677835,-0.3087234322909882,0.0972249031775695
